Part,Color,Quantity,Notes,Location,IsUsed,IsStickered
2357,0,13,0 - Color Table,3-2 Box Corners | Square | A-shape,False,False
2420,0,32,,3-2 Box Corners | Square | A-shape,False,False
15397,0,4,,3-2 Box Corners | Square | A-shape,False,False
60477,0,3,,3-2 Box Slope Long 18-33deg,False,False
30363,0,1,,3-2 Box Slope Long 18-33deg,False,False
54200,0,103,,3-2 Box Cheese slopes 1x1 | 1x2,False,False
54200pr0006,0,1,,3-2 Bin drawer Printed Slopes,False,False
85984,0,25,,3-2 Box Cheese slopes 1x1 | 1x2,False,False
4286,0,20,,3-2 Box Slope Long 18-33deg,False,False
3298,0,10,,3-2 Box Slope Long 18-33deg,False,False
3298pr0024,0,1,,3-2 Bin drawer Printed Slopes,False,False
4161,0,2,,3-2 Box Slope Wide 33-55deg,False,False
3675,0,6,,3-2 Bin drawer Slope Doubl. 2x2|2x3|2x4|3x3,False,False
3297,0,6,,3-2 Box Slope Wide 33-55deg,False,False
30180,0,1,,3-2 Bin drawer Wedge slope Large,False,False
22388,0,2,,3-2 Bin drawer Slope multipl. | doubl. inv. cut,False,False
3049d,0,6,,3-2 Bin drawer Slope multipl. | doubl. inv. cut,False,False
15571,0,3,,3-2 Bin drawer Slope multipl. | doubl. inv. cut,False,False
15672,0,13,,3-2 Bin drawer Cutout 2x1,False,False
28192,0,1,,3-2 Bin drawer Slope corner | Cutout inv. 2x1,False,False
3040b,0,32,,3-2 Box Slope 45deg 2x1,False,False
3040a,0,1,,3-2 Box Slope 45deg 2x1,False,False
3039,0,11,,3-2 Box Slope 45deg 2x2,False,False
3045,0,2,,3-2 Bin drawer Slope Doubl. 2x2|2x3|2x4|3x3,False,False
3039pr9970,0,1,,3-2 Bin drawer Printed Slopes,False,False
3039pr0015,0,2,,3-2 Bin drawer Printed Slopes,False,False
3039pr0002,0,1,,3-2 Bin drawer Printed Slopes,False,False
3039pr0018,0,3,,3-2 Bin drawer Printed Slopes,False,False
3039pr0012,0,1,,3-2 Bin drawer Printed Slopes,False,False
3038,0,2,,3-2 Box Slope Wide 33-55deg,False,False
3037,0,10,,3-2 Box Slope Wide 33-55deg,False,False
3037pr0020,0,1,,3-2 Bin drawer Printed Slopes,False,False
30249,0,1,,3-2 Box Slope Tall 55-75deg,False,False
60481,0,5,,3-2 Box Slope Tall 55-75deg,False,False
3684b,0,1,,3-2 Box Slope Tall 55-75deg,False,False
4287c,0,1,,3-2 Box Slope Long 18-33deg,False,False
3747b,0,6,,3-2 Box Slope Long 18-33deg,False,False
3747a,0,2,,3-2 Box Slope Long 18-33deg,False,False
4287b,0,2,,3-2 Box Slope Long 18-33deg,False,False
3665,0,25,,3-2 Box Slope 45deg 2x1,False,False
3660,0,17,,3-2 Box Slope 45deg 2x2,False,False
4871,0,2,,3-2 Bin drawer Slope Inv. Doubl. | Wedge Slope Inv.,False,False
4854,0,1,,3-2 Bin drawer Slope Inv. Doubl. | Wedge Slope Inv.,False,False
52501,0,3,,3-2 Bin drawer Slope Inv. Doubl. | Wedge Slope Inv.,False,False
22889,0,1,,3-2 Bin drawer Slope Inv. Doubl. | Wedge Slope Inv.,False,False
30283,0,1,,3-2 Bin drawer Slope Inv. Doubl. | Wedge Slope Inv.,False,False
60219,0,3,,3-2 Bin drawer Slope Inv. Doubl. | Wedge Slope Inv.,False,False
2449,0,4,,3-2 Box Slope Tall 55-75deg,False,False
14719,0,2,,3-2 Bin drawer Tiles,False,False
27263,0,6,,3-2 Bin drawer Tiles,False,False
22385,0,2,,3-2 Bin drawer Tiles,False,False
47398,0,1,,3-2 Box Wedge L|R,False,False
26601,0,4,,3-2 Bin drawer Wedge corner 2x2,False,False
24299,0,4,,3-2 Box Wedge L|R,False,False
24307,0,5,,3-2 Box Wedge L|R,False,False
51739,0,6,,3-2 Bin drawer Wedge doubl. 2x4,False,False
43723,0,4,,3-2 Box Wedge L|R,False,False
43722,0,4,,3-2 Box Wedge L|R,False,False
2450,0,11,,3-2 Box Wedge Corner | Double,False,False
4859,0,2,,3-2 Bin drawer Wedge doubl. 72deg 3x4,False,False
2419,0,9,,3-2 Box Wedge Corner | Double,False,False
15706,0,9,,3-2 Box Corners | Square | A-shape,False,False
41770,0,3,,3-2 Box Wedge L|R,False,False
41769,0,2,,3-2 Box Wedge L|R,False,False
30503,0,7,,3-2 Box Wedge Corner | Double,False,False
43719,0,4,,3-2 Bin drawer Wedge doubl. 72deg 3x4,False,False
47407,0,1,,3-2 Box Corners | Square | A-shape,False,False
54384,0,2,,3-2 Box Wedge L|R,False,False
54383,0,2,,3-2 Box Wedge L|R,False,False
6106,0,2,,3-2 Box Wedge Corner | Double,False,False
50305,0,1,,3-2 Box Wedge L|R,False,False
13548,0,1,,3-2 Bin drawer Wedge brick sloped tripl./quad.,False,False
43710,0,1,,3-2 Bin drawer Wedge brick sloped tripl./quad.,False,False
43711,0,1,,3-2 Bin drawer Wedge brick sloped tripl./quad.,False,False
47757,0,3,,3-2 Bin drawer Wedge Sloped | Fractured | Triang. | Double slope,False,False
6153b,0,1,,3-2 Bin drawer Wedge slope Large,False,False
2357,1,5,,3-2 Box Corners | Square | A-shape,False,False
2420,1,9,,3-2 Box Corners | Square | A-shape,False,False
60477,1,1,,3-2 Box Slope Long 18-33deg,False,False
30363,1,1,,3-2 Box Slope Long 18-33deg,False,False
30363pr0006,1,1,,3-2 Bin drawer Printed Slopes,False,False
54200,1,13,,3-2 Box Cheese slopes 1x1 | 1x2,False,False
85984,1,5,,3-2 Box Cheese slopes 1x1 | 1x2,False,False
3300,1,2,,3-2 Bin drawer Slope Doubl. 2x2|2x3|2x4|3x3,False,False
3299,1,1,,3-2 Bin drawer Slope Doubl. 2x2|2x3|2x4|3x3,False,False
4286,1,4,,3-2 Box Slope Long 18-33deg,False,False
3298,1,6,,3-2 Box Slope Long 18-33deg,False,False
3297,1,2,,3-2 Box Slope Wide 33-55deg,False,False
3939pr0002,1,1,,3-2 Bin drawer Printed Slopes,False,False
3044a,1,2,,3-2 Bin drawer Slope multipl. | doubl. inv. cut,False,False
15672,1,5,,3-2 Bin drawer Cutout 2x1,False,False
3040b,1,7,,3-2 Box Slope 45deg 2x1,False,False
3039,1,17,,3-2 Box Slope 45deg 2x2,False,False
3039pr9994,1,1,,3-2 Bin drawer Printed Slopes,False,False
3039pr0026,1,1,,3-2 Bin drawer Printed Slopes,False,False
3037,1,2,,3-2 Box Slope Wide 33-55deg,False,False
60481,1,4,,3-2 Box Slope Tall 55-75deg,False,False
4460b,1,2,,3-2 Box Slope Tall 55-75deg,False,False
4460a,1,1,,3-2 Box Slope Tall 55-75deg,False,False
3684,1,1,,3-2 Box Slope Tall 55-75deg,False,False
3747b,1,2,,3-2 Box Slope Long 18-33deg,False,False
3747a,1,1,,3-2 Box Slope Long 18-33deg,False,False
4287a,1,4,,3-2 Box Slope Long 18-33deg,False,False
3665,1,26,,3-2 Box Slope 45deg 2x1,False,False
3660,1,7,,3-2 Box Slope 45deg 2x2,False,False
52501,1,3,,3-2 Bin drawer Slope Inv. Doubl. | Wedge Slope Inv.,False,False
22889,1,1,,3-2 Bin drawer Slope Inv. Doubl. | Wedge Slope Inv.,False,False
50373,1,2,,3-2 Bin drawer Wedge brick L|R | Corner | Doubl.,False,False
51739,1,1,,3-2 Bin drawer Wedge doubl. 2x4,False,False
2450,1,1,,3-2 Box Wedge Corner | Double,False,False
2419,1,1,,3-2 Box Wedge Corner | Double,False,False
41770,1,1,,3-2 Box Wedge L|R,False,False
41769,1,2,,3-2 Box Wedge L|R,False,False
3936,1,1,,3-2 Box Wedge Corner | Double,False,False
3935,1,1,,3-2 Box Wedge Corner | Double,False,False
43719,1,1,,3-2 Bin drawer Wedge doubl. 72deg 3x4,False,False
54384,1,1,,3-2 Box Wedge L|R,False,False
2625,1,1,,3-2 Box Wedge Corner | Double,False,False
85984,10,7,,3-2 Box Cheese slopes 1x1 | 1x2,False,False
54200,212,1,,3-2 Box Cheese slopes 1x1 | 1x2,False,False
35464,212,3,,3-2 Bin drawer Slope multipl. | doubl. inv. cut,False,False
2420,191,4,,3-2 Box Corners | Square | A-shape,False,False
54200,191,23,,3-2 Box Cheese slopes 1x1 | 1x2,False,False
85984,191,13,,3-2 Box Cheese slopes 1x1 | 1x2,False,False
4286,191,2,,3-2 Box Slope Long 18-33deg,False,False
22388,191,1,,3-2 Bin drawer Slope multipl. | doubl. inv. cut,False,False
3049d,191,1,,3-2 Bin drawer Slope multipl. | doubl. inv. cut,False,False
15672,191,4,,3-2 Bin drawer Cutout 2x1,False,False
3040b,191,1,,3-2 Box Slope 45deg 2x1,False,False
3039,191,7,,3-2 Box Slope 45deg 2x2,False,False
60481,191,2,,3-2 Box Slope Tall 55-75deg,False,False
3665,191,12,,3-2 Box Slope 45deg 2x1,False,False
3660,191,4,,3-2 Box Slope 45deg 2x2,False,False
24299,191,1,,3-2 Box Wedge L|R,False,False
24307,191,1,,3-2 Box Wedge L|R,False,False
54200,226,4,,3-2 Box Cheese slopes 1x1 | 1x2,False,False
85984,226,2,,3-2 Box Cheese slopes 1x1 | 1x2,False,False
15672,226,2,,3-2 Bin drawer Cutout 2x1,False,False
3665,226,1,,3-2 Box Slope 45deg 2x1,False,False
26601,226,10,,3-2 Bin drawer Wedge corner 2x2,False,False
54200,29,8,,3-2 Box Cheese slopes 1x1 | 1x2,False,False
15672,29,2,,3-2 Bin drawer Cutout 2x1,False,False
3040b,29,5,,3-2 Box Slope 45deg 2x1,False,False
2450,6,2,,3-2 Box Wedge Corner | Double,False,False
4859,6,1,,3-2 Bin drawer Wedge doubl. 72deg 3x4,False,False
30382,6,4,,3-2 Bin drawer Wedge slope Large,False,False
54200,1050,3,,3-2 Box Cheese slopes 1x1 | 1x2,False,False
54200,321,3,,3-2 Box Cheese slopes 1x1 | 1x2,False,False
85984,321,6,,3-2 Box Cheese slopes 1x1 | 1x2,False,False
3298,321,1,,3-2 Box Slope Long 18-33deg,False,False
3040b,321,8,,3-2 Box Slope 45deg 2x1,False,False
3665,321,4,,3-2 Box Slope 45deg 2x1,False,False
3660,321,3,,3-2 Box Slope 45deg 2x2,False,False
22889,321,1,,3-2 Bin drawer Slope Inv. Doubl. | Wedge Slope Inv.,False,False
24299,321,1,,3-2 Box Wedge L|R,False,False
43710,321,1,,3-2 Bin drawer Wedge brick sloped tripl./quad.,False,False
43711,321,1,,3-2 Bin drawer Wedge brick sloped tripl./quad.,False,False
2357,272,2,,3-2 Box Corners | Square | A-shape,False,False
2420,272,4,,3-2 Box Corners | Square | A-shape,False,False
54200,272,28,,3-2 Box Cheese slopes 1x1 | 1x2,False,False
85984,272,6,,3-2 Box Cheese slopes 1x1 | 1x2,False,False
4286,272,2,,3-2 Box Slope Long 18-33deg,False,False
3298,272,2,,3-2 Box Slope Long 18-33deg,False,False
3675,272,2,,3-2 Bin drawer Slope Doubl. 2x2|2x3|2x4|3x3,False,False
3297,272,2,,3-2 Box Slope Wide 33-55deg,False,False
15672,272,16,,3-2 Bin drawer Cutout 2x1,False,False
28192,272,5,,3-2 Bin drawer Slope corner | Cutout inv. 2x1,False,False
3040b,272,10,,3-2 Box Slope 45deg 2x1,False,False
3039,272,18,,3-2 Box Slope 45deg 2x2,False,False
3043,272,2,,3-2 Bin drawer Slope Doubl. 2x2|2x3|2x4|3x3,False,False
3045,272,4,,3-2 Bin drawer Slope Doubl. 2x2|2x3|2x4|3x3,False,False
4445,272,1,,3-2 Box Slope Wide 33-55deg,False,False
60481,272,2,,3-2 Box Slope Tall 55-75deg,False,False
4460a,272,4,,3-2 Box Slope Tall 55-75deg,False,False
98560,272,1,,3-2 Box Slope Tall 55-75deg,False,False
3747b,272,4,,3-2 Box Slope Long 18-33deg,False,False
3665,272,8,,3-2 Box Slope 45deg 2x1,False,False
3660,272,1,,3-2 Box Slope 45deg 2x2,False,False
4871,272,2,,3-2 Bin drawer Slope Inv. Doubl. | Wedge Slope Inv.,False,False
60219,272,1,,3-2 Bin drawer Slope Inv. Doubl. | Wedge Slope Inv.,False,False
35787,272,2,,3-2 Bin drawer Tiles,False,False
22385,272,2,,3-2 Bin drawer Tiles,False,False
51739,272,3,,3-2 Bin drawer Wedge doubl. 2x4,False,False
2450,272,4,,3-2 Box Wedge Corner | Double,False,False
41769,272,2,,3-2 Box Wedge L|R,False,False
43719,272,6,,3-2 Bin drawer Wedge doubl. 72deg 3x4,False,False
54383,272,1,,3-2 Box Wedge L|R,False,False
2357,72,9,,3-2 Box Corners | Square | A-shape,False,False
2420,72,11,,3-2 Box Corners | Square | A-shape,False,False
2639,72,4,,3-2 Box Corners | Square | A-shape,False,False
60477,72,8,,3-2 Box Slope Long 18-33deg,False,False
30363,72,7,,3-2 Box Slope Long 18-33deg,False,False
30363pr0008,72,1,,3-2 Bin drawer Printed Slopes,False,False
54200,72,75,,3-2 Box Cheese slopes 1x1 | 1x2,False,False
85984,72,38,,3-2 Box Cheese slopes 1x1 | 1x2,False,False
85984pr0143,72,3,,3-2 Bin drawer Printed Slopes,False,False
85984pr0006,72,4,,3-2 Bin drawer Printed Slopes,False,False
85984pr0002,72,3,,3-2 Bin drawer Printed Slopes,False,False
4286,72,8,,3-2 Box Slope Long 18-33deg,False,False
3044c,72,2,,3-2 Bin drawer Slope multipl. | doubl. inv. cut,False,False
15571,72,2,,3-2 Bin drawer Slope multipl. | doubl. inv. cut,False,False
15672,72,22,,3-2 Bin drawer Cutout 2x1,False,False
28192,72,8,,3-2 Bin drawer Slope corner | Cutout inv. 2x1,False,False
3040b,72,40,,3-2 Box Slope 45deg 2x1,False,False
3039,72,11,,3-2 Box Slope 45deg 2x2,False,False
3046a,72,7,,3-2 Bin drawer Slope Doubl. 2x2|2x3|2x4|3x3,False,False
3045,72,1,,3-2 Bin drawer Slope Doubl. 2x2|2x3|2x4|3x3,False,False
3039pr0030,72,2,,3-2 Bin drawer Printed Slopes,False,False
3037,72,2,,3-2 Box Slope Wide 33-55deg,False,False
60481,72,3,,3-2 Box Slope Tall 55-75deg,False,False
3678b,72,7,,3-2 Box Slope Tall 55-75deg,False,False
4460b,72,6,,3-2 Box Slope Tall 55-75deg,False,False
3688,72,2,,3-2 Bin drawer Slope corner | Cutout inv. 2x1,False,False
98560,72,3,,3-2 Box Slope Tall 55-75deg,False,False
4287c,72,4,,3-2 Box Slope Long 18-33deg,False,False
3747b,72,6,,3-2 Box Slope Long 18-33deg,False,False
3747a,72,2,,3-2 Box Slope Long 18-33deg,False,False
4287b,72,1,,3-2 Box Slope Long 18-33deg,False,False
3665,72,24,,3-2 Box Slope 45deg 2x1,False,False
3676,72,6,,3-2 Bin drawer Slope corner | Cutout inv. 2x1,False,False
3660,72,20,,3-2 Box Slope 45deg 2x2,False,False
4871,72,2,,3-2 Bin drawer Slope Inv. Doubl. | Wedge Slope Inv.,False,False
72454,72,2,,3-2 Bin drawer Slope Inv. Doubl. | Wedge Slope Inv.,False,False
52501,72,1,,3-2 Bin drawer Slope Inv. Doubl. | Wedge Slope Inv.,False,False
22889,72,3,,3-2 Bin drawer Slope Inv. Doubl. | Wedge Slope Inv.,False,False
60219,72,2,,3-2 Bin drawer Slope Inv. Doubl. | Wedge Slope Inv.,False,False
2449,72,11,,3-2 Box Slope Tall 55-75deg,False,False
14719,72,3,,3-2 Bin drawer Tiles,False,False
27263,72,2,,3-2 Bin drawer Tiles,False,False
64867,72,1,,3-2 Bin drawer Wedge Sloped | Fractured | Triang. | Double slope,False,False
26601,72,2,,3-2 Bin drawer Wedge corner 2x2,False,False
24299,72,2,,3-2 Box Wedge L|R,False,False
24307,72,2,,3-2 Box Wedge L|R,False,False
51739,72,1,,3-2 Bin drawer Wedge doubl. 2x4,False,False
43723,72,8,,3-2 Box Wedge L|R,False,False
43722,72,8,,3-2 Box Wedge L|R,False,False
2450,72,3,,3-2 Box Wedge Corner | Double,False,False
48183,72,4,,3-2 Bin drawer Wedge doubl. 72deg 3x4,False,False
2419,72,6,,3-2 Box Wedge Corner | Double,False,False
15706,72,1,,3-2 Box Corners | Square | A-shape,False,False
41770,72,3,,3-2 Box Wedge L|R,False,False
41769,72,4,,3-2 Box Wedge L|R,False,False
30503,72,12,,3-2 Box Wedge Corner | Double,False,False
43719,72,1,,3-2 Bin drawer Wedge doubl. 72deg 3x4,False,False
54384,72,1,,3-2 Box Wedge L|R,False,False
54383,72,1,,3-2 Box Wedge L|R,False,False
50305,72,1,,3-2 Box Wedge L|R,False,False
50304,72,3,,3-2 Box Wedge L|R,False,False
47759,72,4,,3-2 Bin drawer Wedge brick sloped tripl./quad.,False,False
48933pr0001,72,2,,3-2 Bin drawer Wedge Sloped | Fractured | Triang. | Double slope,False,False
60477,308,4,,3-2 Box Slope Long 18-33deg,False,False
54200,308,2,,3-2 Box Cheese slopes 1x1 | 1x2,False,False
85984,308,9,,3-2 Box Cheese slopes 1x1 | 1x2,False,False
3049d,308,1,,3-2 Bin drawer Slope multipl. | doubl. inv. cut,False,False
3040b,308,3,,3-2 Box Slope 45deg 2x1,False,False
60481,308,4,,3-2 Box Slope Tall 55-75deg,False,False
4460b,308,2,,3-2 Box Slope Tall 55-75deg,False,False
98560,308,2,,3-2 Box Slope Tall 55-75deg,False,False
3665,308,3,,3-2 Box Slope 45deg 2x1,False,False
2450,308,2,,3-2 Box Wedge Corner | Double,False,False
47759,308,2,,3-2 Bin drawer Wedge brick sloped tripl./quad.,False,False
30363,8,1,,3-2 Box Slope Long 18-33deg,False,False
3040b,8,4,,3-2 Box Slope 45deg 2x1,False,False
3039,8,2,,3-2 Box Slope 45deg 2x2,False,False
3665,8,2,,3-2 Box Slope 45deg 2x1,False,False
3660,8,3,,3-2 Box Slope 45deg 2x2,False,False
4859,8,1,,3-2 Bin drawer Wedge doubl. 72deg 3x4,False,False
2419,8,1,,3-2 Box Wedge Corner | Double,False,False
30503,8,4,,3-2 Box Wedge Corner | Double,False,False
3933,8,1,,3-2 Box Wedge L|R,False,False
3934,8,1,,3-2 Box Wedge L|R,False,False
6069pr0007,8,1,,3-2 Bin drawer Wedge Sloped | Fractured | Triang. | Double slope,False,False
54200,288,17,,3-2 Box Cheese slopes 1x1 | 1x2,False,False
15571,288,2,,3-2 Bin drawer Slope multipl. | doubl. inv. cut,False,False
3048c,288,1,,3-2 Bin drawer Slope multipl. | doubl. inv. cut,False,False
3040b,288,4,,3-2 Box Slope 45deg 2x1,False,False
60481,288,8,,3-2 Box Slope Tall 55-75deg,False,False
4287c,288,1,,3-2 Box Slope Long 18-33deg,False,False
2450,288,1,,3-2 Box Wedge Corner | Double,False,False
41770,288,2,,3-2 Box Wedge L|R,False,False
41769,288,1,,3-2 Box Wedge L|R,False,False
30503,288,1,,3-2 Box Wedge Corner | Double,False,False
54383,288,1,,3-2 Box Wedge L|R,False,False
43710,288,1,,3-2 Bin drawer Wedge brick sloped tripl./quad.,False,False
43711,288,1,,3-2 Bin drawer Wedge brick sloped tripl./quad.,False,False
48933,288,1,,3-2 Bin drawer Wedge Sloped | Fractured | Triang. | Double slope,False,False
3040b,484,10,,3-2 Box Slope 45deg 2x1,False,False
3039,484,2,,3-2 Box Slope 45deg 2x2,False,False
35464,484,1,,3-2 Bin drawer Slope multipl. | doubl. inv. cut,False,False
3660,484,4,,3-2 Box Slope 45deg 2x2,False,False
43723,484,1,,3-2 Box Wedge L|R,False,False
43722,484,1,,3-2 Box Wedge L|R,False,False
54200,5,18,,3-2 Box Cheese slopes 1x1 | 1x2,False,False
3665,5,4,,3-2 Box Slope 45deg 2x1,False,False
54200,85,34,,3-2 Box Cheese slopes 1x1 | 1x2,False,False
85984,85,13,,3-2 Box Cheese slopes 1x1 | 1x2,False,False
4286,85,4,,3-2 Box Slope Long 18-33deg,False,False
3298,85,1,,3-2 Box Slope Long 18-33deg,False,False
28192,85,10,,3-2 Bin drawer Slope corner | Cutout inv. 2x1,False,False
3040b,85,6,,3-2 Box Slope 45deg 2x1,False,False
3039,85,6,,3-2 Box Slope 45deg 2x2,False,False
3037,85,2,,3-2 Box Slope Wide 33-55deg,False,False
60481,85,5,,3-2 Box Slope Tall 55-75deg,False,False
4460b,85,1,,3-2 Box Slope Tall 55-75deg,False,False
3665,85,8,,3-2 Box Slope 45deg 2x1,False,False
3660,85,4,,3-2 Box Slope 45deg 2x2,False,False
2357,320,2,,3-2 Box Corners | Square | A-shape,False,False
54200,320,16,,3-2 Box Cheese slopes 1x1 | 1x2,False,False
85984,320,2,,3-2 Box Cheese slopes 1x1 | 1x2,False,False
3048c,320,5,,3-2 Bin drawer Slope multipl. | doubl. inv. cut,False,False
3040b,320,26,,3-2 Box Slope 45deg 2x1,False,False
3039,320,26,,3-2 Box Slope 45deg 2x2,False,False
3037,320,3,,3-2 Box Slope Wide 33-55deg,False,False
3678b,320,2,,3-2 Box Slope Tall 55-75deg,False,False
4460b,320,1,,3-2 Box Slope Tall 55-75deg,False,False
98560,320,1,,3-2 Box Slope Tall 55-75deg,False,False
3660,320,3,,3-2 Box Slope 45deg 2x2,False,False
50373,320,1,,3-2 Bin drawer Wedge brick L|R | Corner | Doubl.,False,False
51739,320,4,,3-2 Bin drawer Wedge doubl. 2x4,False,False
2450,320,11,,3-2 Box Wedge Corner | Double,False,False
2419,320,1,,3-2 Box Wedge Corner | Double,False,False
41770,320,5,,3-2 Box Wedge L|R,False,False
41769,320,7,,3-2 Box Wedge L|R,False,False
30503,320,2,,3-2 Box Wedge Corner | Double,False,False
68297,320,1,,3-2 Box Wedge Corner | Double,False,False
54383,320,1,,3-2 Box Wedge L|R,False,False
2357,28,5,,3-2 Box Corners | Square | A-shape,False,False
2420,28,8,,3-2 Box Corners | Square | A-shape,False,False
54200,28,8,,3-2 Box Cheese slopes 1x1 | 1x2,False,False
85984,28,9,,3-2 Box Cheese slopes 1x1 | 1x2,False,False
3298,28,1,,3-2 Box Slope Long 18-33deg,False,False
3675,28,2,,3-2 Bin drawer Slope Doubl. 2x2|2x3|2x4|3x3,False,False
15672,28,7,,3-2 Bin drawer Cutout 2x1,False,False
3040b,28,10,,3-2 Box Slope 45deg 2x1,False,False
3665,28,2,,3-2 Box Slope 45deg 2x1,False,False
26601,28,1,,3-2 Bin drawer Wedge corner 2x2,False,False
51739,28,7,,3-2 Bin drawer Wedge doubl. 2x4,False,False
43723,28,2,,3-2 Box Wedge L|R,False,False
43722,28,1,,3-2 Box Wedge L|R,False,False
2450,28,1,,3-2 Box Wedge Corner | Double,False,False
2419,28,7,,3-2 Box Wedge Corner | Double,False,False
54384,28,1,,3-2 Box Wedge L|R,False,False
6106,28,1,,3-2 Box Wedge Corner | Double,False,False
13548,28,2,,3-2 Bin drawer Wedge brick sloped tripl./quad.,False,False
43710,28,1,,3-2 Bin drawer Wedge brick sloped tripl./quad.,False,False
43711,28,2,,3-2 Bin drawer Wedge brick sloped tripl./quad.,False,False
47757,28,4,,3-2 Bin drawer Wedge Sloped | Fractured | Triang. | Double slope,False,False
54200,3,9,,3-2 Box Cheese slopes 1x1 | 1x2,False,False
3039,3,4,,3-2 Box Slope 45deg 2x2,False,False
22385,3,8,,3-2 Bin drawer Tiles,False,False
13548,3,2,,3-2 Bin drawer Wedge brick sloped tripl./quad.,False,False
22388,179,4,,3-2 Bin drawer Slope multipl. | doubl. inv. cut,False,False
22391,179,1,,3-2 Bin drawer Wedge Sloped | Fractured | Triang. | Double slope,False,False
2420,2,2,,3-2 Box Corners | Square | A-shape,False,False
54200,2,18,,3-2 Box Cheese slopes 1x1 | 1x2,False,False
85984,2,8,,3-2 Box Cheese slopes 1x1 | 1x2,False,False
4286,2,5,,3-2 Box Slope Long 18-33deg,False,False
3040b,2,25,,3-2 Box Slope 45deg 2x1,False,False
3039,2,6,,3-2 Box Slope 45deg 2x2,False,False
3037,2,4,,3-2 Box Slope Wide 33-55deg,False,False
4287c,2,1,,3-2 Box Slope Long 18-33deg,False,False
4287b,2,2,,3-2 Box Slope Long 18-33deg,False,False
3665,2,1,,3-2 Box Slope 45deg 2x1,False,False
3660,2,1,,3-2 Box Slope 45deg 2x2,False,False
26601,2,2,,3-2 Bin drawer Wedge corner 2x2,False,False
43723,2,1,,3-2 Box Wedge L|R,False,False
43722,2,2,,3-2 Box Wedge L|R,False,False
41770,2,6,,3-2 Box Wedge L|R,False,False
41769,2,2,,3-2 Box Wedge L|R,False,False
30503,2,2,,3-2 Box Wedge Corner | Double,False,False
30504,2,2,,3-2 Box Wedge Corner | Double,False,False
3039,31,2,,3-2 Box Slope 45deg 2x2,False,False
3665,31,4,,3-2 Box Slope 45deg 2x1,False,False
85984,323,2,,3-2 Box Cheese slopes 1x1 | 1x2,False,False
3039,323,1,,3-2 Box Slope 45deg 2x2,False,False
2357,71,6,,3-2 Box Corners | Square | A-shape,False,False
2420,71,12,,3-2 Box Corners | Square | A-shape,False,False
64799,71,3,,3-2 Box Corners | Square | A-shape,False,False
60477,71,2,,3-2 Box Slope Long 18-33deg,False,False
30363,71,4,,3-2 Box Slope Long 18-33deg,False,False
54200,71,80,,3-2 Box Cheese slopes 1x1 | 1x2,False,False
85984,71,25,,3-2 Box Cheese slopes 1x1 | 1x2,False,False
85984pr0034,71,1,,3-2 Bin drawer Printed Slopes,False,False
85984pr0021,71,2,,3-2 Bin drawer Printed Slopes,False,False
4286,71,8,,3-2 Box Slope Long 18-33deg,False,False
3298,71,4,,3-2 Box Slope Long 18-33deg,False,False
30180,71,2,,3-2 Bin drawer Wedge slope Large,False,False
22388,71,3,,3-2 Bin drawer Slope multipl. | doubl. inv. cut,False,False
3048c,71,1,,3-2 Bin drawer Slope multipl. | doubl. inv. cut,False,False
15672,71,2,,3-2 Bin drawer Cutout 2x1,False,False
3040b,71,39,,3-2 Box Slope 45deg 2x1,False,False
3040bpr0003,71,2,,3-2 Bin drawer Printed Slopes,False,False
3039,71,13,,3-2 Box Slope 45deg 2x2,False,False
3045,71,6,,3-2 Bin drawer Slope Doubl. 2x2|2x3|2x4|3x3,False,False
3039pr0009,71,1,,3-2 Bin drawer Printed Slopes,False,False
3037,71,4,,3-2 Box Slope Wide 33-55deg,False,False
80545,71,1,,3-2 Bin drawer Slope multipl. | doubl. inv. cut,False,False
4445,71,2,,3-2 Box Slope Wide 33-55deg,False,False
60481,71,18,,3-2 Box Slope Tall 55-75deg,False,False
3678b,71,6,,3-2 Box Slope Tall 55-75deg,False,False
4460b,71,7,,3-2 Box Slope Tall 55-75deg,False,False
4460a,71,2,,3-2 Box Slope Tall 55-75deg,False,False
3685,71,2,,3-2 Bin drawer Slope corner | Cutout inv. 2x1,False,False
3684,71,1,,3-2 Box Slope Tall 55-75deg,False,False
98560,71,3,,3-2 Box Slope Tall 55-75deg,False,False
35464,71,3,,3-2 Bin drawer Slope multipl. | doubl. inv. cut,False,False
4287c,71,8,,3-2 Box Slope Long 18-33deg,False,False
3747b,71,5,,3-2 Box Slope Long 18-33deg,False,False
4287b,71,1,,3-2 Box Slope Long 18-33deg,False,False
3665,71,10,,3-2 Box Slope 45deg 2x1,False,False
3660,71,19,,3-2 Box Slope 45deg 2x2,False,False
4871,71,1,,3-2 Bin drawer Slope Inv. Doubl. | Wedge Slope Inv.,False,False
22889,71,1,,3-2 Bin drawer Slope Inv. Doubl. | Wedge Slope Inv.,False,False
14719,71,11,,3-2 Bin drawer Tiles,False,False
27263,71,2,,3-2 Bin drawer Tiles,False,False
22385,71,1,,3-2 Bin drawer Tiles,False,False
47397,71,2,,3-2 Box Wedge L|R,False,False
47398,71,2,,3-2 Box Wedge L|R,False,False
26601,71,2,,3-2 Bin drawer Wedge corner 2x2,False,False
51739,71,11,,3-2 Bin drawer Wedge doubl. 2x4,False,False
43723,71,11,,3-2 Box Wedge L|R,False,False
43722,71,12,,3-2 Box Wedge L|R,False,False
2450,71,7,,3-2 Box Wedge Corner | Double,False,False
90194,71,4,,3-2 Bin drawer Wedge doubl. 72deg 3x4,False,False
2419,71,4,,3-2 Box Wedge Corner | Double,False,False
41770,71,5,,3-2 Box Wedge L|R,False,False
41769,71,3,,3-2 Box Wedge L|R,False,False
30503,71,5,,3-2 Box Wedge Corner | Double,False,False
14181,71,2,,3-2 Box Wedge Corner | Double,False,False
54384,71,7,,3-2 Box Wedge L|R,False,False
54383,71,9,,3-2 Box Wedge L|R,False,False
6106,71,2,,3-2 Box Wedge Corner | Double,False,False
50305,71,1,,3-2 Box Wedge L|R,False,False
50304,71,2,,3-2 Box Wedge L|R,False,False
13548,71,2,,3-2 Bin drawer Wedge brick sloped tripl./quad.,False,False
47757pr0002,71,1,,3-2 Bin drawer Wedge Sloped | Fractured | Triang. | Double slope,False,False
2357,7,1,,3-2 Box Corners | Square | A-shape,False,False
3298pr0039,7,1,,3-2 Bin drawer Printed Slopes,False,False
3040b,7,5,,3-2 Box Slope 45deg 2x1,False,False
3039pr9994,7,3,,3-2 Bin drawer Printed Slopes,False,False
3039pr0026,7,1,,3-2 Bin drawer Printed Slopes,False,False
3747a,7,4,,3-2 Box Slope Long 18-33deg,False,False
3665,7,3,,3-2 Box Slope 45deg 2x1,False,False
3660,7,2,,3-2 Box Slope 45deg 2x2,False,False
2401,7,2,,3-2 Box Corners | Square | A-shape,False,False
3936,7,1,,3-2 Box Wedge Corner | Double,False,False
3935,7,1,,3-2 Box Wedge Corner | Double,False,False
3933a,7,3,,3-2 Box Wedge L|R,False,False
3934a,7,3,,3-2 Box Wedge L|R,False,False
2420,27,14,,3-2 Box Corners | Square | A-shape,False,False
54200,27,17,,3-2 Box Cheese slopes 1x1 | 1x2,False,False
85984,27,5,,3-2 Box Cheese slopes 1x1 | 1x2,False,False
15672,27,4,,3-2 Bin drawer Cutout 2x1,False,False
3040b,27,6,,3-2 Box Slope 45deg 2x1,False,False
3039,27,9,,3-2 Box Slope 45deg 2x2,False,False
3678b,27,2,,3-2 Box Slope Tall 55-75deg,False,False
3665,27,5,,3-2 Box Slope 45deg 2x1,False,False
3660,27,6,,3-2 Box Slope 45deg 2x2,False,False
22385,27,3,,3-2 Bin drawer Tiles,False,False
51739,27,1,,3-2 Bin drawer Wedge doubl. 2x4,False,False
43723,27,2,,3-2 Box Wedge L|R,False,False
43722,27,1,,3-2 Box Wedge L|R,False,False
2450,27,7,,3-2 Box Wedge Corner | Double,False,False
43719,27,2,,3-2 Bin drawer Wedge doubl. 72deg 3x4,False,False
2357,26,1,,3-2 Box Corners | Square | A-shape,False,False
2420,26,4,,3-2 Box Corners | Square | A-shape,False,False
54200,26,3,,3-2 Box Cheese slopes 1x1 | 1x2,False,False
85984,26,1,,3-2 Box Cheese slopes 1x1 | 1x2,False,False
3040b,26,13,,3-2 Box Slope 45deg 2x1,False,False
3039,26,6,,3-2 Box Slope 45deg 2x2,False,False
3037,26,8,,3-2 Box Slope Wide 33-55deg,False,False
3660,26,7,,3-2 Box Slope 45deg 2x2,False,False
54200,322,22,,3-2 Box Cheese slopes 1x1 | 1x2,False,False
3040b,322,8,,3-2 Box Slope 45deg 2x1,False,False
3039,322,4,,3-2 Box Slope 45deg 2x2,False,False
3045,322,6,,3-2 Bin drawer Slope Doubl. 2x2|2x3|2x4|3x3,False,False
3037,322,1,,3-2 Box Slope Wide 33-55deg,False,False
3678b,322,2,,3-2 Box Slope Tall 55-75deg,False,False
3665,322,10,,3-2 Box Slope 45deg 2x1,False,False
3660,322,12,,3-2 Box Slope 45deg 2x2,False,False
26601,322,8,,3-2 Bin drawer Wedge corner 2x2,False,False
24299,322,3,,3-2 Box Wedge L|R,False,False
24307,322,11,,3-2 Box Wedge L|R,False,False
41770,322,1,,3-2 Box Wedge L|R,False,False
41769,322,1,,3-2 Box Wedge L|R,False,False
54200,73,11,,3-2 Box Cheese slopes 1x1 | 1x2,False,False
4286,73,1,,3-2 Box Slope Long 18-33deg,False,False
3665,73,8,,3-2 Box Slope 45deg 2x1,False,False
43723,73,1,,3-2 Box Wedge L|R,False,False
43722,73,1,,3-2 Box Wedge L|R,False,False
3298pr0009,351,1,,3-2 Bin drawer Printed Slopes,False,False
2413,351,1,,3-2 Box Wedge Corner | Double,False,False
6153a,351,1,,3-2 Bin drawer Wedge slope Large,False,False
15397,30,2,,3-2 Box Corners | Square | A-shape,False,False
85984,30,1,,3-2 Box Cheese slopes 1x1 | 1x2,False,False
3040b,30,6,,3-2 Box Slope 45deg 2x1,False,False
3039,30,6,,3-2 Box Slope 45deg 2x2,False,False
3037,30,2,,3-2 Box Slope Wide 33-55deg,False,False
3665,30,4,,3-2 Box Slope 45deg 2x1,False,False
3660,30,4,,3-2 Box Slope 45deg 2x2,False,False
2420,84,2,,3-2 Box Corners | Square | A-shape,False,False
54200,84,7,,3-2 Box Cheese slopes 1x1 | 1x2,False,False
85984,84,2,,3-2 Box Cheese slopes 1x1 | 1x2,False,False
3040b,84,2,,3-2 Box Slope 45deg 2x1,False,False
6106,84,1,,3-2 Box Wedge Corner | Double,False,False
27263,82,1,,3-2 Bin drawer Tiles,False,False
54200,326,13,,3-2 Box Cheese slopes 1x1 | 1x2,False,False
3040b,326,3,,3-2 Box Slope 45deg 2x1,False,False
30382,326,1,,3-2 Bin drawer Wedge slope Large,False,False
13269,326,1,,3-2 Bin drawer Wedge slope Large,False,False
43710,326,1,,3-2 Bin drawer Wedge brick sloped tripl./quad.,False,False
2357,25,2,,3-2 Box Corners | Square | A-shape,False,False
2420,25,5,,3-2 Box Corners | Square | A-shape,False,False
54200,25,12,,3-2 Box Cheese slopes 1x1 | 1x2,False,False
85984,25,6,,3-2 Box Cheese slopes 1x1 | 1x2,False,False
4286,25,1,,3-2 Box Slope Long 18-33deg,False,False
3298,25,6,,3-2 Box Slope Long 18-33deg,False,False
3040b,25,27,,3-2 Box Slope 45deg 2x1,False,False
3039,25,9,,3-2 Box Slope 45deg 2x2,False,False
35464,25,5,,3-2 Bin drawer Slope multipl. | doubl. inv. cut,False,False
3747b,25,1,,3-2 Box Slope Long 18-33deg,False,False
3665,25,10,,3-2 Box Slope 45deg 2x1,False,False
3660,25,4,,3-2 Box Slope 45deg 2x2,False,False
52501,25,3,,3-2 Bin drawer Slope Inv. Doubl. | Wedge Slope Inv.,False,False
26601,25,2,,3-2 Bin drawer Wedge corner 2x2,False,False
51739,25,4,,3-2 Bin drawer Wedge doubl. 2x4,False,False
43723,25,3,,3-2 Box Wedge L|R,False,False
43722,25,3,,3-2 Box Wedge L|R,False,False
30503,25,4,,3-2 Box Wedge Corner | Double,False,False
14181,25,1,,3-2 Box Wedge Corner | Double,False,False
54384,25,1,,3-2 Box Wedge L|R,False,False
54383,25,1,,3-2 Box Wedge L|R,False,False
54200,297,5,,3-2 Box Cheese slopes 1x1 | 1x2,False,False
22388,297,3,,3-2 Bin drawer Slope multipl. | doubl. inv. cut,False,False
15571,297,2,,3-2 Bin drawer Slope multipl. | doubl. inv. cut,False,False
3048c,297,11,,3-2 Bin drawer Slope multipl. | doubl. inv. cut,False,False
2357,4,2,,3-2 Box Corners | Square | A-shape,False,False
2420,4,6,,3-2 Box Corners | Square | A-shape,False,False
60477,4,5,,3-2 Box Slope Long 18-33deg,False,False
30363,4,1,,3-2 Box Slope Long 18-33deg,False,False
54200,4,49,,3-2 Box Cheese slopes 1x1 | 1x2,False,False
85984,4,39,,3-2 Box Cheese slopes 1x1 | 1x2,False,False
3300,4,4,,3-2 Bin drawer Slope Doubl. 2x2|2x3|2x4|3x3,False,False
3299,4,2,,3-2 Bin drawer Slope Doubl. 2x2|2x3|2x4|3x3,False,False
4286,4,3,,3-2 Box Slope Long 18-33deg,False,False
3298,4,11,,3-2 Box Slope Long 18-33deg,False,False
3298pr0006,4,2,,3-2 Bin drawer Printed Slopes,False,False
3298pr0037,4,1,,3-2 Bin drawer Printed Slopes,False,False
3297,4,12,,3-2 Box Slope Wide 33-55deg,False,False
3048c,4,1,,3-2 Bin drawer Slope multipl. | doubl. inv. cut,False,False
15672,4,6,,3-2 Bin drawer Cutout 2x1,False,False
92946,4,4,,3-2 Bin drawer Cutout 2x1,False,False
28192,4,1,,3-2 Bin drawer Slope corner | Cutout inv. 2x1,False,False
3040b,4,16,,3-2 Box Slope 45deg 2x1,False,False
3039,4,20,,3-2 Box Slope 45deg 2x2,False,False
3045,4,6,,3-2 Bin drawer Slope Doubl. 2x2|2x3|2x4|3x3,False,False
3038,4,1,,3-2 Box Slope Wide 33-55deg,False,False
3037,4,15,,3-2 Box Slope Wide 33-55deg,False,False
60481,4,6,,3-2 Box Slope Tall 55-75deg,False,False
4460a,4,2,,3-2 Box Slope Tall 55-75deg,False,False
35464,4,1,,3-2 Bin drawer Slope multipl. | doubl. inv. cut,False,False
3747b,4,4,,3-2 Box Slope Long 18-33deg,False,False
3747a,4,5,,3-2 Box Slope Long 18-33deg,False,False
3665,4,24,,3-2 Box Slope 45deg 2x1,False,False
3660,4,11,,3-2 Box Slope 45deg 2x2,False,False
3660b,4,2,,3-2 Box Slope 45deg 2x2,False,False
4871,4,2,,3-2 Bin drawer Slope Inv. Doubl. | Wedge Slope Inv.,False,False
52501,4,5,,3-2 Bin drawer Slope Inv. Doubl. | Wedge Slope Inv.,False,False
22889,4,1,,3-2 Bin drawer Slope Inv. Doubl. | Wedge Slope Inv.,False,False
2449,4,1,,3-2 Box Slope Tall 55-75deg,False,False
6564,4,1,,3-2 Bin drawer Wedge brick L|R | Corner | Doubl.,False,False
2399,4,1,,3-2 Bin drawer Wedge brick L|R | Corner | Doubl.,False,False
26601,4,4,,3-2 Bin drawer Wedge corner 2x2,False,False
24299,4,5,,3-2 Box Wedge L|R,False,False
51739,4,4,,3-2 Bin drawer Wedge doubl. 2x4,False,False
43723,4,4,,3-2 Box Wedge L|R,False,False
43722,4,6,,3-2 Box Wedge L|R,False,False
2450,4,4,,3-2 Box Wedge Corner | Double,False,False
4859,4,2,,3-2 Bin drawer Wedge doubl. 72deg 3x4,False,False
2419,4,1,,3-2 Box Wedge Corner | Double,False,False
41770,4,2,,3-2 Box Wedge L|R,False,False
43719,4,1,,3-2 Bin drawer Wedge doubl. 72deg 3x4,False,False
13548,4,1,,3-2 Bin drawer Wedge brick sloped tripl./quad.,False,False
43711,4,1,,3-2 Bin drawer Wedge brick sloped tripl./quad.,False,False
4858,4,2,,3-2 Bin drawer Wedge Sloped | Fractured | Triang. | Double slope,False,False
4856a,4,2,,3-2 Bin drawer Slope Inv. Doubl. | Wedge Slope Inv.,False,False
2357,70,4,,3-2 Box Corners | Square | A-shape,False,False
2420,70,13,,3-2 Box Corners | Square | A-shape,False,False
15397,70,6,,3-2 Box Corners | Square | A-shape,False,False
64799,70,1,,3-2 Box Corners | Square | A-shape,False,False
54200,70,34,,3-2 Box Cheese slopes 1x1 | 1x2,False,False
85984,70,5,,3-2 Box Cheese slopes 1x1 | 1x2,False,False
4286,70,3,,3-2 Box Slope Long 18-33deg,False,False
3298,70,1,,3-2 Box Slope Long 18-33deg,False,False
22388,70,2,,3-2 Bin drawer Slope multipl. | doubl. inv. cut,False,False
15672,70,1,,3-2 Bin drawer Cutout 2x1,False,False
3040b,70,12,,3-2 Box Slope 45deg 2x1,False,False
3039,70,5,,3-2 Box Slope 45deg 2x2,False,False
60481,70,14,,3-2 Box Slope Tall 55-75deg,False,False
3678b,70,1,,3-2 Box Slope Tall 55-75deg,False,False
4460b,70,8,,3-2 Box Slope Tall 55-75deg,False,False
4287c,70,1,,3-2 Box Slope Long 18-33deg,False,False
3747b,70,1,,3-2 Box Slope Long 18-33deg,False,False
4287b,70,1,,3-2 Box Slope Long 18-33deg,False,False
3665,70,3,,3-2 Box Slope 45deg 2x1,False,False
3660,70,25,,3-2 Box Slope 45deg 2x2,False,False
30505,70,4,,3-2 Bin drawer Wedge brick L|R | Corner | Doubl.,False,False
64867,70,1,,3-2 Bin drawer Wedge Sloped | Fractured | Triang. | Double slope,False,False
15706,70,2,,3-2 Box Corners | Square | A-shape,False,False
41770,70,2,,3-2 Box Wedge L|R,False,False
41769,70,1,,3-2 Box Wedge L|R,False,False
30503,70,1,,3-2 Box Wedge Corner | Double,False,False
47759,70,2,,3-2 Bin drawer Wedge brick sloped tripl./quad.,False,False
54200,379,2,,3-2 Box Cheese slopes 1x1 | 1x2,False,False
3298,379,3,,3-2 Box Slope Long 18-33deg,False,False
15672,379,2,,3-2 Bin drawer Cutout 2x1,False,False
3040b,379,2,,3-2 Box Slope 45deg 2x1,False,False
30382,379,4,,3-2 Bin drawer Wedge slope Large,False,False
2420,378,2,,3-2 Box Corners | Square | A-shape,False,False
54200,378,6,,3-2 Box Cheese slopes 1x1 | 1x2,False,False
85984,378,4,,3-2 Box Cheese slopes 1x1 | 1x2,False,False
35787,378,2,,3-2 Bin drawer Tiles,False,False
51739,378,1,,3-2 Bin drawer Wedge doubl. 2x4,False,False
2357,19,18,,3-2 Box Corners | Square | A-shape,False,False
2420,19,9,,3-2 Box Corners | Square | A-shape,False,False
54200,19,22,,3-2 Box Cheese slopes 1x1 | 1x2,False,False
85984,19,5,,3-2 Box Cheese slopes 1x1 | 1x2,False,False
22388,19,4,,3-2 Bin drawer Slope multipl. | doubl. inv. cut,False,False
3044b,19,1,,3-2 Bin drawer Slope multipl. | doubl. inv. cut,False,False
15672,19,5,,3-2 Bin drawer Cutout 2x1,False,False
92946,19,2,,3-2 Bin drawer Cutout 2x1,False,False
3040b,19,20,,3-2 Box Slope 45deg 2x1,False,False
3039,19,12,,3-2 Box Slope 45deg 2x2,False,False
3045,19,2,,3-2 Bin drawer Slope Doubl. 2x2|2x3|2x4|3x3,False,False
4460b,19,3,,3-2 Box Slope Tall 55-75deg,False,False
35464,19,4,,3-2 Bin drawer Slope multipl. | doubl. inv. cut,False,False
3747b,19,5,,3-2 Box Slope Long 18-33deg,False,False
3665,19,22,,3-2 Box Slope 45deg 2x1,False,False
3660,19,11,,3-2 Box Slope 45deg 2x2,False,False
14719,19,10,,3-2 Bin drawer Tiles,False,False
54200,40,51,,3-2 Box Cheese slopes 1x1 | 1x2,False,False
3939,40,2,,3-2 Box Slope Wide 33-55deg,False,False
58181,40,1,,3-2 Box Slope Wide 33-55deg,False,False
54200,47,35,,3-2 Box Cheese slopes 1x1 | 1x2,False,False
3939,47,9,,3-2 Box Slope Wide 33-55deg,False,False
3040b,47,3,,3-2 Box Slope 45deg 2x1,False,False
3039,47,37,,3-2 Box Slope 45deg 2x2,False,False
54200,33,57,,3-2 Box Cheese slopes 1x1 | 1x2,False,False
3939,33,1,,3-2 Box Slope Wide 33-55deg,False,False
3039,33,5,,3-2 Box Slope 45deg 2x2,False,False
54200,45,5,,3-2 Box Cheese slopes 1x1 | 1x2,False,False
54200,34,9,,3-2 Box Cheese slopes 1x1 | 1x2,False,False
54200,41,20,,3-2 Box Cheese slopes 1x1 | 1x2,False,False
3939,41,1,,3-2 Box Slope Wide 33-55deg,False,False
3039,41,7,,3-2 Box Slope 45deg 2x2,False,False
54200,143,20,,3-2 Box Cheese slopes 1x1 | 1x2,False,False
54200,42,6,,3-2 Box Cheese slopes 1x1 | 1x2,False,False
22388,57,1,,3-2 Bin drawer Slope multipl. | doubl. inv. cut,False,False
54200,182,33,,3-2 Box Cheese slopes 1x1 | 1x2,False,False
22388,182,2,,3-2 Bin drawer Slope multipl. | doubl. inv. cut,False,False
3040b,182,20,,3-2 Box Slope 45deg 2x1,False,False
64867,182,2,,3-2 Bin drawer Wedge Sloped | Fractured | Triang. | Double slope,False,False
64867pr0001,182,4,,3-2 Bin drawer Wedge Sloped | Fractured | Triang. | Double slope,False,False
3039,52,2,,3-2 Box Slope 45deg 2x2,False,False
54200,36,37,,3-2 Box Cheese slopes 1x1 | 1x2,False,False
54200,46,35,,3-2 Box Cheese slopes 1x1 | 1x2,False,False
3039,46,2,,3-2 Box Slope 45deg 2x2,False,False
2357,15,4,,3-2 Box Corners | Square | A-shape,False,False
2420,15,25,,3-2 Box Corners | Square | A-shape,False,False
15397,15,4,,3-2 Box Corners | Square | A-shape,False,False
2639,15,4,,3-2 Box Corners | Square | A-shape,False,False
64799,15,1,,3-2 Box Corners | Square | A-shape,False,False
60477,15,5,,3-2 Box Slope Long 18-33deg,False,False
30363,15,4,,3-2 Box Slope Long 18-33deg,False,False
54200,15,79,,3-2 Box Cheese slopes 1x1 | 1x2,False,False
85984,15,33,,3-2 Box Cheese slopes 1x1 | 1x2,False,False
85984pr0017,15,1,,3-2 Bin drawer Printed Slopes,False,False
3300,15,2,,3-2 Bin drawer Slope Doubl. 2x2|2x3|2x4|3x3,False,False
4286,15,18,,3-2 Box Slope Long 18-33deg,False,False
3298,15,3,,3-2 Box Slope Long 18-33deg,False,False
3298pr0012,15,2,,3-2 Bin drawer Printed Slopes,False,False
3298pr0039,15,2,,3-2 Bin drawer Printed Slopes,False,False
3297,15,3,,3-2 Box Slope Wide 33-55deg,False,False
22388,15,1,,3-2 Bin drawer Slope multipl. | doubl. inv. cut,False,False
3049d,15,2,,3-2 Bin drawer Slope multipl. | doubl. inv. cut,False,False
15571,15,1,,3-2 Bin drawer Slope multipl. | doubl. inv. cut,False,False
15672,15,5,,3-2 Bin drawer Cutout 2x1,False,False
28192,15,1,,3-2 Bin drawer Slope corner | Cutout inv. 2x1,False,False
3040b,15,15,,3-2 Box Slope 45deg 2x1,False,False
3039,15,8,,3-2 Box Slope 45deg 2x2,False,False
3039pr0013,15,2,,3-2 Bin drawer Printed Slopes,False,False
3039pr9994,15,2,,3-2 Bin drawer Printed Slopes,False,False
3039pr0026,15,1,,3-2 Bin drawer Printed Slopes,False,False
3039pr0025,15,1,,3-2 Bin drawer Printed Slopes,False,False
3039pr0027,15,1,,3-2 Bin drawer Printed Slopes,False,False
3039pr0002,15,3,,3-2 Bin drawer Printed Slopes,False,False
3039pr9997,15,1,,3-2 Bin drawer Printed Slopes,False,False
3039pr0001,15,1,,3-2 Bin drawer Printed Slopes,False,False
3038,15,2,,3-2 Box Slope Wide 33-55deg,False,False
3037,15,7,,3-2 Box Slope Wide 33-55deg,False,False
4861,15,3,,3-2 Bin drawer Wedge Sloped | Fractured | Triang. | Double slope,False,False
30249,15,2,,3-2 Box Slope Tall 55-75deg,False,False
60481,15,15,,3-2 Box Slope Tall 55-75deg,False,False
3678b,15,6,,3-2 Box Slope Tall 55-75deg,False,False
4460b,15,10,,3-2 Box Slope Tall 55-75deg,False,False
3684,15,2,,3-2 Box Slope Tall 55-75deg,False,False
35464,15,12,,3-2 Bin drawer Slope multipl. | doubl. inv. cut,False,False
4287c,15,6,,3-2 Box Slope Long 18-33deg,False,False
3747b,15,9,,3-2 Box Slope Long 18-33deg,False,False
4287b,15,1,,3-2 Box Slope Long 18-33deg,False,False
3665,15,31,,3-2 Box Slope 45deg 2x1,False,False
3660,15,34,,3-2 Box Slope 45deg 2x2,False,False
18759,15,1,,3-2 Box Slope Long 18-33deg,False,False
32802,15,1,,3-2 Bin drawer Slope Inv. Doubl. | Wedge Slope Inv.,False,False
4871,15,3,,3-2 Bin drawer Slope Inv. Doubl. | Wedge Slope Inv.,False,False
4854,15,3,,3-2 Bin drawer Slope Inv. Doubl. | Wedge Slope Inv.,False,False
72454,15,1,,3-2 Bin drawer Slope Inv. Doubl. | Wedge Slope Inv.,False,False
52501,15,12,,3-2 Bin drawer Slope Inv. Doubl. | Wedge Slope Inv.,False,False
2449,15,4,,3-2 Box Slope Tall 55-75deg,False,False
14719,15,11,,3-2 Bin drawer Tiles,False,False
35787,15,6,,3-2 Bin drawer Tiles,False,False
27263,15,2,,3-2 Bin drawer Tiles,False,False
22385,15,2,,3-2 Bin drawer Tiles,False,False
6565,15,1,,3-2 Bin drawer Wedge brick L|R | Corner | Doubl.,False,False
6564,15,1,,3-2 Bin drawer Wedge brick L|R | Corner | Doubl.,False,False
30181,15,1,,3-2 Bin drawer Wedge brick L|R | Corner | Doubl.,False,False
41768,15,2,,3-2 Bin drawer Wedge brick L|R | Corner | Doubl.,False,False
41767,15,2,,3-2 Bin drawer Wedge brick L|R | Corner | Doubl.,False,False
2401,15,1,,3-2 Box Corners | Square | A-shape,False,False
47398,15,1,,3-2 Box Wedge L|R,False,False
26601,15,8,,3-2 Bin drawer Wedge corner 2x2,False,False
24299,15,6,,3-2 Box Wedge L|R,False,False
24307,15,2,,3-2 Box Wedge L|R,False,False
51739,15,5,,3-2 Bin drawer Wedge doubl. 2x4,False,False
43723,15,5,,3-2 Box Wedge L|R,False,False
43722,15,4,,3-2 Box Wedge L|R,False,False
2450,15,8,,3-2 Box Wedge Corner | Double,False,False
4859,15,3,,3-2 Bin drawer Wedge doubl. 72deg 3x4,False,False
90194,15,4,,3-2 Bin drawer Wedge doubl. 72deg 3x4,False,False
2419,15,6,,3-2 Box Wedge Corner | Double,False,False
41770,15,10,,3-2 Box Wedge L|R,False,False
41769,15,10,,3-2 Box Wedge L|R,False,False
30503,15,1,,3-2 Box Wedge Corner | Double,False,False
32059,15,1,,3-2 Box Wedge Corner | Double,False,False
2413,15,2,,3-2 Box Wedge Corner | Double,False,False
14181,15,1,,3-2 Box Wedge Corner | Double,False,False
54384,15,2,,3-2 Box Wedge L|R,False,False
54383,15,3,,3-2 Box Wedge L|R,False,False
6106,15,2,,3-2 Box Wedge Corner | Double,False,False
50305,15,3,,3-2 Box Wedge L|R,False,False
50304,15,1,,3-2 Box Wedge L|R,False,False
3933,15,2,,3-2 Box Wedge L|R,False,False
3933a,15,2,,3-2 Box Wedge L|R,False,False
3934,15,2,,3-2 Box Wedge L|R,False,False
3934a,15,2,,3-2 Box Wedge L|R,False,False
13548,15,1,,3-2 Bin drawer Wedge brick sloped tripl./quad.,False,False
43710,15,2,,3-2 Bin drawer Wedge brick sloped tripl./quad.,False,False
43711,15,2,,3-2 Bin drawer Wedge brick sloped tripl./quad.,False,False
22391,15,1,,3-2 Bin drawer Wedge Sloped | Fractured | Triang. | Double slope,False,False
4858,15,2,,3-2 Bin drawer Wedge Sloped | Fractured | Triang. | Double slope,False,False
6069,15,2,,3-2 Bin drawer Wedge Sloped | Fractured | Triang. | Double slope,False,False
4855,15,5,,3-2 Bin drawer Slope Inv. Doubl. | Wedge Slope Inv.,False,False
4856a,15,1,,3-2 Bin drawer Slope Inv. Doubl. | Wedge Slope Inv.,False,False
2420,14,8,,3-2 Box Corners | Square | A-shape,False,False
64799,14,1,,3-2 Box Corners | Square | A-shape,False,False
60477,14,2,,3-2 Box Slope Long 18-33deg,False,False
30363,14,1,,3-2 Box Slope Long 18-33deg,False,False
54200,14,38,,3-2 Box Cheese slopes 1x1 | 1x2,False,False
85984,14,11,,3-2 Box Cheese slopes 1x1 | 1x2,False,False
4286,14,5,,3-2 Box Slope Long 18-33deg,False,False
15672,14,2,,3-2 Bin drawer Cutout 2x1,False,False
3040b,14,23,,3-2 Box Slope 45deg 2x1,False,False
3039,14,12,,3-2 Box Slope 45deg 2x2,False,False
3037,14,5,,3-2 Box Slope Wide 33-55deg,False,False
4861,14,1,,3-2 Bin drawer Wedge Sloped | Fractured | Triang. | Double slope,False,False
3747b,14,2,,3-2 Box Slope Long 18-33deg,False,False
4287a,14,1,,3-2 Box Slope Long 18-33deg,False,False
3665,14,17,,3-2 Box Slope 45deg 2x1,False,False
3660,14,14,,3-2 Box Slope 45deg 2x2,False,False
41768,14,1,,3-2 Bin drawer Wedge brick L|R | Corner | Doubl.,False,False
26601,14,4,,3-2 Bin drawer Wedge corner 2x2,False,False
51739,14,3,,3-2 Bin drawer Wedge doubl. 2x4,False,False
43723,14,1,,3-2 Box Wedge L|R,False,False
43722,14,1,,3-2 Box Wedge L|R,False,False
4859,14,1,,3-2 Bin drawer Wedge doubl. 72deg 3x4,False,False
41770,14,4,,3-2 Box Wedge L|R,False,False
41769,14,5,,3-2 Box Wedge L|R,False,False
50305,14,1,,3-2 Box Wedge L|R,False,False
50304,14,1,,3-2 Box Wedge L|R,False,False
4475,14,1,,3-2 Box Corners | Square | A-shape,False,False
43710,14,1,,3-2 Bin drawer Wedge brick sloped tripl./quad.,False,False
43711,14,1,,3-2 Bin drawer Wedge brick sloped tripl./quad.,False,False
54200,158,8,,3-2 Box Cheese slopes 1x1 | 1x2,False,False
