Part,Color,Quantity,Notes,Location,IsUsed,IsStickered
4530,0,1,,6 - Bin drawer Hair|Gold bar|Tassel,False,False
36060,0,2,,6 - Bin drawer Hair|Gold bar|Tassel,False,False
21778,0,2,6 - Box Minifig partly completed,6 - Bin drawer Hair|Gold bar|Tassel,False,False
20877,0,1,,6 - Bin drawer Hair|Gold bar|Tassel,False,False
15427pr0001,0,1,,6 - Bin drawer Hair|Gold bar|Tassel,False,False
62711,0,2,,6 - Bin drawer Hair|Gold bar|Tassel,False,False
79688,0,1,,6 - Bin drawer Hair|Gold bar|Tassel,False,False
99930,0,1,,6 - Box Minifig partly completed,False,False
98385,0,1,,6 - Bin drawer Hair|Gold bar|Tassel,False,False
17630,0,1,,6 - Bin drawer Hair|Gold bar|Tassel,False,False
24791,0,1,,6 - Bin drawer Hair|Gold bar|Tassel,False,False
970c03,0,21,6 - Box Minifig partly completed,6 - Box Minifig parts|Headwear|Minidoll parts|Textile,False,False
970c03pr1110,0,1,,6 - Box Minifig parts|Headwear|Minidoll parts|Textile,False,False
970c03pr9988,0,1,,6 - Box Minifig partly completed,False,False
970c03pr0879,0,2,6 - Box Minifig partly completed,6 - Box Minifig parts|Headwear|Minidoll parts|Textile,False,False
970c03pr1600,0,1,,6 - Box Minifig partly completed,False,False
970c03pr9993,0,1,,6 - Box Minifig parts|Headwear|Minidoll parts|Textile,False,False
970c03pr0947,0,1,,6 - Box Minifig parts|Headwear|Minidoll parts|Textile,False,False
970c03pr0191,0,1,,6 - Box Minifig parts|Headwear|Minidoll parts|Textile,False,False
970c03pr0583,0,1,,6 - Box Minifig parts|Headwear|Minidoll parts|Textile,False,False
970c03pr9896,0,1,,6 - Box Minifig partly completed,False,False
970c03pr0861,0,1,,6 - Box Minifig parts|Headwear|Minidoll parts|Textile,False,False
970c03pr0889,0,1,,6 - Box Minifig parts|Headwear|Minidoll parts|Textile,False,False
970c03pr1081,0,1,,6 - Box Minifig parts|Headwear|Minidoll parts|Textile,False,False
970c03pr9782,0,1,,6 - Box Minifig partly completed,False,False
970c03pr9996,0,1,,6 - Box Minifig parts|Headwear|Minidoll parts|Textile,False,False
970c03pr0408,0,1,,6 - Box Minifig parts|Headwear|Minidoll parts|Textile,False,False
970c28pr0814,0,1,,6 - Box Minifig parts|Headwear|Minidoll parts|Textile,False,False
970c11pr0237,0,1,,6 - Box Minifig parts|Headwear|Minidoll parts|Textile,False,False
970c14,0,2,,6 - Box Minifig parts|Headwear|Minidoll parts|Textile,False,False
970c17,0,2,,6 - Box Minifig parts|Headwear|Minidoll parts|Textile,False,False
970c22,0,1,,6 - Box Minifig parts|Headwear|Minidoll parts|Textile,False,False
970e04,0,1,,6 - Box Minifig parts|Headwear|Minidoll parts|Textile,False,False
41879a,0,1,,6 - Box Minifig partly completed,False,False
3626bpr0922,0,1,,6-B - Bin drawer Minifig Head,False,False
3626b,0,6,6 - Box Minifig partly completed,6-B - Bin drawer Minifig Head,False,False
3626c,0,2,,6-B - Bin drawer Minifig Head,False,False
3626cpr1129,0,1,,6-B - Bin drawer Minifig Head,False,False
3626cpr9984,0,2,6 - Box Minifig partly completed,6-B - Bin drawer Minifig Head,False,False
3626cpr3015,0,1,,6-B - Bin drawer Minifig Head,False,False
20600pat0001,0,1,,6-B - Bin drawer Minifig Head,False,False
6132,0,1,,6 - Box Minifig partly completed,False,False
15439,0,2,,6 - Jewelry Neckware,False,False
90398,0,2,,6-B - Jewely Nanofig,False,False
973c03h03pr4510,0,1,,6 - Box Minifig partly completed,False,False
973c03h03pr1961,0,1,,6 - Box Minifig partly completed,False,False
973c27h27pr3019,0,1,,6 - Box Minifig partly completed,False,False
973c03h02pr1861,0,1,,6 - Box Minifig parts|Headwear|Minidoll parts|Textile,False,False
973c03h01pr1184,0,1,,6 - Box Minifig parts|Headwear|Minidoll parts|Textile,False,False
973c03h03pr1751,0,1,,6 - Box Minifig parts|Headwear|Minidoll parts|Textile,False,False
973c03h03pr2916,0,1,,6 - Box Minifig parts|Headwear|Minidoll parts|Textile,False,False
973c03h02pr0300,0,1,,6 - Box Minifig parts|Headwear|Minidoll parts|Textile,False,False
973c03h01pr4291,0,1,,6 - Box Minifig parts|Headwear|Minidoll parts|Textile,False,False
973c03h27pr5196,0,1,,6 - Box Minifig partly completed,False,False
973c03h03pr2628,0,1,,6 - Box Minifig parts|Headwear|Minidoll parts|Textile,False,False
973c03h01pr1188,0,1,,6 - Box Minifig partly completed,False,False
973c03h12pr1186,0,1,,6 - Box Minifig parts|Headwear|Minidoll parts|Textile,False,False
973c03h01pr0079,0,1,,6 - Box Minifig parts|Headwear|Minidoll parts|Textile,False,False
973f011pr4967,0,1,,6 - Box Minifig partly completed,False,False
973c24h02pr1355,0,1,,6 - Box Minifig parts|Headwear|Minidoll parts|Textile,False,False
973c03h03pr3032,0,1,,6 - Box Minifig partly completed,False,False
973c03h03pr3033,0,1,,6 - Box Minifig parts|Headwear|Minidoll parts|Textile,False,False
973c31h03pr9999,0,1,,6 - Box Minifig parts|Headwear|Minidoll parts|Textile,False,False
973c03h03pr1898,0,1,,6 - Box Minifig parts|Headwear|Minidoll parts|Textile,False,False
34609pr0002,0,2,,6 - Box Minifig parts|Headwear|Minidoll parts|Textile,False,False
973c03h01pr0022,0,1,,6 - Box Minifig parts|Headwear|Minidoll parts|Textile,False,False
973c27h01pr1192,0,1,,6 - Box Minifig partly completed,False,False
970c03,1,1,,6 - Box Minifig parts|Headwear|Minidoll parts|Textile,False,False
970c28,1,4,6 - Box Minifig partly completed,6 - Box Minifig parts|Headwear|Minidoll parts|Textile,False,False
41879a,1,1,,6 - Box Minifig parts|Headwear|Minidoll parts|Textile,False,False
973c28h03pr2918,1,1,,6 - Box Minifig partly completed,False,False
973c05h28pr3201,1,1,,6 - Box Minifig parts|Headwear|Minidoll parts|Textile,False,False
973c29h27pr3277,1,1,,6 - Box Minifig partly completed,False,False
973c28h02pr2810,1,1,,6 - Box Minifig parts|Headwear|Minidoll parts|Textile,False,False
973c22h01pr0264,1,1,,6 - Box Minifig parts|Headwear|Minidoll parts|Textile,False,False
973c28h22pr2635,1,1,,6 - Box Minifig parts|Headwear|Minidoll parts|Textile,False,False
973c28h12pr1160,1,1,,6 - Box Minifig parts|Headwear|Minidoll parts|Textile,False,False
973c01h03pr2848,1,1,,6 - Box Minifig parts|Headwear|Minidoll parts|Textile,False,False
973c28h03pr0140,1,1,,6 - Box Minifig parts|Headwear|Minidoll parts|Textile,False,False
973c28h01pr0083,1,1,,6 - Box Minifig parts|Headwear|Minidoll parts|Textile,False,False
973c28h01pr0046,1,1,,6 - Box Minifig parts|Headwear|Minidoll parts|Textile,False,False
973c27h01pr0237,1,1,,6 - Box Minifig parts|Headwear|Minidoll parts|Textile,False,False
973c27h01,1,1,,6 - Box Minifig parts|Headwear|Minidoll parts|Textile,False,False
970c06,10,1,,6 - Box Minifig parts|Headwear|Minidoll parts|Textile,False,False
970c06pr0919,10,1,,6 - Box Minifig parts|Headwear|Minidoll parts|Textile,False,False
3626cpr1124,212,1,,6-B - Bin drawer Minifig Head,False,False
973c29h01pr3627,212,2,6 - Box Minifig partly completed,6 - Box Minifig parts|Headwear|Minidoll parts|Textile,False,False
973c38h12pr4505,191,1,,6 - Box Minifig parts|Headwear|Minidoll parts|Textile,False,False
92081,226,1,,6 - Bin drawer Hair|Gold bar|Tassel,False,False
3901,6,1,,6 - Bin drawer Hair|Gold bar|Tassel,False,False
15677,321,1,,6 - Bin drawer Hair|Gold bar|Tassel,False,False
973c27h12pr5878,321,1,,6 - Box Minifig partly completed,False,False
973c05h02pr2336,321,1,,6 - Box Minifig parts|Headwear|Minidoll parts|Textile,False,False
970c05,272,12,6 - Box Minifig partly completed,6 - Box Minifig parts|Headwear|Minidoll parts|Textile,False,False
970c05pr1364,272,1,,6 - Box Minifig partly completed,False,False
970c05pr0293,272,1,,6 - Box Minifig parts|Headwear|Minidoll parts|Textile,False,False
970l24r65pr0807,272,1,,6 - Box Minifig parts|Headwear|Minidoll parts|Textile,False,False
92818c01pr0007,272,1,,6 - Box Minifig parts|Headwear|Minidoll parts|Textile,False,False
90398,272,1,,6-B - Jewely Nanofig,False,False
973c05h27pr3974,272,1,,6 - Box Minifig partly completed,False,False
973c05h03pr3857,272,1,,6 - Box Minifig partly completed,False,False
970c12,72,8,,6 - Box Minifig parts|Headwear|Minidoll parts|Textile,False,False
970c10pr0669,72,1,,6 - Box Minifig parts|Headwear|Minidoll parts|Textile,False,False
970c75pr0845,72,1,,6 - Box Minifig partly completed,False,False
90398,72,1,,6-B - Jewely Nanofig,False,False
973c12h12,72,1,,6 - Box Minifig parts|Headwear|Minidoll parts|Textile,False,False
973c18h03pr1557,72,1,,6 - Box Minifig parts|Headwear|Minidoll parts|Textile,False,False
973c05h01pr1211,72,1,,6 - Box Minifig parts|Headwear|Minidoll parts|Textile,False,False
973c05h01pr1321,72,1,,6 - Box Minifig partly completed,False,False
27186,308,1,,6 - Bin drawer Hair|Gold bar|Tassel,False,False
93352,308,1,,6 - Bin drawer Hair|Gold bar|Tassel,False,False
17347,308,1,,6 - Bin drawer Hair|Gold bar|Tassel,False,False
69558pat0001,308,1,,6 - Bin drawer Hair|Gold bar|Tassel,False,False
25976,308,1,,6 - Bin drawer Hair|Gold bar|Tassel,False,False
93230,308,1,,6 - Bin drawer Hair|Gold bar|Tassel,False,False
970c07,308,1,,6 - Box Minifig partly completed,False,False
973c07h02pr2082,308,1,,6 - Box Minifig parts|Headwear|Minidoll parts|Textile,False,False
973c27h03pr1746,308,1,,6 - Box Minifig partly completed,False,False
973c07h13pr1497,308,1,,6 - Box Minifig parts|Headwear|Minidoll parts|Textile,False,False
970c08,8,1,,6 - Box Minifig partly completed,False,False
973c08h01pr0070,8,1,,6 - Box Minifig parts|Headwear|Minidoll parts|Textile,False,False
3626cpr1141,288,1,,6-B - Bin drawer Minifig Head,False,False
973c35h01,288,1,,6 - Box Minifig partly completed,False,False
973c35h03pr5083,288,1,,6 - Box Minifig parts|Headwear|Minidoll parts|Textile,False,False
973e007pr3252,288,1,,6 - Box Minifig parts|Headwear|Minidoll parts|Textile,False,False
973c31h31pr9668,288,2,,6 - Box Minifig partly completed,False,False
973c01h19pr3452,288,1,,6 - Box Minifig parts|Headwear|Minidoll parts|Textile,False,False
4530,484,1,,6 - Bin drawer Hair|Gold bar|Tassel,False,False
88283,484,1,,6 - Bin drawer Hair|Gold bar|Tassel,False,False
85974,484,1,,6 - Bin drawer Hair|Gold bar|Tassel,False,False
62810,484,1,,6 - Bin drawer Hair|Gold bar|Tassel,False,False
3901,484,1,,6 - Bin drawer Hair|Gold bar|Tassel,False,False
99930,484,1,,6 - Bin drawer Hair|Gold bar|Tassel,False,False
970c41,484,1,,6 - Box Minifig parts|Headwear|Minidoll parts|Textile,False,False
93223,484,1,,6 - Jewelry Neckware,False,False
60750,484,1,,6 - Box Minifig partly completed,False,False
3626cpr1598,5,1,,6-B - Bin drawer Minifig Head,False,False
970c09,85,2,,6 - Box Minifig parts|Headwear|Minidoll parts|Textile,False,False
970c72pr0010,85,1,,6 - Box Minifig parts|Headwear|Minidoll parts|Textile,False,False
41879a,85,1,,6 - Box Minifig parts|Headwear|Minidoll parts|Textile,False,False
3626cpr2423,85,1,,6 - Box Minifig partly completed,False,False
973g09c23h23pr4082,85,1,,6 - Box Minifig partly completed,False,False
973c09h01pr4788,85,1,,6 - Box Minifig parts|Headwear|Minidoll parts|Textile,False,False
19204pr0001,320,1,,6 - Bin drawer Hair|Gold bar|Tassel,False,False
970c10pr0804,320,1,,6 - Box Minifig parts|Headwear|Minidoll parts|Textile,False,False
970c10pr0470,320,1,,6 - Box Minifig parts|Headwear|Minidoll parts|Textile,False,False
28778,320,1,,6 - Box Minifig partly completed,False,False
3626c,320,1,,6-B - Bin drawer Minifig Head,False,False
90398,320,1,,6-B - Jewely Nanofig,False,False
973c10h10pr2379,320,1,,6 - Box Minifig parts|Headwear|Minidoll parts|Textile,False,False
973g02c10h10pr0001,320,1,,6 - Box Minifig partly completed,False,False
970c11,28,1,,6 - Box Minifig partly completed,False,False
3626c,28,1,,6-B - Bin drawer Minifig Head,False,False
973c04h01pr4059,28,1,,6 - Box Minifig partly completed,False,False
973c11h01pr1943,28,1,,6 - Box Minifig parts|Headwear|Minidoll parts|Textile,False,False
35660pat0006,3,1,,6 - Bin drawer Hair|Gold bar|Tassel,False,False
30608,179,2,,6 - Bin drawer Hair|Gold bar|Tassel,False,False
92818c01pr0010,179,1,,6 - Box Minifig parts|Headwear|Minidoll parts|Textile,False,False
3626cpr1307,179,1,,6 - Box Minifig partly completed,False,False
3626cpr1570,179,1,,6-B - Bin drawer Minifig Head,False,False
3626cpr1217,1000,1,,6-B - Bin drawer Minifig Head,False,False
3626cpr1731,1000,1,,6-B - Bin drawer Minifig Head,False,False
69562pat0001,2,2,,6 - Bin drawer Hair|Gold bar|Tassel,False,False
64798,2,1,,6 - Bin drawer Hair|Gold bar|Tassel,False,False
970c31pr9976,2,1,,6 - Box Minifig parts|Headwear|Minidoll parts|Textile,False,False
970c31pr9962,2,2,,6 - Box Minifig partly completed,False,False
970c31pr0773,2,1,,6 - Box Minifig parts|Headwear|Minidoll parts|Textile,False,False
3626cpr1387,2,1,,6-B - Bin drawer Minifig Head,False,False
3626cpr3202,2,2,,6 - Box Minifig partly completed,False,False
90398,2,1,,6-B - Jewely Nanofig,False,False
973c35h03pr2600,2,1,,6 - Box Minifig parts|Headwear|Minidoll parts|Textile,False,False
3626c,323,1,,6-B - Bin drawer Minifig Head,False,False
40239,71,1,,6 - Bin drawer Hair|Gold bar|Tassel,False,False
11256,71,1,,6 - Bin drawer Hair|Gold bar|Tassel,False,False
970c14,71,1,,6 - Box Minifig parts|Headwear|Minidoll parts|Textile,False,False
970c14pr1963,71,1,,6 - Box Minifig partly completed,False,False
970c14pr9974,71,1,,6 - Box Minifig partly completed,False,False
970c14pr0705,71,2,,6 - Box Minifig partly completed,False,False
970c34pr0581,71,1,,6 - Box Minifig partly completed,False,False
970c27,71,2,6 - Box Minifig partly completed,6 - Box Minifig parts|Headwear|Minidoll parts|Textile,False,False
3626cpr0639,71,1,,6-B - Bin drawer Minifig Head,False,False
3626cpr2084,71,1,,6-B - Bin drawer Minifig Head,False,False
3626cpr9916,71,1,,6-B - Bin drawer Minifig Head,False,False
973c10h23pr5318,71,1,,6 - Box Minifig partly completed,False,False
973c14h02pr2764,71,2,,6 - Box Minifig partly completed,False,False
973c24h03pr3885,71,1,,6 - Box Minifig partly completed,False,False
973c11h12pr2739,71,1,,6 - Box Minifig parts|Headwear|Minidoll parts|Textile,False,False
92744pr0001,78,1,,6 - Box Minifig partly completed,False,False
92198pr0022,78,1,,6 - Box Minifig parts|Headwear|Minidoll parts|Textile,False,False
92456c01pr0083,78,1,,6 - Box Minifig parts|Headwear|Minidoll parts|Textile,False,False
3626cpr9887,78,1,,6-B - Bin drawer Minifig Head,False,False
3626cpr1556,78,1,,6-B - Bin drawer Minifig Head,False,False
3626cpr1709,78,1,,6-B - Bin drawer Minifig Head,False,False
3626cpr1149,78,5,6 - Box Minifig partly completed,6-B - Bin drawer Minifig Head,False,False
3626cpr1765,78,1,,6-B - Bin drawer Minifig Head,False,False
3626cpr0926,78,1,,6-B - Bin drawer Minifig Head,False,False
3626cpr1441,78,1,,6-B - Bin drawer Minifig Head,False,False
3626cpr2133,78,1,,6 - Box Minifig partly completed,False,False
3626bpr0513,78,1,,6-B - Bin drawer Minifig Head,False,False
3626cpr1766,78,1,,6 - Box Minifig partly completed,False,False
3626cpr3471,78,1,,6-B - Bin drawer Minifig Head,False,False
3626cpr0903,78,1,,6-B - Bin drawer Minifig Head,False,False
3626cpr2923,78,1,,6-B - Bin drawer Minifig Head,False,False
75692pr0001,78,1,,6 - Box Minifig partly completed,False,False
970c18,27,1,,6 - Box Minifig parts|Headwear|Minidoll parts|Textile,False,False
973c09h27pr4937,27,1,,6 - Box Minifig parts|Headwear|Minidoll parts|Textile,False,False
15677,26,1,,6 - Bin drawer Hair|Gold bar|Tassel,False,False
973c32h01pr1244,73,1,,6 - Box Minifig parts|Headwear|Minidoll parts|Textile,False,False
41879a,30,1,,6 - Box Minifig partly completed,False,False
24072,84,1,,6 - Bin drawer Hair|Gold bar|Tassel,False,False
87990,84,1,,6 - Bin drawer Hair|Gold bar|Tassel,False,False
20597,84,2,,6 - Bin drawer Hair|Gold bar|Tassel,False,False
23186,84,1,,6 - Bin drawer Hair|Gold bar|Tassel,False,False
970c23pr9736,84,1,,6 - Box Minifig partly completed,False,False
92198pr0001,84,1,,6 - Box Minifig parts|Headwear|Minidoll parts|Textile,False,False
92456c02pr0357,84,1,,6 - Box Minifig parts|Headwear|Minidoll parts|Textile,False,False
92456c02pr0021,84,1,,6 - Box Minifig parts|Headwear|Minidoll parts|Textile,False,False
3626cpr2956,84,1,,6 - Box Minifig partly completed,False,False
3626c,84,2,,6-B - Bin drawer Minifig Head,False,False
973c23h07pr0001,84,1,,6 - Box Minifig partly completed,False,False
973c23h14pr2524,84,1,,6 - Box Minifig partly completed,False,False
40513pr0004,9999,1,,6-B - Box Minifigs,False,False
76520pr0003,9999,1,,6-B - Box Minifigs,False,False
970c34pr0001,326,1,,6 - Box Minifig parts|Headwear|Minidoll parts|Textile,False,False
973c20h12pr3388,326,1,,6 - Box Minifig partly completed,False,False
970c34,25,2,,6 - Box Minifig parts|Headwear|Minidoll parts|Textile,False,False
973c34h12pr2913,25,1,,6 - Box Minifig parts|Headwear|Minidoll parts|Textile,False,False
973c34h28pr2641,25,1,,6 - Box Minifig parts|Headwear|Minidoll parts|Textile,False,False
973c34h03pr0990,25,1,,6 - Box Minifig partly completed,False,False
973c34h12pr1182,25,1,,6 - Box Minifig parts|Headwear|Minidoll parts|Textile,False,False
30608,297,1,,6 - Bin drawer Hair|Gold bar|Tassel,False,False
69728pat0001,297,1,,6 - Box Minifig parts|Headwear|Minidoll parts|Textile,False,False
3626c,297,1,,6-B - Bin drawer Minifig Head,False,False
30480pr0001,297,1,,6 - Box Minifig partly completed,False,False
90398,297,5,,6-B - Jewely Nanofig,False,False
973d07pr9919,297,1,,6 - Box Minifig partly completed,False,False
973c75h12pr2968,1103,1,,6 - Box Minifig partly completed,False,False
35660pat0001,4,1,,6 - Bin drawer Hair|Gold bar|Tassel,False,False
92257,4,1,,6 - Bin drawer Hair|Gold bar|Tassel,False,False
88283,4,1,,6 - Bin drawer Hair|Gold bar|Tassel,False,False
970c03,4,1,,6 - Box Minifig parts|Headwear|Minidoll parts|Textile,False,False
970c22pr0663,4,1,,6 - Box Minifig partly completed,False,False
970c22pr0193,4,1,,6 - Box Minifig parts|Headwear|Minidoll parts|Textile,False,False
3626cpr1796,4,1,,6-B - Bin drawer Minifig Head,False,False
3626c,4,2,,6-B - Bin drawer Minifig Head,False,False
973c28h01pr0138,4,1,,6 - Box Minifig parts|Headwear|Minidoll parts|Textile,False,False
973c22h01pr1446,4,1,,6 - Box Minifig parts|Headwear|Minidoll parts|Textile,False,False
973c22h01pr0035,4,1,,6 - Box Minifig parts|Headwear|Minidoll parts|Textile,False,False
973c01h01pr0013,4,1,,6 - Box Minifig parts|Headwear|Minidoll parts|Textile,False,False
973c22h01pr1170,4,1,,6 - Box Minifig parts|Headwear|Minidoll parts|Textile,False,False
973c22h03pr1949,4,1,,6 - Box Minifig partly completed,False,False
973c01h03pr2846,4,1,,6 - Box Minifig parts|Headwear|Minidoll parts|Textile,False,False
973c22h03pr1716,4,1,,6 - Box Minifig parts|Headwear|Minidoll parts|Textile,False,False
973c22h03pr1264,4,1,,6 - Box Minifig parts|Headwear|Minidoll parts|Textile,False,False
973c28h01pr0057,4,1,,6 - Box Minifig parts|Headwear|Minidoll parts|Textile,False,False
973c26h27pr2669,4,1,,6 - Box Minifig partly completed,False,False
92256,70,1,,6 - Bin drawer Hair|Gold bar|Tassel,False,False
85974,70,1,,6 - Bin drawer Hair|Gold bar|Tassel,False,False
87990,70,1,,6 - Bin drawer Hair|Gold bar|Tassel,False,False
99240,70,1,,6 - Bin drawer Hair|Gold bar|Tassel,False,False
970c19pr1350,70,1,,6 - Box Minifig parts|Headwear|Minidoll parts|Textile,False,False
970c19pr0033,70,1,,6 - Box Minifig parts|Headwear|Minidoll parts|Textile,False,False
970c19pr0599,70,1,,6 - Box Minifig partly completed,False,False
41879a,70,1,,6 - Box Minifig partly completed,False,False
3626cpr3573,70,1,,6 - Box Minifig partly completed,False,False
3626cpr1286,70,1,,6-B - Bin drawer Minifig Head,False,False
30483pr0001,70,1,,6-B - Bin drawer Minifig Head,False,False
15501,70,1,,6 - Box Minifig partly completed,False,False
973c24h01pr3786,379,1,,6 - Box Minifig partly completed,False,False
61183,19,1,,6 - Bin drawer Hair|Gold bar|Tassel,False,False
87991,19,3,,6 - Bin drawer Hair|Gold bar|Tassel,False,False
970c19pr0729,19,1,,6 - Box Minifig partly completed,False,False
970c26,19,1,,6 - Box Minifig parts|Headwear|Minidoll parts|Textile,False,False
970c26pr0510,19,1,,6 - Box Minifig parts|Headwear|Minidoll parts|Textile,False,False
41879a,19,1,,6 - Box Minifig parts|Headwear|Minidoll parts|Textile,False,False
3626cpr1121,19,1,,6-B - Bin drawer Minifig Head,False,False
3626c,19,2,,6-B - Bin drawer Minifig Head,False,False
973c26h27pr2905,19,1,,6 - Box Minifig parts|Headwear|Minidoll parts|Textile,False,False
973c26h01pr0082,19,1,,6 - Box Minifig parts|Headwear|Minidoll parts|Textile,False,False
973c26h01pr0058,19,1,,6 - Box Minifig partly completed,False,False
973c26h02pr1802,19,1,,6 - Box Minifig partly completed,False,False
973c26h01pr0006,19,1,,6 - Box Minifig parts|Headwear|Minidoll parts|Textile,False,False
973c26h01pr0391,19,1,,6 - Box Minifig partly completed,False,False
973c26h26pr0059,19,1,,6 - Box Minifig partly completed,False,False
28621,35,1,,6-B - Bin drawer Minifig Head,False,False
3626b,47,1,,6-B - Bin drawer Minifig Head,False,False
3626c,47,2,,6-B - Bin drawer Minifig Head,False,False
3626cpr1688,42,1,,6-B - Bin drawer Minifig Head,False,False
28621,42,1,,6-B - Bin drawer Minifig Head,False,False
28621,36,1,,6-B - Bin drawer Minifig Head,False,False
25379,15,1,,6 - Bin drawer Hair|Gold bar|Tassel,False,False
970c14pr0858,15,1,,6 - Box Minifig partly completed,False,False
37364c27pat02pr0010,15,1,,6 - Box Minifig partly completed,False,False
970c27,15,6,6 - Box Minifig partly completed,6 - Box Minifig parts|Headwear|Minidoll parts|Textile,False,False
970c27pr9991,15,1,,6 - Box Minifig parts|Headwear|Minidoll parts|Textile,False,False
970c27pr0332,15,1,,6 - Box Minifig partly completed,False,False
3626cpr3658,15,1,,6-B - Bin drawer Minifig Head,False,False
3626cpr1795,15,1,,6-B - Bin drawer Minifig Head,False,False
3626b,15,1,,6-B - Bin drawer Minifig Head,False,False
3626c,15,10,,6-B - Bin drawer Minifig Head,False,False
3626cpr1609,15,1,,6-B - Bin drawer Minifig Head,False,False
3626cpr0895,15,1,,6-B - Bin drawer Minifig Head,False,False
26990c01pr0001,15,1,,6-B - Bin drawer Minifig Head,False,False
3626cpr1680,15,1,,6 - Box Minifig partly completed,False,False
6132,15,1,,6 - Jewelry Neckware,False,False
93223,15,3,,6 - Jewelry Neckware,False,False
90398,15,2,,6-B - Jewely Nanofig,False,False
973c27h03pr1309,15,1,,6 - Box Minifig partly completed,False,False
973c27h03pr3291,15,1,,6 - Box Minifig partly completed,False,False
973c27h01pr3491,15,2,,6 - Box Minifig partly completed,False,False
973c01h01pr0006,15,1,,6 - Box Minifig parts|Headwear|Minidoll parts|Textile,False,False
973c27h03pr0470,15,1,,6 - Box Minifig parts|Headwear|Minidoll parts|Textile,False,False
973c27h27pr2059,15,1,,6 - Box Minifig partly completed,False,False
973c27h01pr0062,15,1,,6 - Box Minifig parts|Headwear|Minidoll parts|Textile,False,False
973c28h01pr0204,15,3,6 - Box Minifig partly completed,6 - Box Minifig parts|Headwear|Minidoll parts|Textile,False,False
973e031pr2622,15,1,,6 - Box Minifig partly completed,False,False
973e068pr3455,15,1,,6 - Box Minifig parts|Headwear|Minidoll parts|Textile,False,False
973c27h12pr3628,15,1,,6 - Box Minifig parts|Headwear|Minidoll parts|Textile,False,False
973c27h03pr3485,15,1,,6 - Box Minifig partly completed,False,False
973c01h01pr1944,15,1,,6 - Box Minifig parts|Headwear|Minidoll parts|Textile,False,False
973c18h05pr5823,15,1,,6 - Box Minifig parts|Headwear|Minidoll parts|Textile,False,False
973c27h03pr3287,15,1,,6 - Box Minifig partly completed,False,False
973c22h12pr4939,15,1,,6 - Box Minifig partly completed,False,False
973c27h01pr4559,15,1,,6 - Box Minifig parts|Headwear|Minidoll parts|Textile,False,False
973c27h01pr0018,15,1,,6 - Box Minifig parts|Headwear|Minidoll parts|Textile,False,False
973c27h01pr0001,15,1,,6 - Box Minifig partly completed,False,False
60115,15,1,,6 - Box Minifig parts|Headwear|Minidoll parts|Textile,False,False
6260,15,1,,6 - Box Minifig parts|Headwear|Minidoll parts|Textile,False,False
973c27h01pr0014,15,1,,6 - Box Minifig parts|Headwear|Minidoll parts|Textile,False,False
973c27h14pr2895,15,1,,6 - Box Minifig partly completed,False,False
973c01h01pr0005,15,1,,6 - Box Minifig parts|Headwear|Minidoll parts|Textile,False,False
973c27h14pr3025,15,2,,6 - Box Minifig partly completed,False,False
973c38h38pr5757,15,1,,6 - Box Minifig partly completed,False,False
973c27h27,15,1,,6 - Box Minifig parts|Headwear|Minidoll parts|Textile,False,False
973c27h01,15,1,,6 - Box Minifig partly completed,False,False
970c01,14,1,,6 - Box Minifig parts|Headwear|Minidoll parts|Textile,False,False
3626bpr0411,14,1,,6-B - Bin drawer Minifig Head,False,False
3626bpr0272,14,1,,6-B - Bin drawer Minifig Head,False,False
3626bpr0458,14,1,,6-B - Bin drawer Minifig Head,False,False
3626cpr1784,14,1,,6-B - Bin drawer Minifig Head,False,False
3626cpr2139,14,2,,6-B - Bin drawer Minifig Head,False,False
3626cpr0933,14,1,,6-B - Bin drawer Minifig Head,False,False
3626bpr0005,14,1,,6-B - Bin drawer Minifig Head,False,False
3626cpr1663,14,1,,6-B - Bin drawer Minifig Head,False,False
3626cpr0891,14,1,,6-B - Bin drawer Minifig Head,False,False
3626bpr0006,14,1,,6-B - Bin drawer Minifig Head,False,False
3626cpr1579,14,1,,6-B - Bin drawer Minifig Head,False,False
3626cpr1147,14,1,,6-B - Bin drawer Minifig Head,False,False
3626bpr0322,14,1,,6-B - Bin drawer Minifig Head,False,False
3626bpr0677,14,1,,6-B - Bin drawer Minifig Head,False,False
3626cpr1988,14,1,,6 - Box Minifig partly completed,False,False
3626bpr0387,14,2,,6 - Box Minifig partly completed,False,False
3626cpr1091,14,1,,6-B - Bin drawer Minifig Head,False,False
3626cpr1573,14,1,,6-B - Bin drawer Minifig Head,False,False
3626cpr1566,14,1,,6-B - Bin drawer Minifig Head,False,False
3626cpr3540,14,1,,6 - Box Minifig partly completed,False,False
3626bpr0199,14,1,,6-B - Bin drawer Minifig Head,False,False
3626cpr9793,14,1,,6-B - Bin drawer Minifig Head,False,False
3626bpr0126,14,1,,6-B - Bin drawer Minifig Head,False,False
3626bpr0047,14,1,,6 - Box Minifig partly completed,False,False
3626cpr2140,14,1,,6-B - Bin drawer Minifig Head,False,False
3626cpr1965,14,1,,6-B - Bin drawer Minifig Head,False,False
3626cpr1966,14,1,,6-B - Bin drawer Minifig Head,False,False
3626bpr0192,14,1,,6-B - Bin drawer Minifig Head,False,False
3626cpr9881,14,1,,6-B - Bin drawer Minifig Head,False,False
3626cpr3360,14,1,,6-B - Bin drawer Minifig Head,False,False
3626cpr2916,14,1,,6-B - Bin drawer Minifig Head,False,False
3626cpr1238,14,1,,6-B - Bin drawer Minifig Head,False,False
3626cpr0746,14,1,,6-B - Bin drawer Minifig Head,False,False
3626cpr1614,14,1,,6-B - Bin drawer Minifig Head,False,False
3626cpr1365,14,3,,6-B - Bin drawer Minifig Head,False,False
3626bpr0744,14,2,,6-B - Bin drawer Minifig Head,False,False
3626cpr2008,14,1,,6-B - Bin drawer Minifig Head,False,False
3626cpr1581,14,1,,6-B - Bin drawer Minifig Head,False,False
3626cpr1366,14,4,,6-B - Bin drawer Minifig Head,False,False
3626cpr2330,14,1,,6-B - Bin drawer Minifig Head,False,False
3626cpr1644,14,1,,6-B - Bin drawer Minifig Head,False,False
3626cpr1426,14,1,,6-B - Bin drawer Minifig Head,False,False
3626cpr1780,14,1,,6-B - Bin drawer Minifig Head,False,False
3626bpr0018,14,1,,6-B - Bin drawer Minifig Head,False,False
3626bpr0567,14,1,,6 - Box Minifig partly completed,False,False
3626cpr0893,14,5,,6-B - Bin drawer Minifig Head,False,False
3626cpr9676,14,1,,6 - Box Minifig partly completed,False,False
3626cpr1737,14,1,,6-B - Bin drawer Minifig Head,False,False
3626bpr0274,14,1,,6 - Box Minifig partly completed,False,False
3626bpr0737,14,1,,6-B - Bin drawer Minifig Head,False,False
3626bpr0008,14,1,,6-B - Bin drawer Minifig Head,False,False
3626cpr1786,14,1,,6-B - Bin drawer Minifig Head,False,False
3626cpr1635,14,1,,6-B - Bin drawer Minifig Head,False,False
3626cpr1162,14,1,,6-B - Bin drawer Minifig Head,False,False
3626cpr9958,14,1,,6 - Box Minifig partly completed,False,False
3626cpr1664,14,1,,6 - Box Minifig partly completed,False,False
3626cpr3025,14,2,,6-B - Bin drawer Minifig Head,False,False
3626cpr0389,14,1,,6-B - Bin drawer Minifig Head,False,False
3626cpr2523,14,2,,6 - Box Minifig partly completed,False,False
3626bpr0389,14,2,,6-B - Bin drawer Minifig Head,False,False
19679pr0001,14,1,,6-B - Bin drawer Minifig Head,False,False
15525pr0001,14,1,,6-B - Bin drawer Minifig Head,False,False
3626apr0001,14,4,6 - Box Minifig partly completed,6-B - Bin drawer Minifig Head,False,False
3626bpr0004,14,2,,6-B - Bin drawer Minifig Head,False,False
3626cpr0754,14,1,,6-B - Bin drawer Minifig Head,False,False
3626bpr0446,14,1,,6-B - Bin drawer Minifig Head,False,False
3626cpr1580,14,1,,6-B - Bin drawer Minifig Head,False,False
3626bpr0326,14,1,,6 - Box Minifig partly completed,False,False
3626cpr1472,14,1,,6-B - Bin drawer Minifig Head,False,False
973c01h34pr3255,14,1,,6 - Box Minifig parts|Headwear|Minidoll parts|Textile,False,False
973c01h01pr2852,14,1,,6 - Box Minifig parts|Headwear|Minidoll parts|Textile,False,False
973c01h01pr0090,14,1,,6 - Box Minifig partly completed,False,False
973g01c02h02pr5685,14,1,,6 - Box Minifig partly completed,False,False
973c01h19pr5799,14,1,,6 - Box Minifig partly completed,False,False
