Part,Color,Quantity,Notes,Location,IsUsed,IsStickered
3957b,0,7,,2 - Bin drawer Antenna|Bars,False,False
3957a,0,3,,2 - Bin drawer Antenna|Bars,False,False
2569,0,6,,2 - Bin drawer Antenna|Bars,False,False
48729b,0,29,,2 - Bin drawer Holder|Clip|Pin,False,False
30359b,0,3,,2 - Bin drawer Bars special,False,False
78258,0,4,,2 - Bin drawer Towball|Ring|Bars|Studs side,False,False
87994,0,29,,2 - Bin drawer Bars small,False,False
30374,0,21,,2 - Bin drawer Bars small,False,False
87618,0,2,,2 - Bin drawer Antenna|Bars,False,False
63965,0,9,,2 - Bin drawer Antenna|Bars,False,False
2714b,0,2,,2 - Bin drawer Antenna|Bars,False,False
65578,0,1,,2 - Bin drawer Towball|Ring|Bars|Studs side,False,False
11090,0,18,,2 - Bin drawer Holder|Clip|Pin,False,False
23443,0,1,,2 - Bin drawer Holder|Clip|Pin,False,False
36840,0,19,,2 - Box Brackets inverted,False,False
73825,0,4,,2 - Box Brackets inverted,False,False
99781,0,15,,2 - Box Brackets,False,False
99780,0,41,,2 - Box Brackets inverted,False,False
10201,0,3,,2 - Box Brackets,False,False
28802,0,10,,2 - Box Brackets,False,False
2436,0,6,,2 - Box Brackets,False,False
44728,0,39,,2 - Box Brackets,False,False
99207,0,32,,2 - Box Brackets inverted,False,False
93274,0,6,,2 - Box Brackets,False,False
3956,0,5,,2 - Bin drawer Brackets,False,False
41682,0,3,,2 - Bin drawer Brackets,False,False
4733,0,5,,2 - Bin drawer Brick studs 2|4 sides,False,False
60476,0,8,,2 - Bin drawer Brick clip,False,False
60475b,0,6,,2 - Bin drawer Brick clip,False,False
60475a,0,7,,2 - Bin drawer Brick clip,False,False
2921,0,12,,2 - Box Handles,False,False
4070,0,16,,2 - Bin drawer Brick stud 1 side,False,False
87087,0,15,,2 - Bin drawer Brick stud 1 side,False,False
47905,0,10,,2 - Bin drawer Brick studs 2|4 sides,False,False
32952,0,9,,2 - Box Bricks side studs,False,False
11211,0,9,,2 - Box Bricks side studs,False,False
30236,0,3,,2 - Box Handles,False,False
52107,0,9,,2 - Box Bricks side studs,False,False
30237b,0,2,,2 - Bin drawer Brick clip,False,False
67329,0,21,,2 - Box Bricks side studs,False,False
4595,0,4,,2 - Bin drawer Towball|Ring|Bars|Studs side,False,False
30414,0,15,,2 - Box Bricks side studs,False,False
18585,0,1,,,,
11055,0,2,,2 - Bin drawer Flags|Road sign,False,False
44676,0,4,,2 - Bin drawer Flags|Road sign,False,False
2525,0,1,,2 - Bin drawer Flags|Road sign,False,False
30292,0,1,,2 - Bin drawer Flags|Road sign,False,False
30396,0,1,,2 - Bin drawer Hinges fingers large,False,False
3937,0,10,,2 - Bin drawer Hinges base-top|swivel,False,False
30364,0,5,,2 - Bin drawer Hinges fingers large,False,False
30386,0,2,,2 - Bin drawer Hinges fingers large,False,False
30365,0,6,,2 - Bin drawer Hinges fingers large,False,False
3938,0,9,,2 - Bin drawer Hinges base-top|swivel,False,False
30389b,0,1,,2 - Bin drawer Hinges fingers large,False,False
30389c,0,1,,2 - Bin drawer Hinges fingers large,False,False
40902,0,1,,2 - Bin drawer Hinges fingers large,False,False
6134,0,8,,2 - Bin drawer Hinges base-top|swivel,False,False
30552,0,8,,2 - Bin drawer Hook|Towball|Hinges,False,False
57360,0,1,,2 - Bin drawer Hook|Towball|Hinges,False,False
30553,0,8,,2 - Bin drawer Hook|Towball|Hinges,False,False
54662,0,1,,2 - Bin drawer Hook|Towball|Hinges,False,False
30554b,0,1,,2 - Bin drawer Hook|Towball|Hinges,False,False
41532,0,13,,2 - Bin drawer Hook|Towball|Hinges,False,False
44301b,0,3,,2 - Bin drawer Hinges fingers 1x2|2x1,False,False
44567a,0,2,,2 - Bin drawer Hinges fingers 1x2|2x1,False,False
44567b,0,14,,2 - Bin drawer Hinges fingers 1x2|2x1,False,False
30383,0,8,,2 - Bin drawer Hinges fingers 1x2|2x1,False,False
44302a,0,3,,2 - Bin drawer Hinges fingers 1x2|2x1,False,False
54657,0,2,,2 - Bin drawer Hinges fingers 1x2|2x1,False,False
44302b,0,1,,2 - Bin drawer Hinges fingers 1x2|2x1,False,False
60471,0,6,,2 - Bin drawer Hinges fingers 1x2|2x1,False,False
4276b,0,2,,2 - Bin drawer Hinges 2|4 fingers,False,False
73983,0,13,,2 - Bin drawer Hinges base-top|swivel,False,False
92582,0,4,,2 - Bin drawer Hinges fingers large,False,False
53941,0,1,,2 - Bin drawer Hinges fingers 1x2|2x1,False,False
4625,0,1,,2 - Bin drawer Hinges 2|4 fingers,False,False
44822,0,1,,2 - Bin drawer Hinges fingers large,False,False
4213,0,1,,2 - Bin drawer Hinges 2|4 fingers,False,False
4214,0,1,,2 - Bin drawer Hinges 2|4 fingers,False,False
4278,0,1,,2 - Bin drawer Towball|Ring|Bars|Studs side,False,False
32828,0,32,,2 - Bin drawer Holder|Clip|Pin,False,False
26047,0,16,,2 - Bin drawer Handle 1x1|1x2|tube,False,False
61252,0,22,,2 - Bin drawer Clip side 1x1,False,False
6019,0,2,,2 - Bin drawer Clip side 1x1,False,False
4081b,0,13,,2 - Bin drawer Rings,False,False
60897,0,27,,2 - Bin drawer Clip side 1x1,False,False
4085c,0,8,,2 - Bin drawer Clip side 1x1,False,False
4085a,0,6,,2 - Bin drawer Clip side 1x1,False,False
4085b,0,5,,2 - Bin drawer Clip side 1x1,False,False
44861,0,10,,2 - Bin drawer Clip top,False,False
48336,0,46,,2 - Box Handles,False,False
2540,0,24,,2 - Box Handles,False,False
92280,0,34,,2 - Bin drawer Clip top,False,False
15573,0,26,,2 - Box Jumpers,False,False
3794a,0,18,,2 - Box Jumpers,False,False
92692,0,6,,2 - Bin drawer Frames bars,False,False
88072,0,13,,2 - Bin drawer Arm up|down,False,False
4623,0,4,,2 - Bin drawer Arm up|down,False,False
63868,0,16,,2 - Bin drawer Clip 1x2|2x1,False,False
11476,0,5,,2 - Bin drawer Clip 1x2|2x1,False,False
60470b,0,33,,2 - Bin drawer Clip double,False,False
60470a,0,2,,2 - Bin drawer Clip double,False,False
78256,0,3,,2 - Bin drawer Clip 1x2|2x1,False,False
60478,0,13,,2 - Box Handles,False,False
3839b,0,7,,2 - Box Handles,False,False
18649,0,9,,2 - Bin drawer Handle 1x1|1x2|tube,False,False
3839a,0,1,,2 - Box Handles,False,False
2508,0,3,,2 - Bin drawer Hook|Towball|Hinges,False,False
34103,0,2,,2 - Box Jumpers,False,False
30043,0,5,,2 - Bin drawer Arm up|down,False,False
3184,0,1,,2 - Box bag Towball (in Handle box),False,False
27167,0,1,,2 - Box Handles,False,False
30033,0,1,,2 - Bin drawer Frames bars,False,False
75937,0,5,,2 - Bin drawer Frames bars,False,False
87580,0,5,,2 - Box Jumpers,False,False
15456,0,7,,2 - Box bag Towball (in Handle box),False,False
3730,0,2,,2 - Box bag Towball (in Handle box),False,False
63082,0,5,,2 - Box bag Towball (in Handle box),False,False
99206,0,11,,2 - Box Brackets inverted,False,False
87609,0,2,,2 - Box Brackets inverted,False,False
18674,0,2,,2 - Box Jumpers,False,False
15210pr0005,0,1,,2 - Bin drawer Flags|Road sign,False,False
13459,0,1,,2 - Bin drawer Flags|Road sign,False,False
93571,0,4,,2 - Box Technic connectors,False,False
32174,0,28,,2 - Box Technic connectors,False,False
92013,0,3,,2 - Box Technic connectors,False,False
47455,0,5,,2 - Box Technic connectors,False,False
20482,0,27,,2 - Bin drawer Holder|Clip|Pin,False,False
74698,0,4,,2 - Bin drawer Towball|Ring|Bars|Studs side,False,False
2376,0,1,,2 - Bin drawer Towball|Ring|Bars|Studs side,False,False
2555,0,5,,2 - Bin drawer Clip top,False,False
15712,0,40,,2 - Bin drawer Clip top,False,False
12825,0,2,,2 - Bin drawer Clip top,False,False
2432,0,16,,2 - Box Handles,False,False
30350b,0,1,,2 - Bin drawer Flags|Road sign,False,False
30350bpr0015,0,1,,2 - Bin drawer Flags|Road sign,False,False
65886,0,1,,2 - Bin drawer Flags|Road sign,False,False
3680,0,6,,2 - Bin drawer Turntable,False,False
251,0,1,,2 - Bin drawer Turntable,False,False
3403,0,1,,2 - Bin drawer Turntable,False,False
61485,0,1,,2 - Bin drawer Turntable,False,False
3404,0,1,,2 - Bin drawer Turntable,False,False
3957b,1,2,,2 - Bin drawer Antenna|Bars,False,False
3957a,1,1,,2 - Bin drawer Antenna|Bars,False,False
36840,1,2,,2 - Box Brackets inverted,False,False
99781,1,1,,2 - Box Brackets,False,False
44728,1,2,,2 - Box Brackets,False,False
99207,1,3,,2 - Box Brackets inverted,False,False
60475b,1,2,,2 - Bin drawer Brick clip,False,False
4070,1,3,,2 - Bin drawer Brick stud 1 side,False,False
87087,1,4,,2 - Bin drawer Brick stud 1 side,False,False
11211,1,2,,2 - Box Bricks side studs,False,False
30414,1,4,,2 - Box Bricks side studs,False,False
3937,1,4,,2 - Bin drawer Hinges base-top|swivel,False,False
30540,1,1,,2 - Bin drawer Hinges fingers large,False,False
3938,1,2,,2 - Bin drawer Hinges base-top|swivel,False,False
3831,1,2,,2 - Bin drawer Hinges base-top|swivel,False,False
3830,1,2,,2 - Bin drawer Hinges base-top|swivel,False,False
6134,1,1,,2 - Bin drawer Hinges base-top|swivel,False,False
61252,1,4,,2 - Bin drawer Clip side 1x1,False,False
4081b,1,8,,2 - Bin drawer Rings,False,False
4081a,1,2,,2 - Bin drawer Rings,False,False
60897,1,1,,2 - Bin drawer Clip side 1x1,False,False
4085c,1,1,,2 - Bin drawer Clip side 1x1,False,False
4085a,1,1,,2 - Bin drawer Clip side 1x1,False,False
4085b,1,4,,2 - Bin drawer Clip side 1x1,False,False
48336,1,18,,2 - Box Handles,False,False
15573,1,5,,2 - Box Jumpers,False,False
3794b,1,1,,2 - Box Jumpers,False,False
3794a,1,7,,2 - Box Jumpers,False,False
63868,1,2,,2 - Bin drawer Clip 1x2|2x1,False,False
11476,1,1,,2 - Bin drawer Clip 1x2|2x1,False,False
87580,1,7,,2 - Box Jumpers,False,False
32174,1,1,,2 - Box Technic connectors,False,False
15712,1,5,,2 - Bin drawer Clip top,False,False
2432,1,7,,2 - Box Handles,False,False
3680,1,7,,2 - Bin drawer Turntable,False,False
87994,10,2,,2 - Bin drawer Bars small,False,False
61252,10,1,,2 - Bin drawer Clip side 1x1,False,False
87580,10,4,,2 - Box Jumpers,False,False
18674,10,1,,2 - Box Jumpers,False,False
20482,10,2,,2 - Bin drawer Holder|Clip|Pin,False,False
34103,212,2,,2 - Box Jumpers,False,False
44728,191,2,,2 - Box Brackets,False,False
60475b,191,4,,2 - Bin drawer Brick clip,False,False
87087,191,5,,2 - Bin drawer Brick stud 1 side,False,False
32952,191,4,,2 - Box Bricks side studs,False,False
44676,191,1,,2 - Bin drawer Flags|Road sign,False,False
61252,191,2,,2 - Bin drawer Clip side 1x1,False,False
15573,191,8,,2 - Box Jumpers,False,False
60470b,191,2,,2 - Bin drawer Clip double,False,False
60478,191,6,,2 - Box Handles,False,False
18649,191,1,,2 - Bin drawer Handle 1x1|1x2|tube,False,False
34103,191,1,,2 - Box Jumpers,False,False
87580,191,2,,2 - Box Jumpers,False,False
87609,191,1,,2 - Box Brackets inverted,False,False
20482,191,5,,2 - Bin drawer Holder|Clip|Pin,False,False
36840,226,2,,2 - Box Brackets inverted,False,False
99207,226,5,,2 - Box Brackets inverted,False,False
11211,226,4,,2 - Box Bricks side studs,False,False
22885,226,6,,2 - Box Bricks side studs,False,False
32828,226,6,,2 - Bin drawer Holder|Clip|Pin,False,False
15573,226,5,,2 - Box Jumpers,False,False
60478,226,4,,2 - Box Handles,False,False
87580,226,4,,2 - Box Jumpers,False,False
99206,226,1,,2 - Box Brackets inverted,False,False
15712,226,4,,2 - Bin drawer Clip top,False,False
87087,29,6,,2 - Bin drawer Brick stud 1 side,False,False
87580,29,1,,2 - Box Jumpers,False,False
20482,29,5,,2 - Bin drawer Holder|Clip|Pin,False,False
3956,6,4,,2 - Bin drawer Brackets,False,False
87580,1050,1,,2 - Box Jumpers,False,False
99780,321,9,,2 - Box Brackets inverted,False,False
87087,321,9,,2 - Bin drawer Brick stud 1 side,False,False
15573,321,13,,2 - Box Jumpers,False,False
87580,321,4,,2 - Box Jumpers,False,False
87609,321,2,,2 - Box Brackets inverted,False,False
20482,321,5,,2 - Bin drawer Holder|Clip|Pin,False,False
36841,272,2,,2 - Box Brackets,False,False
44728,272,2,,2 - Box Brackets,False,False
87087,272,3,,2 - Bin drawer Brick stud 1 side,False,False
11211,272,4,,2 - Box Bricks side studs,False,False
44676,272,3,,2 - Bin drawer Flags|Road sign,False,False
15573,272,5,,2 - Box Jumpers,False,False
87580,272,7,,2 - Box Jumpers,False,False
65886,272,1,,2 - Bin drawer Flags|Road sign,False,False
2569,72,1,,2 - Bin drawer Antenna|Bars,False,False
48729b,72,30,,2 - Bin drawer Holder|Clip|Pin,False,False
30359b,72,1,,2 - Bin drawer Bars special,False,False
78258,72,3,,2 - Bin drawer Towball|Ring|Bars|Studs side,False,False
22484,72,4,,2 - Bin drawer Towball|Ring|Bars|Studs side,False,False
87994,72,3,,2 - Bin drawer Bars small,False,False
63965,72,5,,2 - Bin drawer Antenna|Bars,False,False
11090,72,4,,2 - Bin drawer Holder|Clip|Pin,False,False
36841,72,2,,2 - Box Brackets,False,False
36840,72,13,,2 - Box Brackets inverted,False,False
73825,72,2,,2 - Box Brackets inverted,False,False
99781,72,6,,2 - Box Brackets,False,False
99780,72,34,,2 - Box Brackets inverted,False,False
28802,72,1,,2 - Box Brackets,False,False
44728,72,22,,2 - Box Brackets,False,False
93274,72,3,,2 - Box Brackets,False,False
4733,72,6,,2 - Bin drawer Brick studs 2|4 sides,False,False
60475b,72,3,,2 - Bin drawer Brick clip,False,False
4070,72,16,,2 - Bin drawer Brick stud 1 side,False,False
87087,72,14,,2 - Bin drawer Brick stud 1 side,False,False
47905,72,8,,2 - Bin drawer Brick studs 2|4 sides,False,False
32952,72,1,,2 - Box Bricks side studs,False,False
11211,72,1,,2 - Box Bricks side studs,False,False
30236,72,2,,2 - Box Handles,False,False
30237b,72,1,,2 - Bin drawer Brick clip,False,False
30237a,72,13,,2 - Bin drawer Brick clip,False,False
30414,72,3,,2 - Box Bricks side studs,False,False
27168,72,1,,2 - Box bag Towball (in Handle box),False,False
44676,72,1,,2 - Bin drawer Flags|Road sign,False,False
3937,72,6,,2 - Bin drawer Hinges base-top|swivel,False,False
30365,72,8,,2 - Bin drawer Hinges fingers large,False,False
30552,72,6,,2 - Bin drawer Hook|Towball|Hinges,False,False
30553,72,3,,2 - Bin drawer Hook|Towball|Hinges,False,False
44301a,72,2,,2 - Bin drawer Hinges fingers 1x2|2x1,False,False
44301b,72,13,,2 - Bin drawer Hinges fingers 1x2|2x1,False,False
44567a,72,4,,2 - Bin drawer Hinges fingers 1x2|2x1,False,False
44567b,72,1,,2 - Bin drawer Hinges fingers 1x2|2x1,False,False
30383,72,1,,2 - Bin drawer Hinges fingers 1x2|2x1,False,False
44302a,72,4,,2 - Bin drawer Hinges fingers 1x2|2x1,False,False
54657,72,4,,2 - Bin drawer Hinges fingers 1x2|2x1,False,False
44302b,72,10,,2 - Bin drawer Hinges fingers 1x2|2x1,False,False
73983,72,2,,2 - Bin drawer Hinges base-top|swivel,False,False
44300,72,1,,2 - Bin drawer Hinges fingers 1x2|2x1,False,False
92092,72,5,,2 - Bin drawer Hinges fingers large,False,False
30395,72,11,,2 - Bin drawer Hook|Towball|Hinges,False,False
32828,72,1,,2 - Bin drawer Holder|Clip|Pin,False,False
61252,72,25,,2 - Bin drawer Clip side 1x1,False,False
6019,72,4,,2 - Bin drawer Clip side 1x1,False,False
4081b,72,24,,2 - Bin drawer Rings,False,False
60897,72,20,,2 - Bin drawer Clip side 1x1,False,False
4085c,72,10,,2 - Bin drawer Clip side 1x1,False,False
48336,72,1,,2 - Box Handles,False,False
2540,72,24,,2 - Box Handles,False,False
15573,72,17,,2 - Box Jumpers,False,False
3794b,72,7,,2 - Box Jumpers,False,False
3794a,72,5,,2 - Box Jumpers,False,False
14417,72,46,,2 - Box bag Towball (in Handle box),False,False
14419,72,22,,2 - Box bag Towball (in Handle box),False,False
88072,72,2,,2 - Bin drawer Arm up|down,False,False
63868,72,19,,2 - Bin drawer Clip 1x2|2x1,False,False
22890,72,9,,2 - Box bag Towball (in Handle box),False,False
60478,72,25,,2 - Box Handles,False,False
3839b,72,6,,2 - Box Handles,False,False
4590,72,4,,2 - Bin drawer Rings,False,False
30033,72,1,,2 - Bin drawer Frames bars,False,False
87580,72,17,,2 - Box Jumpers,False,False
11399,72,1,,2 - Bin drawer Clip double,False,False
18674,72,11,,2 - Box Jumpers,False,False
15210,72,2,,2 - Bin drawer Flags|Road sign,False,False
47296,72,4,,2 - Box Technic connectors,False,False
50898,72,4,,2 - Box Technic connectors,False,False
32174,72,5,,2 - Box Technic connectors,False,False
50923,72,6,,2 - Box Technic connectors,False,False
57909b,72,4,,2 - Box Technic connectors,False,False
57909a,72,5,,2 - Box Technic connectors,False,False
57908,72,3,,2 - Box Technic connectors,False,False
57910,72,2,,2 - Box Technic connectors,False,False
92013,72,2,,2 - Box Technic connectors,False,False
48170,72,1,,2 - Box Technic connectors,False,False
48171,72,4,,2 - Box Technic connectors,False,False
48169,72,2,,2 - Box Technic connectors,False,False
15460,72,1,,2 - Bin drawer Hook|Towball|Hinges,False,False
20482,72,4,,2 - Bin drawer Holder|Clip|Pin,False,False
15712,72,20,,2 - Bin drawer Clip top,False,False
12825,72,2,,2 - Bin drawer Clip top,False,False
2432,72,14,,2 - Box Handles,False,False
30350a,72,4,,2 - Bin drawer Flags|Road sign,False,False
30350b,72,5,,2 - Bin drawer Flags|Road sign,False,False
30350c,72,1,,2 - Bin drawer Flags|Road sign,False,False
65886,72,1,,2 - Bin drawer Flags|Road sign,False,False
87994,308,2,,2 - Bin drawer Bars small,False,False
57909b,308,1,,2 - Box Technic connectors,False,False
30359a,8,1,,2 - Bin drawer Bars special,False,False
4070,8,2,,2 - Bin drawer Brick stud 1 side,False,False
30364,8,2,,2 - Bin drawer Hinges fingers large,False,False
76385,8,2,,2 - Bin drawer Hinges fingers large,False,False
30552,8,1,,2 - Bin drawer Hook|Towball|Hinges,False,False
30553,8,1,,2 - Bin drawer Hook|Towball|Hinges,False,False
30395,8,1,,2 - Bin drawer Hook|Towball|Hinges,False,False
2555,8,1,,2 - Bin drawer Clip top,False,False
87087,288,1,,2 - Bin drawer Brick stud 1 side,False,False
15573,288,1,,2 - Box Jumpers,False,False
65509,288,2,,2 - Box Jumpers,False,False
30259,288,1,,2 - Bin drawer Flags|Road sign,False,False
32174,288,4,,2 - Box Technic connectors,False,False
20482,288,1,,2 - Bin drawer Holder|Clip|Pin,False,False
36841,484,4,,2 - Box Brackets,False,False
87087,484,2,,2 - Bin drawer Brick stud 1 side,False,False
34103,484,1,,2 - Box Jumpers,False,False
65509,484,1,,2 - Box Jumpers,False,False
87087,5,4,,2 - Bin drawer Brick stud 1 side,False,False
4495b,5,3,,2 - Bin drawer Flags|Road sign,False,False
15573,5,8,,2 - Box Jumpers,False,False
87580,5,1,,2 - Box Jumpers,False,False
18674,5,3,,2 - Box Jumpers,False,False
20482,5,3,,2 - Bin drawer Holder|Clip|Pin,False,False
36841,85,6,,2 - Box Brackets,False,False
87087,85,1,,2 - Bin drawer Brick stud 1 side,False,False
32952,85,12,,2 - Box Bricks side studs,False,False
44676,85,2,,2 - Bin drawer Flags|Road sign,False,False
61252,85,6,,2 - Bin drawer Clip side 1x1,False,False
60897,85,1,,2 - Bin drawer Clip side 1x1,False,False
15573,85,9,,2 - Box Jumpers,False,False
87580,85,1,,2 - Box Jumpers,False,False
18674,85,7,,2 - Box Jumpers,False,False
23443,320,2,,2 - Bin drawer Holder|Clip|Pin,False,False
73825,320,1,,2 - Box Brackets inverted,False,False
4070,320,10,,2 - Bin drawer Brick stud 1 side,False,False
11211,320,7,,2 - Box Bricks side studs,False,False
61252,320,3,,2 - Bin drawer Clip side 1x1,False,False
4081b,320,4,,2 - Bin drawer Rings,False,False
48336,320,2,,2 - Box Handles,False,False
15573,320,6,,2 - Box Jumpers,False,False
3794b,320,1,,2 - Box Jumpers,False,False
3794a,320,20,,2 - Box Jumpers,False,False
87580,320,8,,2 - Box Jumpers,False,False
15712,320,9,,2 - Bin drawer Clip top,False,False
99780,28,1,,2 - Box Brackets inverted,False,False
11211,28,2,,2 - Box Bricks side studs,False,False
15573,28,4,,2 - Box Jumpers,False,False
87580,28,9,,2 - Box Jumpers,False,False
18674,28,2,,2 - Box Jumpers,False,False
20482,28,2,,2 - Bin drawer Holder|Clip|Pin,False,False
99781,3,1,,2 - Box Brackets,False,False
79194,3,1,,2 - Bin drawer Towball|Ring|Bars|Studs side,False,False
34103,3,1,,2 - Box Jumpers,False,False
75937,179,3,,2 - Bin drawer Frames bars,False,False
30350bpr0013,179,1,,2 - Bin drawer Flags|Road sign,False,False
30374,2,2,,2 - Bin drawer Bars small,False,False
65578,2,1,,2 - Bin drawer Towball|Ring|Bars|Studs side,False,False
99780,2,2,,2 - Box Brackets inverted,False,False
44728,2,5,,2 - Box Brackets,False,False
4070,2,13,,2 - Bin drawer Brick stud 1 side,False,False
11211,2,11,,2 - Box Bricks side studs,False,False
4495b,2,1,,2 - Bin drawer Flags|Road sign,False,False
15573,2,3,,2 - Box Jumpers,False,False
3794b,2,1,,2 - Box Jumpers,False,False
3794a,2,6,,2 - Box Jumpers,False,False
60470b,2,2,,2 - Bin drawer Clip double,False,False
87580,2,3,,2 - Box Jumpers,False,False
99206,2,3,,2 - Box Brackets inverted,False,False
87609,2,1,,2 - Box Brackets inverted,False,False
87087,323,1,,2 - Bin drawer Brick stud 1 side,False,False
87580,323,3,,2 - Box Jumpers,False,False
3957b,71,4,,2 - Bin drawer Antenna|Bars,False,False
3957a,71,2,,2 - Bin drawer Antenna|Bars,False,False
48729b,71,16,,2 - Bin drawer Holder|Clip|Pin,False,False
92690,71,2,,2 - Bin drawer Towball|Ring|Bars|Studs side,False,False
99784,71,3,,2 - Bin drawer Bars special,False,False
42445,71,4,,2 - Bin drawer Bars special,False,False
30359b,71,1,,2 - Bin drawer Bars special,False,False
87994,71,13,,2 - Bin drawer Bars small,False,False
30374,71,9,,2 - Bin drawer Bars small,False,False
87618,71,1,,2 - Bin drawer Antenna|Bars,False,False
4095,71,2,,2 - Bin drawer Antenna|Bars,False,False
63965,71,7,,2 - Bin drawer Antenna|Bars,False,False
2714b,71,4,,2 - Bin drawer Antenna|Bars,False,False
2714a,71,2,,2 - Bin drawer Antenna|Bars,False,False
65578,71,2,,2 - Bin drawer Towball|Ring|Bars|Studs side,False,False
23443,71,2,,2 - Bin drawer Holder|Clip|Pin,False,False
36841,71,16,,2 - Box Brackets,False,False
36840,71,5,,2 - Box Brackets inverted,False,False
79389,71,6,,2 - Box Brackets,False,False
73825,71,2,,2 - Box Brackets inverted,False,False
99781,71,18,,2 - Box Brackets,False,False
99780,71,19,,2 - Box Brackets inverted,False,False
10201,71,5,,2 - Box Brackets,False,False
2436,71,9,,2 - Box Brackets,False,False
44728,71,13,,2 - Box Brackets,False,False
99207,71,30,,2 - Box Brackets inverted,False,False
3956,71,3,,2 - Bin drawer Brackets,False,False
4733,71,6,,2 - Bin drawer Brick studs 2|4 sides,False,False
60476,71,2,,2 - Bin drawer Brick clip,False,False
60475b,71,4,,2 - Bin drawer Brick clip,False,False
60475a,71,7,,2 - Bin drawer Brick clip,False,False
2921,71,2,,2 - Box Handles,False,False
4070,71,28,,2 - Bin drawer Brick stud 1 side,False,False
87087,71,9,,2 - Bin drawer Brick stud 1 side,False,False
26604,71,4,,2 - Bin drawer Brick studs 2|4 sides,False,False
47905,71,4,,2 - Bin drawer Brick studs 2|4 sides,False,False
32952,71,2,,2 - Box Bricks side studs,False,False
11211,71,17,,2 - Box Bricks side studs,False,False
30236,71,3,,2 - Box Handles,False,False
52107,71,3,,2 - Box Bricks side studs,False,False
30237b,71,1,,2 - Bin drawer Brick clip,False,False
34816,71,5,,2 - Box Handles,False,False
22885,71,26,,2 - Box Bricks side studs,False,False
4595,71,3,,2 - Bin drawer Towball|Ring|Bars|Studs side,False,False
30414,71,6,,2 - Box Bricks side studs,False,False
11055,71,1,,2 - Bin drawer Flags|Road sign,False,False
80324,71,1,,2 - Bin drawer Flags|Road sign,False,False
3937,71,12,,2 - Bin drawer Hinges base-top|swivel,False,False
30365,71,4,,2 - Bin drawer Hinges fingers large,False,False
3938,71,3,,2 - Bin drawer Hinges base-top|swivel,False,False
30387,71,12,,2 - Bin drawer Hinges fingers large,False,False
3831,71,2,,2 - Bin drawer Hinges base-top|swivel,False,False
3830,71,2,,2 - Bin drawer Hinges base-top|swivel,False,False
30389c,71,3,,2 - Bin drawer Hinges fingers large,False,False
6134,71,18,,2 - Bin drawer Hinges base-top|swivel,False,False
30552,71,4,,2 - Bin drawer Hook|Towball|Hinges,False,False
57360,71,2,,2 - Bin drawer Hook|Towball|Hinges,False,False
30553,71,3,,2 - Bin drawer Hook|Towball|Hinges,False,False
44301b,71,6,,2 - Bin drawer Hinges fingers 1x2|2x1,False,False
44567a,71,3,,2 - Bin drawer Hinges fingers 1x2|2x1,False,False
44567b,71,3,,2 - Bin drawer Hinges fingers 1x2|2x1,False,False
30383,71,2,,2 - Bin drawer Hinges fingers 1x2|2x1,False,False
44302a,71,12,,2 - Bin drawer Hinges fingers 1x2|2x1,False,False
44302b,71,2,,2 - Bin drawer Hinges fingers 1x2|2x1,False,False
50340,71,1,,2 - Bin drawer Hinges fingers 1x2|2x1,False,False
60471,71,14,,2 - Bin drawer Hinges fingers 1x2|2x1,False,False
44568,71,10,,2 - Bin drawer Hinges fingers large,False,False
73983,71,2,,2 - Bin drawer Hinges base-top|swivel,False,False
92582,71,5,,2 - Bin drawer Hinges fingers large,False,False
50337,71,3,,2 - Bin drawer Hinges fingers large,False,False
44570,71,5,,2 - Bin drawer Hinges fingers large,False,False
44300,71,2,,2 - Bin drawer Hinges fingers 1x2|2x1,False,False
53941,71,2,,2 - Bin drawer Hinges fingers 1x2|2x1,False,False
3731,71,1,,2 - Box bag Towball (in Handle box),False,False
79194,71,1,,2 - Bin drawer Towball|Ring|Bars|Studs side,False,False
32828,71,14,,2 - Bin drawer Holder|Clip|Pin,False,False
26047,71,11,,2 - Bin drawer Handle 1x1|1x2|tube,False,False
61252,71,24,,2 - Bin drawer Clip side 1x1,False,False
6019,71,3,,2 - Bin drawer Clip side 1x1,False,False
4081b,71,29,,2 - Bin drawer Rings,False,False
60897,71,21,,2 - Bin drawer Clip side 1x1,False,False
4085c,71,2,,2 - Bin drawer Clip side 1x1,False,False
14704,71,28,,2 - Box bag Towball (in Handle box),False,False
14418,71,35,,2 - Box bag Towball (in Handle box),False,False
44861,71,5,,2 - Bin drawer Clip top,False,False
48336,71,28,,2 - Box Handles,False,False
2540,71,20,,2 - Box Handles,False,False
92280,71,9,,2 - Bin drawer Clip top,False,False
15573,71,38,,2 - Box Jumpers,False,False
3794a,71,7,,2 - Box Jumpers,False,False
88072,71,8,,2 - Bin drawer Arm up|down,False,False
4623,71,2,,2 - Bin drawer Arm up|down,False,False
63868,71,18,,2 - Bin drawer Clip 1x2|2x1,False,False
11476,71,18,,2 - Bin drawer Clip 1x2|2x1,False,False
60470b,71,19,,2 - Bin drawer Clip double,False,False
60478,71,10,,2 - Box Handles,False,False
3839b,71,5,,2 - Box Handles,False,False
18649,71,4,,2 - Bin drawer Handle 1x1|1x2|tube,False,False
34103,71,9,,2 - Box Jumpers,False,False
4590,71,5,,2 - Bin drawer Rings,False,False
30043,71,3,,2 - Bin drawer Arm up|down,False,False
98263,71,2,,2 - Box bag Towball (in Handle box),False,False
87580,71,23,,2 - Box Jumpers,False,False
15456,71,6,,2 - Box bag Towball (in Handle box),False,False
63082,71,6,,2 - Box bag Towball (in Handle box),False,False
99206,71,17,,2 - Box Brackets inverted,False,False
87609,71,2,,2 - Box Brackets inverted,False,False
18674,71,5,,2 - Box Jumpers,False,False
50898,71,2,,2 - Box Technic connectors,False,False
20482,71,10,,2 - Bin drawer Holder|Clip|Pin,False,False
2555,71,5,,2 - Bin drawer Clip top,False,False
15712,71,11,,2 - Bin drawer Clip top,False,False
12825,71,5,,2 - Bin drawer Clip top,False,False
2432,71,22,,2 - Box Handles,False,False
98549,71,3,,2 - Bin drawer Bars special,False,False
3679,71,16,,2 - Bin drawer Turntable,False,False
61485,71,2,,2 - Bin drawer Turntable,False,False
3957a,7,4,,2 - Bin drawer Antenna|Bars,False,False
3956,7,2,,2 - Bin drawer Brackets,False,False
4070,7,2,,2 - Bin drawer Brick stud 1 side,False,False
3937,7,5,,2 - Bin drawer Hinges base-top|swivel,False,False
30365,7,2,,2 - Bin drawer Hinges fingers large,False,False
3938,7,4,,2 - Bin drawer Hinges base-top|swivel,False,False
6019,7,1,,2 - Bin drawer Clip side 1x1,False,False
4081b,7,7,,2 - Bin drawer Rings,False,False
4081a,7,1,,2 - Bin drawer Rings,False,False
2540,7,2,,2 - Box Handles,False,False
3794a,7,2,,2 - Box Jumpers,False,False
3839b,7,2,,2 - Box Handles,False,False
4590,7,2,,2 - Bin drawer Rings,False,False
3680,7,2,,2 - Bin drawer Turntable,False,False
3679,7,5,,2 - Bin drawer Turntable,False,False
11211,78,2,,2 - Box Bricks side studs,False,False
99781,27,1,,2 - Box Brackets,False,False
44728,27,4,,2 - Box Brackets,False,False
93274,27,1,,2 - Box Brackets,False,False
4733,27,2,,2 - Bin drawer Brick studs 2|4 sides,False,False
4070,27,6,,2 - Bin drawer Brick stud 1 side,False,False
11211,27,9,,2 - Box Bricks side studs,False,False
4081b,27,7,,2 - Bin drawer Rings,False,False
15573,27,12,,2 - Box Jumpers,False,False
63868,27,7,,2 - Bin drawer Clip 1x2|2x1,False,False
87580,27,8,,2 - Box Jumpers,False,False
99206,27,1,,2 - Box Brackets inverted,False,False
4081b,26,2,,2 - Bin drawer Rings,False,False
15573,26,15,,2 - Box Jumpers,False,False
11476,26,7,,2 - Bin drawer Clip 1x2|2x1,False,False
87580,26,13,,2 - Box Jumpers,False,False
4081b,322,3,,2 - Bin drawer Rings,False,False
15573,322,2,,2 - Box Jumpers,False,False
11476,322,1,,2 - Bin drawer Clip 1x2|2x1,False,False
87580,322,10,,2 - Box Jumpers,False,False
18674,322,5,,2 - Box Jumpers,False,False
2432,322,1,,2 - Box Handles,False,False
4070,73,2,,2 - Bin drawer Brick stud 1 side,False,False
15573,73,4,,2 - Box Jumpers,False,False
87580,73,4,,2 - Box Jumpers,False,False
87087,30,2,,2 - Bin drawer Brick stud 1 side,False,False
87580,30,1,,2 - Box Jumpers,False,False
65578,84,2,,2 - Bin drawer Towball|Ring|Bars|Studs side,False,False
60475b,84,6,,2 - Bin drawer Brick clip,False,False
87087,84,4,,2 - Bin drawer Brick stud 1 side,False,False
44861,84,1,,2 - Bin drawer Clip top,False,False
15573,84,1,,2 - Box Jumpers,False,False
11476,84,2,,2 - Bin drawer Clip 1x2|2x1,False,False
60470b,84,3,,2 - Bin drawer Clip double,False,False
34103,84,6,,2 - Box Jumpers,False,False
75937,84,4,,2 - Bin drawer Frames bars,False,False
87580,84,6,,2 - Box Jumpers,False,False
30350b,84,1,,2 - Bin drawer Flags|Road sign,False,False
48729b,25,3,,2 - Bin drawer Holder|Clip|Pin,False,False
99781,25,1,,2 - Box Brackets,False,False
99780,25,2,,2 - Box Brackets inverted,False,False
44728,25,8,,2 - Box Brackets,False,False
99207,25,2,,2 - Box Brackets inverted,False,False
11211,25,2,,2 - Box Bricks side studs,False,False
61252,25,6,,2 - Bin drawer Clip side 1x1,False,False
60897,25,21,,2 - Bin drawer Clip side 1x1,False,False
4085b,25,1,,2 - Bin drawer Clip side 1x1,False,False
2540,25,1,,2 - Box Handles,False,False
15573,25,6,,2 - Box Jumpers,False,False
88072,25,2,,2 - Bin drawer Arm up|down,False,False
87580,25,10,,2 - Box Jumpers,False,False
99206,25,1,,2 - Box Brackets inverted,False,False
32174,25,2,,2 - Box Technic connectors,False,False
65886,25,1,,2 - Bin drawer Flags|Road sign,False,False
92690,297,5,,2 - Bin drawer Towball|Ring|Bars|Studs side,False,False
87994,297,16,,2 - Bin drawer Bars small,False,False
30374,297,5,,2 - Bin drawer Bars small,False,False
63965,297,3,,2 - Bin drawer Antenna|Bars,False,False
23443,297,7,,2 - Bin drawer Holder|Clip|Pin,False,False
32828,297,2,,2 - Bin drawer Holder|Clip|Pin,False,False
26047,297,8,,2 - Bin drawer Handle 1x1|1x2|tube,False,False
61252,297,7,,2 - Bin drawer Clip side 1x1,False,False
48336,297,11,,2 - Box Handles,False,False
2540,297,2,,2 - Box Handles,False,False
15573,297,41,,2 - Box Jumpers,False,False
3794a,297,1,,2 - Box Jumpers,False,False
87580,297,12,,2 - Box Jumpers,False,False
20482,297,22,,2 - Bin drawer Holder|Clip|Pin,False,False
15712,297,19,,2 - Bin drawer Clip top,False,False
30350bpr0012,297,1,,2 - Bin drawer Flags|Road sign,False,False
92690,1103,3,,2 - Bin drawer Towball|Ring|Bars|Studs side,False,False
73825,4,1,,2 - Box Brackets inverted,False,False
99780,4,23,,2 - Box Brackets inverted,False,False
28802,4,1,,2 - Box Brackets,False,False
2436,4,1,,2 - Box Brackets,False,False
44728,4,7,,2 - Box Brackets,False,False
99207,4,4,,2 - Box Brackets inverted,False,False
93274,4,4,,2 - Box Brackets,False,False
60475b,4,2,,2 - Bin drawer Brick clip,False,False
2921,4,2,,2 - Box Handles,False,False
4070,4,27,,2 - Bin drawer Brick stud 1 side,False,False
87087,4,8,,2 - Bin drawer Brick stud 1 side,False,False
47905,4,6,,2 - Bin drawer Brick studs 2|4 sides,False,False
32952,4,2,,2 - Box Bricks side studs,False,False
60583b,4,2,,2 - Bin drawer Brick clip,False,False
11211,4,8,,2 - Box Bricks side studs,False,False
52107,4,1,,2 - Box Bricks side studs,False,False
30237b,4,4,,2 - Bin drawer Brick clip,False,False
30237a,4,1,,2 - Bin drawer Brick clip,False,False
22885,4,7,,2 - Box Bricks side studs,False,False
30414,4,2,,2 - Box Bricks side studs,False,False
87617,4,1,,2 - Bin drawer Handle 1x1|1x2|tube,False,False
11055,4,1,,2 - Bin drawer Flags|Road sign,False,False
4495b,4,1,,2 - Bin drawer Flags|Road sign,False,False
3937,4,3,,2 - Bin drawer Hinges base-top|swivel,False,False
3938,4,2,,2 - Bin drawer Hinges base-top|swivel,False,False
6134,4,1,,2 - Bin drawer Hinges base-top|swivel,False,False
44301b,4,2,,2 - Bin drawer Hinges fingers 1x2|2x1,False,False
44302a,4,3,,2 - Bin drawer Hinges fingers 1x2|2x1,False,False
4276b,4,2,,2 - Bin drawer Hinges 2|4 fingers,False,False
4275a,4,2,,2 - Bin drawer Hinges 2|4 fingers,False,False
92582,4,3,,2 - Bin drawer Hinges fingers large,False,False
3149bc01,4,1,,2 - Bin drawer Hinges 2|4 fingers,False,False
3149ac01,4,1,,2 - Bin drawer Hinges 2|4 fingers,False,False
4213,4,4,,2 - Bin drawer Hinges 2|4 fingers,False,False
4214,4,5,,2 - Bin drawer Hinges 2|4 fingers,False,False
3731,4,1,,2 - Box bag Towball (in Handle box),False,False
61252,4,10,,2 - Bin drawer Clip side 1x1,False,False
6019,4,2,,2 - Bin drawer Clip side 1x1,False,False
4081b,4,2,,2 - Bin drawer Rings,False,False
60897,4,16,,2 - Bin drawer Clip side 1x1,False,False
4085c,4,1,,2 - Bin drawer Clip side 1x1,False,False
4085b,4,1,,2 - Bin drawer Clip side 1x1,False,False
44861,4,4,,2 - Bin drawer Clip top,False,False
48336,4,9,,2 - Box Handles,False,False
2540,4,5,,2 - Box Handles,False,False
92280,4,6,,2 - Bin drawer Clip top,False,False
15573,4,6,,2 - Box Jumpers,False,False
3794b,4,3,,2 - Box Jumpers,False,False
3794a,4,5,,2 - Box Jumpers,False,False
88072,4,3,,2 - Bin drawer Arm up|down,False,False
63868,4,1,,2 - Bin drawer Clip 1x2|2x1,False,False
60470b,4,3,,2 - Bin drawer Clip double,False,False
60478,4,8,,2 - Box Handles,False,False
87580,4,15,,2 - Box Jumpers,False,False
3730,4,1,,2 - Box bag Towball (in Handle box),False,False
99206,4,1,,2 - Box Brackets inverted,False,False
18674,4,4,,2 - Box Jumpers,False,False
92013,4,1,,2 - Box Technic connectors,False,False
20482,4,10,,2 - Bin drawer Holder|Clip|Pin,False,False
15712,4,4,,2 - Bin drawer Clip top,False,False
2432,4,7,,2 - Box Handles,False,False
30350b,4,4,,2 - Bin drawer Flags|Road sign,False,False
3680,4,4,,2 - Bin drawer Turntable,False,False
3403c01,4,2,,2 - Bin drawer Turntable,False,False
3957b,70,8,,2 - Bin drawer Antenna|Bars,False,False
48729b,70,4,,2 - Bin drawer Holder|Clip|Pin,False,False
92690,70,2,,2 - Bin drawer Towball|Ring|Bars|Studs side,False,False
87994,70,15,,2 - Bin drawer Bars small,False,False
30374,70,13,,2 - Bin drawer Bars small,False,False
87618,70,1,,2 - Bin drawer Antenna|Bars,False,False
11090,70,7,,2 - Bin drawer Holder|Clip|Pin,False,False
44728,70,2,,2 - Box Brackets,False,False
2921,70,1,,2 - Box Handles,False,False
4070,70,16,,2 - Bin drawer Brick stud 1 side,False,False
87087,70,13,,2 - Bin drawer Brick stud 1 side,False,False
30237b,70,2,,2 - Bin drawer Brick clip,False,False
30414,70,2,,2 - Box Bricks side studs,False,False
3831,70,2,,2 - Bin drawer Hinges base-top|swivel,False,False
3830,70,2,,2 - Bin drawer Hinges base-top|swivel,False,False
32828,70,3,,2 - Bin drawer Holder|Clip|Pin,False,False
26047,70,6,,2 - Bin drawer Handle 1x1|1x2|tube,False,False
60897,70,5,,2 - Bin drawer Clip side 1x1,False,False
15573,70,10,,2 - Box Jumpers,False,False
3794a,70,2,,2 - Box Jumpers,False,False
63868,70,8,,2 - Bin drawer Clip 1x2|2x1,False,False
11476,70,2,,2 - Bin drawer Clip 1x2|2x1,False,False
60478,70,8,,2 - Box Handles,False,False
30094,70,3,,2 - Bin drawer Frames bars,False,False
87580,70,4,,2 - Box Jumpers,False,False
18674,70,8,,2 - Box Jumpers,False,False
30259,70,7,,2 - Bin drawer Flags|Road sign,False,False
20482,70,17,,2 - Bin drawer Holder|Clip|Pin,False,False
15712,70,11,,2 - Bin drawer Clip top,False,False
2432,70,6,,2 - Box Handles,False,False
44676,379,4,,2 - Bin drawer Flags|Road sign,False,False
87580,379,1,,2 - Box Jumpers,False,False
47296,379,1,,2 - Box Technic connectors,False,False
32174,379,1,,2 - Box Technic connectors,False,False
15712,379,2,,2 - Bin drawer Clip top,False,False
44676,378,2,,2 - Bin drawer Flags|Road sign,False,False
32828,378,1,,2 - Bin drawer Holder|Clip|Pin,False,False
87580,378,1,,2 - Box Jumpers,False,False
15712,378,1,,2 - Bin drawer Clip top,False,False
30374,19,4,,2 - Bin drawer Bars small,False,False
44728,19,8,,2 - Box Brackets,False,False
99207,19,4,,2 - Box Brackets inverted,False,False
60475b,19,2,,2 - Bin drawer Brick clip,False,False
4070,19,6,,2 - Bin drawer Brick stud 1 side,False,False
87087,19,8,,2 - Bin drawer Brick stud 1 side,False,False
26604,19,6,,2 - Bin drawer Brick studs 2|4 sides,False,False
47905,19,2,,2 - Bin drawer Brick studs 2|4 sides,False,False
32952,19,1,,2 - Box Bricks side studs,False,False
60583b,19,3,,2 - Bin drawer Brick clip,False,False
11211,19,6,,2 - Box Bricks side studs,False,False
30237b,19,1,,2 - Bin drawer Brick clip,False,False
22885,19,1,,2 - Box Bricks side studs,False,False
30414,19,7,,2 - Box Bricks side studs,False,False
38583,19,4,,2 - Box Jumpers,False,False
3831,19,1,,2 - Bin drawer Hinges base-top|swivel,False,False
3830,19,1,,2 - Bin drawer Hinges base-top|swivel,False,False
79194,19,1,,2 - Bin drawer Towball|Ring|Bars|Studs side,False,False
32828,19,6,,2 - Bin drawer Holder|Clip|Pin,False,False
61252,19,4,,2 - Bin drawer Clip side 1x1,False,False
4081b,19,3,,2 - Bin drawer Rings,False,False
60897,19,7,,2 - Bin drawer Clip side 1x1,False,False
48336,19,3,,2 - Box Handles,False,False
2540,19,2,,2 - Box Handles,False,False
15573,19,19,,2 - Box Jumpers,False,False
3794b,19,2,,2 - Box Jumpers,False,False
3794a,19,6,,2 - Box Jumpers,False,False
88072,19,5,,2 - Bin drawer Arm up|down,False,False
11476,19,2,,2 - Bin drawer Clip 1x2|2x1,False,False
87580,19,19,,2 - Box Jumpers,False,False
99206,19,2,,2 - Box Brackets inverted,False,False
15712,19,1,,2 - Bin drawer Clip top,False,False
30374,35,1,,2 - Bin drawer Bars small,False,False
58176,35,6,,2 - Bin drawer Towball|Ring|Bars|Studs side,False,False
20612,40,2,,2 - Bin drawer Towball|Ring|Bars|Studs side,False,False
3957b,47,2,,2 - Bin drawer Antenna|Bars,False,False
3957a,47,1,,2 - Bin drawer Antenna|Bars,False,False
30359b,47,1,,2 - Bin drawer Bars special,False,False
30359a,47,1,,2 - Bin drawer Bars special,False,False
65578,47,11,,2 - Bin drawer Towball|Ring|Bars|Studs side,False,False
4070,47,21,,2 - Bin drawer Brick stud 1 side,False,False
25893,47,2,,2 - Bin drawer Towball|Ring|Bars|Studs side,False,False
87580,47,10,,2 - Box Jumpers,False,False
20482,47,26,,2 - Bin drawer Holder|Clip|Pin,False,False
58176,33,1,,2 - Bin drawer Towball|Ring|Bars|Studs side,False,False
87580,33,1,,2 - Box Jumpers,False,False
30374,41,2,,2 - Bin drawer Bars small,False,False
58176,41,2,,2 - Bin drawer Towball|Ring|Bars|Studs side,False,False
48170,41,1,,2 - Box Technic connectors,False,False
58176,143,3,,2 - Bin drawer Towball|Ring|Bars|Studs side,False,False
3957a,42,1,,2 - Bin drawer Antenna|Bars,False,False
30374,42,1,,2 - Bin drawer Bars small,False,False
2569,57,1,,2 - Bin drawer Antenna|Bars,False,False
48729b,57,2,,2 - Bin drawer Holder|Clip|Pin,False,False
22484,57,4,,2 - Bin drawer Towball|Ring|Bars|Studs side,False,False
30374,57,1,,2 - Bin drawer Bars small,False,False
30292,57,1,,2 - Bin drawer Flags|Road sign,False,False
58176,182,6,,2 - Bin drawer Towball|Ring|Bars|Studs side,False,False
30374,36,2,,2 - Bin drawer Bars small,False,False
58176,36,7,,2 - Bin drawer Towball|Ring|Bars|Studs side,False,False
4587,15,1,,2 - Bin drawer Hinges 2|4 fingers,False,False
3957b,15,11,,2 - Bin drawer Antenna|Bars,False,False
3957a,15,7,,2 - Bin drawer Antenna|Bars,False,False
48729b,15,2,,2 - Bin drawer Holder|Clip|Pin,False,False
78258,15,1,,2 - Bin drawer Towball|Ring|Bars|Studs side,False,False
87994,15,10,,2 - Bin drawer Bars small,False,False
30374,15,6,,2 - Bin drawer Bars small,False,False
4095,15,1,,2 - Bin drawer Antenna|Bars,False,False
63965,15,2,,2 - Bin drawer Antenna|Bars,False,False
11090,15,9,,2 - Bin drawer Holder|Clip|Pin,False,False
23443,15,1,,2 - Bin drawer Holder|Clip|Pin,False,False
36841,15,4,,2 - Box Brackets,False,False
36840,15,3,,2 - Box Brackets inverted,False,False
99781,15,15,,2 - Box Brackets,False,False
99780,15,10,,2 - Box Brackets inverted,False,False
10201,15,2,,2 - Box Brackets,False,False
28802,15,6,,2 - Box Brackets,False,False
2436,15,2,,2 - Box Brackets,False,False
44728,15,14,,2 - Box Brackets,False,False
99207,15,11,,2 - Box Brackets inverted,False,False
93274,15,9,,2 - Box Brackets,False,False
3956,15,1,,2 - Bin drawer Brackets,False,False
41682,15,2,,2 - Bin drawer Brackets,False,False
64570,15,2,,2 - Box Brackets inverted,False,False
4733,15,11,,2 - Bin drawer Brick studs 2|4 sides,False,False
60476,15,2,,2 - Bin drawer Brick clip,False,False
60475b,15,5,,2 - Bin drawer Brick clip,False,False
60475a,15,5,,2 - Bin drawer Brick clip,False,False
2921,15,2,,2 - Box Handles,False,False
4070,15,19,,2 - Bin drawer Brick stud 1 side,False,False
87087,15,25,,2 - Bin drawer Brick stud 1 side,False,False
26604,15,12,,2 - Bin drawer Brick studs 2|4 sides,False,False
47905,15,3,,2 - Bin drawer Brick studs 2|4 sides,False,False
32952,15,7,,2 - Box Bricks side studs,False,False
86876,15,1,,2 - Box Jumpers,False,False
11211,15,19,,2 - Box Bricks side studs,False,False
30236,15,5,,2 - Box Handles,False,False
52107,15,3,,2 - Box Bricks side studs,False,False
30237b,15,4,,2 - Bin drawer Brick clip,False,False
30237a,15,2,,2 - Bin drawer Brick clip,False,False
22885,15,8,,2 - Box Bricks side studs,False,False
67329,15,2,,2 - Box Bricks side studs,False,False
4595,15,2,,2 - Bin drawer Towball|Ring|Bars|Studs side,False,False
30414,15,8,,2 - Box Bricks side studs,False,False
38583,15,3,,2 - Box Jumpers,False,False
4715,15,1,,2 - Bin drawer Hinges 2|4 fingers,False,False
80326,15,3,,2 - Bin drawer Flags|Road sign,False,False
11055,15,2,,2 - Bin drawer Flags|Road sign,False,False
11055pr9999,15,2,,2 - Bin drawer Flags|Road sign,False,False
2335,15,1,,2 - Bin drawer Flags|Road sign,False,False
44676,15,12,,2 - Bin drawer Flags|Road sign,False,False
3937,15,12,,2 - Bin drawer Hinges base-top|swivel,False,False
3938,15,4,,2 - Bin drawer Hinges base-top|swivel,False,False
3831,15,1,,2 - Bin drawer Hinges base-top|swivel,False,False
3830,15,1,,2 - Bin drawer Hinges base-top|swivel,False,False
6134,15,2,,2 - Bin drawer Hinges base-top|swivel,False,False
44567b,15,1,,2 - Bin drawer Hinges fingers 1x2|2x1,False,False
30383,15,1,,2 - Bin drawer Hinges fingers 1x2|2x1,False,False
44302a,15,6,,2 - Bin drawer Hinges fingers 1x2|2x1,False,False
50340,15,1,,2 - Bin drawer Hinges fingers 1x2|2x1,False,False
60471,15,1,,2 - Bin drawer Hinges fingers 1x2|2x1,False,False
2429,15,3,,2 - Bin drawer Hinges base-top|swivel,False,False
73983,15,14,,2 - Bin drawer Hinges base-top|swivel,False,False
92582,15,1,,2 - Bin drawer Hinges fingers large,False,False
4625,15,4,,2 - Bin drawer Hinges 2|4 fingers,False,False
44822,15,1,,2 - Bin drawer Hinges fingers large,False,False
4213,15,2,,2 - Bin drawer Hinges 2|4 fingers,False,False
4315,15,2,,2 - Bin drawer Hinges 2|4 fingers,False,False
4214,15,1,,2 - Bin drawer Hinges 2|4 fingers,False,False
58176,15,2,,2 - Bin drawer Towball|Ring|Bars|Studs side,False,False
26047,15,9,,2 - Bin drawer Handle 1x1|1x2|tube,False,False
61252,15,8,,2 - Bin drawer Clip side 1x1,False,False
6019,15,2,,2 - Bin drawer Clip side 1x1,False,False
4081b,15,9,,2 - Bin drawer Rings,False,False
60897,15,19,,2 - Bin drawer Clip side 1x1,False,False
4085c,15,15,,2 - Bin drawer Clip side 1x1,False,False
44861,15,3,,2 - Bin drawer Clip top,False,False
48336,15,23,,2 - Box Handles,False,False
2540,15,11,,2 - Box Handles,False,False
92280,15,10,,2 - Bin drawer Clip top,False,False
15573,15,28,,2 - Box Jumpers,False,False
3794b,15,1,,2 - Box Jumpers,False,False
3794a,15,13,,2 - Box Jumpers,False,False
30209,15,1,,2 - Bin drawer Brackets,False,False
88072,15,1,,2 - Bin drawer Arm up|down,False,False
4623,15,1,,2 - Bin drawer Arm up|down,False,False
63868,15,11,,2 - Bin drawer Clip 1x2|2x1,False,False
11476,15,7,,2 - Bin drawer Clip 1x2|2x1,False,False
60470b,15,20,,2 - Bin drawer Clip double,False,False
60478,15,24,,2 - Box Handles,False,False
3839b,15,9,,2 - Box Handles,False,False
34103,15,1,,2 - Box Jumpers,False,False
4590,15,4,,2 - Bin drawer Rings,False,False
87580,15,18,,2 - Box Jumpers,False,False
99206,15,15,,2 - Box Brackets inverted,False,False
87609,15,3,,2 - Box Brackets inverted,False,False
18674,15,21,,2 - Box Jumpers,False,False
30259,15,1,,2 - Bin drawer Flags|Road sign,False,False
65676pr0001,15,1,,2 - Bin drawer Flags|Road sign,False,False
30261,15,2,,2 - Bin drawer Flags|Road sign,False,False
15210,15,2,,2 - Bin drawer Flags|Road sign,False,False
15210pr0003,15,1,,2 - Bin drawer Flags|Road sign,False,False
4857,15,4,,2 - Bin drawer Hinges 2|4 fingers,False,False
44571,15,2,,2 - Bin drawer Hinges fingers large,False,False
32174,15,1,,2 - Box Technic connectors,False,False
48172,15,1,,2 - Box Technic connectors,False,False
20482,15,11,,2 - Bin drawer Holder|Clip|Pin,False,False
2555,15,2,,2 - Bin drawer Clip top,False,False
15712,15,13,,2 - Bin drawer Clip top,False,False
2432,15,12,,2 - Box Handles,False,False
98549,15,2,,2 - Bin drawer Bars special,False,False
30256,15,1,,2 - Bin drawer Bars special,False,False
30350b,15,6,,2 - Bin drawer Flags|Road sign,False,False
27448,15,1,,2 - Bin drawer Turntable,False,False
3680,15,5,,2 - Bin drawer Turntable,False,False
61485,15,1,,2 - Bin drawer Turntable,False,False
3957a,14,1,,2 - Bin drawer Antenna|Bars,False,False
3484,14,1,,2 - Bin drawer Holder|Clip|Pin,False,False
30374,14,1,,2 - Bin drawer Bars small,False,False
63965,14,3,,2 - Bin drawer Antenna|Bars,False,False
36840,14,2,,2 - Box Brackets inverted,False,False
99780,14,4,,2 - Box Brackets inverted,False,False
44728,14,7,,2 - Box Brackets,False,False
93274,14,3,,2 - Box Brackets,False,False
60475b,14,10,,2 - Bin drawer Brick clip,False,False
4070,14,5,,2 - Bin drawer Brick stud 1 side,False,False
87087,14,8,,2 - Bin drawer Brick stud 1 side,False,False
11211,14,7,,2 - Box Bricks side studs,False,False
30237b,14,6,,2 - Bin drawer Brick clip,False,False
30237a,14,2,,2 - Bin drawer Brick clip,False,False
22885,14,1,,2 - Box Bricks side studs,False,False
67329,14,5,,2 - Box Bricks side studs,False,False
30414,14,2,,2 - Box Bricks side studs,False,False
51000,14,4,,2 - Bin drawer Flags|Road sign,False,False
30396,14,1,,2 - Bin drawer Hinges fingers large,False,False
3937,14,2,,2 - Bin drawer Hinges base-top|swivel,False,False
30386,14,3,,2 - Bin drawer Hinges fingers large,False,False
3938,14,2,,2 - Bin drawer Hinges base-top|swivel,False,False
30387,14,5,,2 - Bin drawer Hinges fingers large,False,False
44572,14,1,,2 - Bin drawer Hinges fingers large,False,False
44302a,14,2,,2 - Bin drawer Hinges fingers 1x2|2x1,False,False
4276b,14,2,,2 - Bin drawer Hinges 2|4 fingers,False,False
4275b,14,2,,2 - Bin drawer Hinges 2|4 fingers,False,False
73983,14,1,,2 - Bin drawer Hinges base-top|swivel,False,False
44570,14,1,,2 - Bin drawer Hinges fingers large,False,False
4214,14,1,,2 - Bin drawer Hinges 2|4 fingers,False,False
61252,14,9,,2 - Bin drawer Clip side 1x1,False,False
4081b,14,5,,2 - Bin drawer Rings,False,False
60897,14,2,,2 - Bin drawer Clip side 1x1,False,False
4085c,14,2,,2 - Bin drawer Clip side 1x1,False,False
48336,14,5,,2 - Box Handles,False,False
2540,14,7,,2 - Box Handles,False,False
15573,14,32,,2 - Box Jumpers,False,False
3794a,14,4,,2 - Box Jumpers,False,False
88072,14,8,,2 - Bin drawer Arm up|down,False,False
63868,14,13,,2 - Bin drawer Clip 1x2|2x1,False,False
11476,14,9,,2 - Bin drawer Clip 1x2|2x1,False,False
60478,14,10,,2 - Box Handles,False,False
2508,14,1,,2 - Bin drawer Hook|Towball|Hinges,False,False
30094,14,1,,2 - Bin drawer Frames bars,False,False
87580,14,4,,2 - Box Jumpers,False,False
99206,14,1,,2 - Box Brackets inverted,False,False
87609,14,2,,2 - Box Brackets inverted,False,False
2555,14,3,,2 - Bin drawer Clip top,False,False
2432,14,2,,2 - Box Handles,False,False
20482,158,6,,2 - Bin drawer Holder|Clip|Pin,False,False
