Part,Color,Quantity,Notes,Location,IsUsed,IsStickered
3005,0,48,,1 - Box L Bricks 1x small,False,False
6111,0,2,,1 - Box Bricks 1x long,False,False
6112,0,7,,1 - Box Bricks 1x long,False,False
2465,0,1,,1 - Box Bricks 1x long,False,False
14716,0,2,,1 - Box Bricks tall|shorty,False,False
2453a,0,1,,1 - Box Bricks tall|shorty,False,False
3004,0,94,,1 - Box L Bricks 1x small,False,False
3245c,0,8,,1 - Box Bricks tall|shorty,False,False
2454b,0,6,,1 - Box Bricks tall|shorty,False,False
3622,0,9,,1 - Box L Bricks 1x small,False,False
3010,0,38,,1 - Box L Bricks 1x medium,False,False
3009,0,20,,1 - Box L Bricks 1x medium,False,False
3008,0,9,,1 - Box L Bricks 1x medium,False,False
3006,0,4,,1 - Bag Bricks 2x large,False,False
3003,0,33,,1 - Big Box Bricks 2x2|2x3|2x4,False,False
30145,0,1,,1 - Box Bricks tall|shorty,False,False
3002,0,23,,1 - Big Box Bricks 2x2|2x3|2x4,False,False
3001,0,47,,1 - Big Box Bricks 2x2|2x3|2x4,False,False
2456,0,11,,1 - Bag Bricks 2x large,False,False
3007,0,4,,1 - Bag Bricks 2x large,False,False
3005,1,38,,1 - Box L Bricks 1x small,False,False
6111,1,1,,1 - Box Bricks 1x long,False,False
3004,1,52,,1 - Box L Bricks 1x small,False,False
3004pr9981,1,1,,1 - Box Plates special|Bricks printed,False,False
2454b,1,5,,1 - Box Bricks tall|shorty,False,False
3622,1,22,,1 - Box L Bricks 1x small,False,False
3010,1,30,,1 - Box L Bricks 1x medium,False,False
3010apr0004,1,1,,1 - Box Plates special|Bricks printed,False,False
3010apr0003,1,1,,1 - Box Plates special|Bricks printed,False,False
3009,1,8,,1 - Box L Bricks 1x medium,False,False
3008,1,11,,1 - Box L Bricks 1x medium,False,False
3006,1,1,,1 - Bag Bricks 2x large,False,False
3003,1,27,,1 - Big Box Bricks 2x2|2x3|2x4,False,False
3002,1,26,,1 - Big Box Bricks 2x2|2x3|2x4,False,False
3001,1,67,,1 - Big Box Bricks 2x2|2x3|2x4,False,False
2456,1,17,,1 - Bag Bricks 2x large,False,False
3007,1,8,,1 - Bag Bricks 2x large,False,False
3004,10,20,,1 - Box L Bricks 1x small,False,False
2456,10,2,,1 - Bag Bricks 2x large,False,False
3005,212,4,,1 - Box L Bricks 1x small,False,False
3622,212,4,,1 - Box L Bricks 1x small,False,False
3005,191,12,,1 - Box L Bricks 1x small,False,False
3004,191,18,,1 - Box L Bricks 1x small,False,False
3622,191,6,,1 - Box L Bricks 1x small,False,False
3010,191,4,,1 - Box L Bricks 1x medium,False,False
3009,191,4,,1 - Box L Bricks 1x medium,False,False
3001,191,14,,1 - Big Box Bricks 2x2|2x3|2x4,False,False
3005,226,10,,1 - Box L Bricks 1x small,False,False
14716,226,1,,1 - Box Bricks tall|shorty,False,False
3004,226,10,,1 - Box L Bricks 1x small,False,False
2454b,226,1,,1 - Box Bricks tall|shorty,False,False
3010,226,16,,1 - Box L Bricks 1x medium,False,False
3003,226,5,,1 - Big Box Bricks 2x2|2x3|2x4,False,False
3005,29,14,,1 - Box L Bricks 1x small,False,False
3004,29,23,,1 - Box L Bricks 1x small,False,False
3622,29,1,,1 - Box L Bricks 1x small,False,False
3010,29,15,,1 - Box L Bricks 1x medium,False,False
3003,29,14,,1 - Big Box Bricks 2x2|2x3|2x4,False,False
3001,29,6,,1 - Big Box Bricks 2x2|2x3|2x4,False,False
3003,6,4,,1 - Big Box Bricks 2x2|2x3|2x4,False,False
3005,1050,1,,1 - Box L Bricks 1x small,False,False
3004,1050,8,,1 - Box L Bricks 1x small,False,False
3004,321,38,,1 - Box L Bricks 1x small,False,False
3245c,321,2,,1 - Box Bricks tall|shorty,False,False
3010,321,6,,1 - Box L Bricks 1x medium,False,False
49311pr0001,321,1,,1 - Box Plates special|Bricks printed,False,False
3001,321,7,,1 - Big Box Bricks 2x2|2x3|2x4,False,False
3005,272,8,,1 - Box L Bricks 1x small,False,False
3004,272,45,,1 - Box L Bricks 1x small,False,False
2454b,272,6,,1 - Box Bricks tall|shorty,False,False
3622,272,1,,1 - Box L Bricks 1x small,False,False
3010,272,16,,1 - Box L Bricks 1x medium,False,False
3009,272,2,,1 - Box L Bricks 1x medium,False,False
3003,272,13,,1 - Big Box Bricks 2x2|2x3|2x4,False,False
3001,272,1,,1 - Big Box Bricks 2x2|2x3|2x4,False,False
2456,272,1,,1 - Bag Bricks 2x large,False,False
3005,72,15,,1 - Box L Bricks 1x small,False,False
6111,72,3,,1 - Box Bricks 1x long,False,False
6112,72,1,,1 - Box Bricks 1x long,False,False
2465,72,2,,1 - Box Bricks 1x long,False,False
3004,72,22,,1 - Box L Bricks 1x small,False,False
3004pr0021,72,1,,1 - Box Plates special|Bricks printed,False,False
3004pr0020,72,1,,1 - Box Plates special|Bricks printed,False,False
3245b,72,3,,1 - Box Bricks tall|shorty,False,False
3245c,72,2,,1 - Box Bricks tall|shorty,False,False
2454b,72,4,,1 - Box Bricks tall|shorty,False,False
3622,72,11,,1 - Box L Bricks 1x small,False,False
3010,72,31,,1 - Box L Bricks 1x medium,False,False
3009,72,8,,1 - Box L Bricks 1x medium,False,False
3008,72,2,,1 - Box L Bricks 1x medium,False,False
3003,72,16,,1 - Big Box Bricks 2x2|2x3|2x4,False,False
3002,72,8,,1 - Big Box Bricks 2x2|2x3|2x4,False,False
3001,72,23,,1 - Big Box Bricks 2x2|2x3|2x4,False,False
2456,72,13,,1 - Bag Bricks 2x large,False,False
3005,308,1,,1 - Box L Bricks 1x small,False,False
14716,308,2,,1 - Box Bricks tall|shorty,False,False
3003,308,4,,1 - Big Box Bricks 2x2|2x3|2x4,False,False
3003,8,1,,1 - Big Box Bricks 2x2|2x3|2x4,False,False
3002,8,2,,1 - Big Box Bricks 2x2|2x3|2x4,False,False
3005,288,4,,1 - Box L Bricks 1x small,False,False
3004,288,26,,1 - Box L Bricks 1x small,False,False
3010,288,1,,1 - Box L Bricks 1x medium,False,False
3003,288,4,,1 - Big Box Bricks 2x2|2x3|2x4,False,False
3001,288,5,,1 - Big Box Bricks 2x2|2x3|2x4,False,False
3005,484,2,,1 - Box L Bricks 1x small,False,False
3004,484,16,,1 - Box L Bricks 1x small,False,False
22886,484,7,,1 - Box Bricks tall|shorty,False,False
3009,484,2,,1 - Box L Bricks 1x medium,False,False
3003,484,11,,1 - Big Box Bricks 2x2|2x3|2x4,False,False
3005,5,2,,1 - Box L Bricks 1x small,False,False
3004,5,9,,1 - Box L Bricks 1x small,False,False
3622,5,4,,1 - Box L Bricks 1x small,False,False
3010,5,6,,1 - Box L Bricks 1x medium,False,False
3003,5,9,,1 - Big Box Bricks 2x2|2x3|2x4,False,False
3002,5,4,,1 - Big Box Bricks 2x2|2x3|2x4,False,False
3005,85,9,,1 - Box L Bricks 1x small,False,False
3004,85,24,,1 - Box L Bricks 1x small,False,False
3010,85,6,,1 - Box L Bricks 1x medium,False,False
49311,85,1,,1 - Box Bricks tall|shorty,False,False
3003,85,10,,1 - Big Box Bricks 2x2|2x3|2x4,False,False
3001,85,11,,1 - Big Box Bricks 2x2|2x3|2x4,False,False
3005,320,19,,1 - Box L Bricks 1x small,False,False
3004,320,29,,1 - Box L Bricks 1x small,False,False
3003,320,14,,1 - Big Box Bricks 2x2|2x3|2x4,False,False
3001,320,2,,1 - Big Box Bricks 2x2|2x3|2x4,False,False
2456,320,3,,1 - Bag Bricks 2x large,False,False
3005,28,3,,1 - Box L Bricks 1x small,False,False
3004,28,19,,1 - Box L Bricks 1x small,False,False
3010,28,4,,1 - Box L Bricks 1x medium,False,False
3009,28,1,,1 - Box L Bricks 1x medium,False,False
3003,28,10,,1 - Big Box Bricks 2x2|2x3|2x4,False,False
3001,28,10,,1 - Big Box Bricks 2x2|2x3|2x4,False,False
3005,3,4,,1 - Box L Bricks 1x small,False,False
3004,3,12,,1 - Box L Bricks 1x small,False,False
3622,3,8,,1 - Box L Bricks 1x small,False,False
3010,3,4,,1 - Box L Bricks 1x medium,False,False
3003,3,1,,1 - Big Box Bricks 2x2|2x3|2x4,False,False
3001,3,2,,1 - Big Box Bricks 2x2|2x3|2x4,False,False
3005,129,5,,1 - Box L Bricks 1x small,False,False
3005,2,14,,1 - Box L Bricks 1x small,False,False
3004,2,8,,1 - Box L Bricks 1x small,False,False
3622,2,8,,1 - Box L Bricks 1x small,False,False
3010,2,5,,1 - Box L Bricks 1x medium,False,False
3009,2,6,,1 - Box L Bricks 1x medium,False,False
3008,2,3,,1 - Box L Bricks 1x medium,False,False
3003,2,27,,1 - Big Box Bricks 2x2|2x3|2x4,False,False
3002,2,15,,1 - Big Box Bricks 2x2|2x3|2x4,False,False
3001,2,18,,1 - Big Box Bricks 2x2|2x3|2x4,False,False
3005,31,12,,1 - Box L Bricks 1x small,False,False
2453b,31,1,,1 - Box Bricks tall|shorty,False,False
3004,31,6,,1 - Box L Bricks 1x small,False,False
2454b,31,2,,1 - Box Bricks tall|shorty,False,False
3010,31,7,,1 - Box L Bricks 1x medium,False,False
3009,31,1,,1 - Box L Bricks 1x medium,False,False
3003,31,16,,1 - Big Box Bricks 2x2|2x3|2x4,False,False
3005,323,7,,1 - Box L Bricks 1x small,False,False
2453b,323,10,,1 - Box Bricks tall|shorty,False,False
3004,323,25,,1 - Box L Bricks 1x small,False,False
22886,323,3,,1 - Box Bricks tall|shorty,False,False
3010,323,2,,1 - Box L Bricks 1x medium,False,False
3009,323,1,,1 - Box L Bricks 1x medium,False,False
3005,71,29,,1 - Box L Bricks 1x small,False,False
6111,71,2,,1 - Box Bricks 1x long,False,False
6112,71,1,,1 - Box Bricks 1x long,False,False
2465,71,5,,1 - Box Bricks 1x long,False,False
14716,71,4,,1 - Box Bricks tall|shorty,False,False
2453b,71,4,,1 - Box Bricks tall|shorty,False,False
3004,71,34,,1 - Box L Bricks 1x small,False,False
3245c,71,18,,1 - Box Bricks tall|shorty,False,False
3245cpr0175,71,1,,1 - Box Plates special|Bricks printed,False,False
22886,71,2,,1 - Box Bricks tall|shorty,False,False
3622,71,18,,1 - Box L Bricks 1x small,False,False
3010,71,21,,1 - Box L Bricks 1x medium,False,False
49311,71,1,,1 - Box Bricks tall|shorty,False,False
3009,71,5,,1 - Box L Bricks 1x medium,False,False
3008,71,3,,1 - Box L Bricks 1x medium,False,False
3006,71,1,,1 - Bag Bricks 2x large,False,False
3003,71,15,,1 - Big Box Bricks 2x2|2x3|2x4,False,False
30145,71,2,,1 - Box Bricks tall|shorty,False,False
3002,71,10,,1 - Big Box Bricks 2x2|2x3|2x4,False,False
3001,71,22,,1 - Big Box Bricks 2x2|2x3|2x4,False,False
2456,71,6,,1 - Bag Bricks 2x large,False,False
3007,71,3,,1 - Bag Bricks 2x large,False,False
3005,7,11,,1 - Box L Bricks 1x small,False,False
3004,7,12,,1 - Box L Bricks 1x small,False,False
3622,7,2,,1 - Box L Bricks 1x small,False,False
3003,7,2,,1 - Big Box Bricks 2x2|2x3|2x4,False,False
3002,7,1,,1 - Big Box Bricks 2x2|2x3|2x4,False,False
3001,7,1,,1 - Big Box Bricks 2x2|2x3|2x4,False,False
3003,78,1,,0 - Color Table,False,False
3004,18,2,,0 - Color Table,False,False
3005,27,10,,1 - Box L Bricks 1x small,False,False
3005pr9993,27,1,,1 - Box Plates special|Bricks printed,False,False
3004,27,27,,1 - Box L Bricks 1x small,False,False
3622,27,1,,1 - Box L Bricks 1x small,False,False
3010,27,5,,1 - Box L Bricks 1x medium,False,False
3009,27,1,,1 - Box L Bricks 1x medium,False,False
3003,27,16,,1 - Big Box Bricks 2x2|2x3|2x4,False,False
3002,27,5,,1 - Big Box Bricks 2x2|2x3|2x4,False,False
3001,27,19,,1 - Big Box Bricks 2x2|2x3|2x4,False,False
3005,26,40,,1 - Box L Bricks 1x small,False,False
3004,26,21,,1 - Box L Bricks 1x small,False,False
2454b,26,3,,1 - Box Bricks tall|shorty,False,False
3010,26,16,,1 - Box L Bricks 1x medium,False,False
49311pr0003,26,1,,1 - Box Plates special|Bricks printed,False,False
49311pr0002,26,1,,1 - Box Plates special|Bricks printed,False,False
3009,26,4,,1 - Box L Bricks 1x medium,False,False
3005,322,13,,1 - Box L Bricks 1x small,False,False
14716,322,4,,1 - Box Bricks tall|shorty,False,False
3004,322,13,,1 - Box L Bricks 1x small,False,False
3010,322,17,,1 - Box L Bricks 1x medium,False,False
3009,322,11,,1 - Box L Bricks 1x medium,False,False
3003,322,20,,1 - Big Box Bricks 2x2|2x3|2x4,False,False
3001,322,11,,1 - Big Box Bricks 2x2|2x3|2x4,False,False
3005,73,5,,1 - Box L Bricks 1x small,False,False
3005pr0006,73,2,,1 - Box Plates special|Bricks printed,False,False
3005pr0026,73,1,,1 - Box Plates special|Bricks printed,False,False
3004,73,21,,1 - Box L Bricks 1x small,False,False
3010,73,13,,1 - Box L Bricks 1x medium,False,False
3003,73,2,,1 - Big Box Bricks 2x2|2x3|2x4,False,False
3005,30,7,,1 - Box L Bricks 1x small,False,False
3004,30,6,,1 - Box L Bricks 1x small,False,False
3001,30,4,,1 - Big Box Bricks 2x2|2x3|2x4,False,False
3005,84,29,,1 - Box L Bricks 1x small,False,False
3004,84,17,,1 - Box L Bricks 1x small,False,False
3004pr0014,84,2,,1 - Box Plates special|Bricks printed,False,False
3622,84,8,,1 - Box L Bricks 1x small,False,False
3009,84,2,,1 - Box L Bricks 1x medium,False,False
3003,84,11,,1 - Big Box Bricks 2x2|2x3|2x4,False,False
3001,84,3,,1 - Big Box Bricks 2x2|2x3|2x4,False,False
3004,326,9,,1 - Box L Bricks 1x small,False,False
3005,25,20,,1 - Box L Bricks 1x small,False,False
3004,25,36,,1 - Box L Bricks 1x small,False,False
3245b,25,2,,1 - Box Bricks tall|shorty,False,False
3245c,25,4,,1 - Box Bricks tall|shorty,False,False
3245cpr0164,25,1,,1 - Box Plates special|Bricks printed,False,False
3245cpr0163,25,1,,1 - Box Plates special|Bricks printed,False,False
3622,25,6,,1 - Box L Bricks 1x small,False,False
3010,25,15,,1 - Box L Bricks 1x medium,False,False
3010pr0063,25,1,,1 - Box Plates special|Bricks printed,False,False
3009,25,7,,1 - Box L Bricks 1x medium,False,False
3003,25,23,,1 - Big Box Bricks 2x2|2x3|2x4,False,False
3002,25,5,,1 - Big Box Bricks 2x2|2x3|2x4,False,False
3001,25,20,,1 - Big Box Bricks 2x2|2x3|2x4,False,False
2456,25,7,,1 - Bag Bricks 2x large,False,False
3005,4,47,,1 - Box L Bricks 1x small,False,False
6111,4,6,,1 - Box Bricks 1x long,False,False
2465,4,1,,1 - Box Bricks 1x long,False,False
2453b,4,3,,1 - Box Bricks tall|shorty,False,False
3004,4,144,,1 - Box L Bricks 1x small,False,False
3245c,4,5,,1 - Box Bricks tall|shorty,False,False
46212,4,3,,1 - Box Bricks tall|shorty,False,False
3622,4,35,,1 - Box L Bricks 1x small,False,False
3010,4,28,,1 - Box L Bricks 1x medium,False,False
49311pr0004,4,1,,1 - Box Plates special|Bricks printed,False,False
3009,4,13,,1 - Box L Bricks 1x medium,False,False
3008,4,2,,1 - Box L Bricks 1x medium,False,False
3006,4,2,,1 - Bag Bricks 2x large,False,False
3003,4,44,,1 - Big Box Bricks 2x2|2x3|2x4,False,False
3002,4,10,,1 - Big Box Bricks 2x2|2x3|2x4,False,False
3001,4,57,,1 - Big Box Bricks 2x2|2x3|2x4,False,False
3001pr0010,4,1,,1 - Box Plates special|Bricks printed,False,False
2456,4,7,,1 - Bag Bricks 2x large,False,False
3007,4,7,,1 - Bag Bricks 2x large,False,False
66855pr0001,4,1,,1 - Box Plates special|Bricks printed,False,False
3005,70,10,,1 - Box L Bricks 1x small,False,False
6112,70,2,,1 - Box Bricks 1x long,False,False
14716,70,3,,1 - Box Bricks tall|shorty,False,False
2453b,70,2,,1 - Box Bricks tall|shorty,False,False
3004,70,9,,1 - Box L Bricks 1x small,False,False
3245c,70,2,,1 - Box Bricks tall|shorty,False,False
3622,70,5,,1 - Box L Bricks 1x small,False,False
3010,70,7,,1 - Box L Bricks 1x medium,False,False
3008,70,1,,1 - Box L Bricks 1x medium,False,False
3006,70,2,,1 - Bag Bricks 2x large,False,False
3003,70,16,,1 - Big Box Bricks 2x2|2x3|2x4,False,False
30145,70,3,,1 - Box Bricks tall|shorty,False,False
3002,70,13,,1 - Big Box Bricks 2x2|2x3|2x4,False,False
3001,70,11,,1 - Big Box Bricks 2x2|2x3|2x4,False,False
3001pr0002,70,1,,1 - Box Plates special|Bricks printed,False,False
3005,378,1,,1 - Box L Bricks 1x small,False,False
3010,378,1,,1 - Box L Bricks 1x medium,False,False
3009,378,6,,1 - Box L Bricks 1x medium,False,False
3003,378,7,,1 - Big Box Bricks 2x2|2x3|2x4,False,False
3005,19,30,,1 - Box L Bricks 1x small,False,False
6111,19,1,,1 - Box Bricks 1x long,False,False
2465,19,3,,1 - Box Bricks 1x long,False,False
14716,19,4,,1 - Box Bricks tall|shorty,False,False
2453b,19,4,,1 - Box Bricks tall|shorty,False,False
3004,19,63,,1 - Box L Bricks 1x small,False,False
3245c,19,10,,1 - Box Bricks tall|shorty,False,False
2454b,19,4,,1 - Box Bricks tall|shorty,False,False
2454bpr0008,19,1,,1 - Box Plates special|Bricks printed,False,False
3622,19,26,,1 - Box L Bricks 1x small,False,False
3010,19,14,,1 - Box L Bricks 1x medium,False,False
3009,19,12,,1 - Box L Bricks 1x medium,False,False
3008,19,3,,1 - Box L Bricks 1x medium,False,False
3003,19,10,,1 - Big Box Bricks 2x2|2x3|2x4,False,False
3003pr0141,19,1,,1 - Box Plates special|Bricks printed,False,False
3002,19,11,,1 - Big Box Bricks 2x2|2x3|2x4,False,False
3001,19,9,,1 - Big Box Bricks 2x2|2x3|2x4,False,False
2456,19,6,,1 - Bag Bricks 2x large,False,False
3007,19,1,,1 - Bag Bricks 2x large,False,False
3065,35,10,,1 - Box L Bricks 1x small,False,False
3065,40,2,,1 - Box L Bricks 1x small,False,False
3066,40,2,,1 - Box L Bricks 1x medium,False,False
6223,40,1,,1 - Big Box Bricks 2x2|2x3|2x4,False,False
3005,47,10,,1 - Box L Bricks 1x small,False,False
3004,47,7,,1 - Box L Bricks 1x small,False,False
3065,47,26,,1 - Box L Bricks 1x small,False,False
6223,47,4,,1 - Big Box Bricks 2x2|2x3|2x4,False,False
3005,33,1,,1 - Box L Bricks 1x small,False,False
3065,33,4,,1 - Box L Bricks 1x small,False,False
6223,33,3,,1 - Big Box Bricks 2x2|2x3|2x4,False,False
3005,45,7,,1 - Box L Bricks 1x small,False,False
3065,45,9,,1 - Box L Bricks 1x small,False,False
3065,34,6,,1 - Box L Bricks 1x small,False,False
6223,34,4,,1 - Big Box Bricks 2x2|2x3|2x4,False,False
3005,41,3,,1 - Box L Bricks 1x small,False,False
3065,41,19,,1 - Box L Bricks 1x small,False,False
3005,182,9,,1 - Box L Bricks 1x small,False,False
3005,52,6,,1 - Box L Bricks 1x small,False,False
3065,52,6,,1 - Box L Bricks 1x small,False,False
3065,36,5,,1 - Box L Bricks 1x small,False,False
6223,36,5,,1 - Big Box Bricks 2x2|2x3|2x4,False,False
3065,46,5,,1 - Box L Bricks 1x small,False,False
3009,1062,5,,1 - Box L Bricks 1x medium,False,False
3005,15,73,,1 - Box L Bricks 1x small,False,False
6111,15,11,,1 - Box Bricks 1x long,False,False
6112,15,9,,1 - Box Bricks 1x long,False,False
2465,15,1,,1 - Box Bricks 1x long,False,False
3005pr0063,15,1,,1 - Box Plates special|Bricks printed,False,False
3005pr9996,15,2,,1 - Box Plates special|Bricks printed,False,False
14716,15,8,,1 - Box Bricks tall|shorty,False,False
2453a,15,14,,1 - Box Bricks tall|shorty,False,False
2453b,15,17,,1 - Box Bricks tall|shorty,False,False
3004,15,126,,1 - Box L Bricks 1x small,False,False
3004pr0036,15,4,,1 - Box Plates special|Bricks printed,False,False
3004pr9976,15,1,,1 - Box Plates special|Bricks printed,False,False
3245b,15,19,,1 - Box Bricks tall|shorty,False,False
3245c,15,16,,1 - Box Bricks tall|shorty,False,False
22886,15,20,,1 - Box Bricks tall|shorty,False,False
2454a,15,47,,1 - Box Bricks tall|shorty,False,False
2454b,15,10,,1 - Box Bricks tall|shorty,False,False
3622,15,33,,1 - Box L Bricks 1x small,False,False
3622pr0064,15,1,,1 - Box Plates special|Bricks printed,False,False
3622pr9989,15,1,,1 - Box Plates special|Bricks printed,False,False
3010,15,66,,1 - Box L Bricks 1x medium,False,False
3010pr0074,15,1,,1 - Box Plates special|Bricks printed,False,False
3010pr9976,15,4,,1 - Box Plates special|Bricks printed,False,False
3009,15,44,,1 - Box L Bricks 1x medium,False,False
3008,15,20,,1 - Box L Bricks 1x medium,False,False
3003,15,29,,1 - Big Box Bricks 2x2|2x3|2x4,False,False
30145,15,6,,1 - Box Bricks tall|shorty,False,False
3002,15,28,,1 - Big Box Bricks 2x2|2x3|2x4,False,False
3001,15,49,,1 - Big Box Bricks 2x2|2x3|2x4,False,False
2456,15,10,,1 - Bag Bricks 2x large,False,False
3007,15,1,,1 - Bag Bricks 2x large,False,False
3005,14,19,,1 - Box L Bricks 1x small,False,False
6111,14,2,,1 - Box Bricks 1x long,False,False
3005pr9996,14,3,,1 - Box Plates special|Bricks printed,False,False
3004,14,68,,1 - Box L Bricks 1x small,False,False
3004pr0002,14,1,,1 - Box Plates special|Bricks printed,False,False
3004pr0001,14,1,,1 - Box Plates special|Bricks printed,False,False
3245c,14,12,,1 - Box Bricks tall|shorty,False,False
3622,14,7,,1 - Box L Bricks 1x small,False,False
3010,14,15,,1 - Box L Bricks 1x medium,False,False
3009,14,14,,1 - Box L Bricks 1x medium,False,False
3008,14,2,,1 - Box L Bricks 1x medium,False,False
3008pr0037,14,1,,1 - Box Plates special|Bricks printed,False,False
3003,14,44,,1 - Big Box Bricks 2x2|2x3|2x4,False,False
3003pr0140,14,1,,1 - Box Plates special|Bricks printed,False,False
3002,14,15,,1 - Big Box Bricks 2x2|2x3|2x4,False,False
3001,14,41,,1 - Big Box Bricks 2x2|2x3|2x4,False,False
3001pr0012,14,1,,1 - Box Plates special|Bricks printed,False,False
2456,14,3,,1 - Bag Bricks 2x large,False,False
3007,14,4,,1 - Bag Bricks 2x large,False,False
3004,158,13,,1 - Box L Bricks 1x small,False,False
