Part,Color,Quantity,Notes,Location,IsUsed,IsStickered
3010a,0,7,,8-1 Bags Old bricks & large plates,False,False
3009b,0,4,,8-1 Bags Old bricks & large plates,False,False
3008b,0,3,,8-1 Bags Old bricks & large plates,False,False
3003a,0,2,,8-1 Bags Old bricks & large plates,False,False
3002a,0,1,,8-1 Bags Old bricks & large plates,False,False
3001a,0,3,,8-1 Bags Old bricks & large plates,False,False
3633,0,7,,8-1 Bag Old fences & ladders,False,False
3185,0,2,,8-1 Bag Old fences & ladders,False,False
4022,0,2,,8-1 Bag Old train tracks,False,False
4180c01,0,2,,8-1 Bag Old train tracks,False,False
3853,0,3,,"8-1 Bag Old windows, frames, doors",False,False
4033,0,6,,"8-1 Bag Old windows, frames, doors",False,False
3010a,1,10,,8-1 Bags Old bricks & large plates,False,False
3009b,1,12,,8-1 Bags Old bricks & large plates,False,False
3008b,1,3,,8-1 Bags Old bricks & large plates,False,False
3003a,1,14,,8-1 Bags Old bricks & large plates,False,False
3002a,1,5,,8-1 Bags Old bricks & large plates,False,False
3001a,1,1,,8-1 Bags Old bricks & large plates,False,False
3001e,1,5,,8-1 Bags Old bricks & large plates,False,False
3742,1,3,,8-1 Bag Old plants,False,False
3853,1,1,,"8-1 Bag Old windows, frames, doors",False,False
3742,29,3,,8-1 Bag Old plants,False,False
15627,321,1,,"8-1 Bag Old windows, frames, doors",False,False
3865,72,1,,8-1 Bags Old bricks & large plates,False,False
767,8,18,,8-1 Bag Old train tracks,False,False
3742,5,5,,8-1 Bag Old plants,False,False
700d,2,1,,8-1 Bags Old bricks & large plates,False,False
4204,2,1,,8-1 Bags Old bricks & large plates,False,False
3741,2,10,,8-1 Bag Old plants,False,False
3470,2,1,,8-1 Bag Old plants,False,False
2435,2,3,,8-1 Bag Old plants,False,False
3856,2,4,,"8-1 Bag Old windows, frames, doors",False,False
3865,7,2,,8-1 Bags Old bricks & large plates,False,False
3010a,7,3,,8-1 Bags Old bricks & large plates,False,False
3009b,7,1,,8-1 Bags Old bricks & large plates,False,False
3008b,7,1,,8-1 Bags Old bricks & large plates,False,False
4467,7,1,,8-1 Small bag Old lights & tube,False,False
4207,7,1,,8-1 Bag Old fences & ladders,False,False
3242,7,1,,8-1 Bag Old train tracks,False,False
3742,26,3,,8-1 Bag Old plants,False,False
3633,297,1,,8-1 Bag Old fences & ladders,False,False
3010a,4,36,,8-1 Bags Old bricks & large plates,False,False
3009b,4,18,,8-1 Bags Old bricks & large plates,False,False
3008b,4,5,,8-1 Bags Old bricks & large plates,False,False
3003a,4,20,,8-1 Bags Old bricks & large plates,False,False
3002a,4,12,,8-1 Bags Old bricks & large plates,False,False
3001a,4,24,,8-1 Bags Old bricks & large plates,False,False
3001e,4,20,,8-1 Bags Old bricks & large plates,False,False
4743,4,1,,8-1 Bags Old bricks & large plates,False,False
7930,4,1,,"8-1 Bag Old windows, frames, doors",False,False
4181pr0003,4,3,,"8-1 Bag Old windows, frames, doors",False,False
4182pr0003,4,2,,"8-1 Bag Old windows, frames, doors",False,False
3579,4,1,,"8-1 Bag Old windows, frames, doors",False,False
4130,4,3,,"8-1 Bag Old windows, frames, doors",False,False
6235,4,1,,"8-1 Bag Old windows, frames, doors",False,False
3633,4,2,,8-1 Bag Old fences & ladders,False,False
3185,4,11,,8-1 Bag Old fences & ladders,False,False
4170,4,1,,8-1 Small bag Old lights & tube,False,False
3742,4,8,,8-1 Bag Old plants,False,False
737ac01,4,1,,8-1 Bag Old train tracks,False,False
3081c01,4,2,,"8-1 Bag Old windows, frames, doors",False,False
3854,4,4,,"8-1 Bag Old windows, frames, doors",False,False
3856,4,3,,"8-1 Bag Old windows, frames, doors",False,False
453cc01,4,2,,"8-1 Bag Old windows, frames, doors",False,False
3853,4,1,,"8-1 Bag Old windows, frames, doors",False,False
60598,4,3,,"8-1 Bag Old windows, frames, doors",False,False
4132,4,5,,"8-1 Bag Old windows, frames, doors",False,False
3010a,47,1,,8-1 Bags Old bricks & large plates,False,False
4183,47,4,,"8-1 Bag Old windows, frames, doors",False,False
4034,47,6,,"8-1 Bag Old windows, frames, doors",False,False
3855a,47,6,,"8-1 Bag Old windows, frames, doors",False,False
2494,47,3,,"8-1 Bag Old windows, frames, doors",False,False
4171,47,2,,8-1 Small bag Old lights & tube,False,False
3010a,15,24,,8-1 Bags Old bricks & large plates,False,False
3009b,15,2,,8-1 Bags Old bricks & large plates,False,False
3008b,15,4,,8-1 Bags Old bricks & large plates,False,False
3003a,15,11,,8-1 Bags Old bricks & large plates,False,False
3002a,15,2,,8-1 Bags Old bricks & large plates,False,False
3001a,15,3,,8-1 Bags Old bricks & large plates,False,False
3001e,15,5,,8-1 Bags Old bricks & large plates,False,False
43967,15,1,,"8-1 Bag Old windows, frames, doors",False,False
600,15,1,,"8-1 Bag Old windows, frames, doors",False,False
3633,15,7,,8-1 Bag Old fences & ladders,False,False
3185,15,12,,8-1 Bag Old fences & ladders,False,False
266bc01,15,1,,8-1 Small bag Old lights & tube,False,False
3742,15,3,,8-1 Bag Old plants,False,False
3081c01,15,3,,"8-1 Bag Old windows, frames, doors",False,False
3854,15,4,,"8-1 Bag Old windows, frames, doors",False,False
3856,15,9,,"8-1 Bag Old windows, frames, doors",False,False
3853,15,11,,"8-1 Bag Old windows, frames, doors",False,False
2493a,15,5,,"8-1 Bag Old windows, frames, doors",False,False
60598,15,1,,"8-1 Bag Old windows, frames, doors",False,False
4133,15,2,,"8-1 Bag Old windows, frames, doors",False,False
3010a,14,18,,8-1 Bags Old bricks & large plates,False,False
3009b,14,1,,8-1 Bags Old bricks & large plates,False,False
3008b,14,2,,8-1 Bags Old bricks & large plates,False,False
3003a,14,6,,8-1 Bags Old bricks & large plates,False,False
3002a,14,5,,8-1 Bags Old bricks & large plates,False,False
3001a,14,10,,8-1 Bags Old bricks & large plates,False,False
3001e,14,3,,8-1 Bags Old bricks & large plates,False,False
3001pr0043,14,1,,8-1 Bags Old bricks & large plates,False,False
2356,14,1,,8-1 Bags Old bricks & large plates,False,False
4131,14,3,,"8-1 Bag Old windows, frames, doors",False,False
4130,14,2,,"8-1 Bag Old windows, frames, doors",False,False
3633,14,1,,8-1 Bag Old fences & ladders,False,False
3742,14,4,,8-1 Bag Old plants,False,False
3081c01,14,2,,"8-1 Bag Old windows, frames, doors",False,False
3853,14,3,,"8-1 Bag Old windows, frames, doors",False,False
4132,14,1,,"8-1 Bag Old windows, frames, doors",False,False
4133,14,3,,"8-1 Bag Old windows, frames, doors",False,False
