Part,Color,Quantity,Notes,Location,IsUsed,IsStickered
87616,0,1,,5 - Bag Fuselage,False,False
37494,0,1,,,False,False
95354,0,1,,5 - Bin drawer Steering|Lever|Anchor,False,False
47404,0,1,,5 - Bag Fuselage,False,False
4844,0,1,,5 - Bag Canoe|Construction bucket|Crane,False,False
2537a,0,1,,5 - Bag Canoe|Construction bucket|Crane,False,False
2538a,0,2,,5 - Bag Canoe|Construction bucket|Crane,False,False
4598,0,3,,5 - Box Mudguards|Vehicle base|Bracket,False,False
11215,0,11,,5 - Box Mudguards|Vehicle base|Bracket,False,False
76766,0,4,,5 - Box Mudguards|Vehicle base|Bracket,False,False
4732,0,2,,5 - Box Mudguards|Vehicle base|Bracket,False,False
3137c01,0,9,,5 - Box L Bag Vintage Wheels,False,False
4180c02,0,1,,5 - Box L Bag Vintage Wheels,False,False
18892,0,6,,5 - Box L Bag Wheel Holder Pins,False,False
21709,0,1,,5 - Bag Canoe|Construction bucket|Crane,False,False
3314,0,1,,5 - Bag Canoe|Construction bucket|Crane,False,False
57779,0,1,,5 - Bag Canoe|Construction bucket|Crane,False,False
4868b,0,3,,5 - Box Fin|Jet engine|Propeller|Rotor,False,False
98302,0,1,,5 - Box Fin|Jet engine|Propeller|Rotor,False,False
35654,0,1,,5 - Bin drawer Steering|Lever|Anchor,False,False
50949,0,4,,5 - Bin drawer Air dynamic|Engine|Exhaust,False,False
30031,0,4,,5 - Bin drawer Steering|Lever|Anchor,False,False
30248,0,1,,5 - Bag Canoe|Construction bucket|Crane,False,False
14137,0,2,,5 - Box Fin|Jet engine|Propeller|Rotor,False,False
46667,0,1,,5 - Box Fin|Jet engine|Propeller|Rotor,False,False
298c02,0,17,,5 - Bin drawer Steering|Lever|Anchor,False,False
298c05,0,5,,5 - Bin drawer Steering|Lever|Anchor,False,False
298c01,0,1,,5 - Bin drawer Steering|Lever|Anchor,False,False
41854,0,3,,5 - Box Mudguards|Vehicle base|Bracket,False,False
21445,0,3,,5 - Box L Bag Wheel Holder Pins,False,False
61072,0,1,,5 - Bin drawer Air dynamic|Engine|Exhaust,False,False
2926,0,9,,5 - Box L Bag Wheel Holder Pins,False,False
62743,0,1,,5 - Box Fin|Jet engine|Propeller|Rotor,False,False
41862,0,2,,5 - Bin drawer Air dynamic|Engine|Exhaust,False,False
4488,0,18,,5 - Box L Bag Wheel Holder Pins,False,False
4600,0,19,,5 - Box L Bag Wheel Holder Pins,False,False
67687,0,6,,5 - Box L Bag Wheel Holder Pins,False,False
67688,0,12,,5 - Box L Bag Wheel Holder Pins,False,False
6157,0,27,,5 - Box L Bag Wheel Holder Pins,False,False
39767,0,4,,5 - Box L Bag Wheel Holder Pins,False,False
47720,0,6,,5 - Box L Bag Wheel Holder Pins,False,False
122c01,0,18,,5 - Box L Bag Vintage Wheels,False,False
122c02,0,1,,5 - Box L Bag Vintage Wheels,False,False
6041,0,5,,5 - Box Fin|Jet engine|Propeller|Rotor,False,False
4617b,0,2,,5 - Box Fin|Jet engine|Propeller|Rotor,False,False
30332,0,2,,5 - Box Fin|Jet engine|Propeller|Rotor,False,False
15790,0,1,,5 - Box Fin|Jet engine|Propeller|Rotor,False,False
92842,0,3,,5 - Box Fin|Jet engine|Propeller|Rotor,False,False
2421,0,2,,5 - Box Fin|Jet engine|Propeller|Rotor,False,False
67737,0,2,,5 - Box Fin|Jet engine|Propeller|Rotor,False,False
2479,0,2,,5 - Box Fin|Jet engine|Propeller|Rotor,False,False
64450,0,1,,5 - Box L Windcreen|Cockpit,False,False
30603,0,2,,5 - Bin drawer Air dynamic|Engine|Exhaust,False,False
4509,0,6,,5 - Bin drawer Roof|Cover|Wedge,False,False
44675,0,1,,5 - Bin drawer Air dynamic|Engine|Exhaust,False,False
98834,0,1,,5 - Bin drawer Air dynamic|Engine|Exhaust,False,False
3829c01,0,11,,5 - Bin drawer Steering wheel,False,False
30663,0,1,,5 - Bin drawer Steering|Lever|Anchor,False,False
16091,0,1,,5 - Bin drawer Steering|Lever|Anchor,False,False
2584,0,4,,5 - Bin drawer Doors | Hose,False,False
4208,0,2,,5 - Bin drawer Doors | Hose,False,False
28779,0,1,,5 - Box Fin|Jet engine|Propeller|Rotor,False,False
41531,0,1,,5 - Box Fin|Jet engine|Propeller|Rotor,False,False
2922,0,1,,5 - Bin drawer Mixed parts,False,False
38340,0,4,,5 - Box L Bag Train tracks|Train wheels,False,False
50254,0,11,,5 - Bin drawer Wheels 11x8mm|Train,False,False
43903,0,2,,5 - Bin drawer Wagon wheel|Tread|Ballon|Tech Wheel 31x15mm,False,False
3139,0,7,,5 - Bin drawer Mixed parts,False,False
59895,0,16,,5 - Bin drawer Tire small|Wheel cover,False,False
50951,0,15,,5 - Bin drawer Wheels 11x8mm|Train,False,False
30028,0,35,,5 - Bin drawer Wheels 8x9mm|11x12mm,False,False
3641,0,74,5 - Box L Bag Vintage Wheels,5 - Bin drawer Wheels 8x6mm,False,False
87414,0,24,,5 - Bin drawer Wheels 8x6mm,False,False
51011,0,5,,5 - Bin drawer Wheels 11x8mm|Train,False,False
92409,0,11,,5 - Bin drawer Wheels 11x8mm|Train,False,False
6015,0,27,,5 - Box L Bag Wheel 11x12mm w treaded tires,False,False
60700,0,16,,5 - Box L Bag Wheel 11x12mm w treaded tires,False,False
87697,0,71,,5 - Box L Bag Wheel 11x12mm w treaded tires,False,False
50861,0,2,,5 - Box L Bag Motorbike|Bike|Wheelbarrow|Skate,False,False
4084,0,15,5 - Bin drawer Wheels 8x6mm,5 - Box L Bag Vintage Wheels,False,False
11209,0,16,,5 - Box L Bag Wheel 14x10mm|18x12|18x8,False,False
18977,0,1,,5 - Box L Bag Wheel 14x10mm|18x12|18x8,False,False
56890,0,15,,5 - Box L Bag Wheel 11x12mm w treaded tires,False,False
2696,0,6,,5 - Box L Bag Wheel 30x20|30x14|30x13|31x15mm,False,False
89201,0,10,,5 - Box L Bag Wheel 18x14mm,False,False
30391,0,3,,5 - Box L Bag Wheel 18x14mm,False,False
92402,0,22,,5 - Box L Bag Wheel 18x14mm,False,False
58090,0,14,,5 - Box L Bag Wheel 18x14mm,False,False
2346,0,2,,5 - Bin drawer Wagon wheel|Tread|Ballon|Tech Wheel 31x15mm,False,False
56897,0,1,,5 - Box L Bag Wheel 14x10mm|18x12|18x8,False,False
56891,0,2,,5 - Box L Bag Wheel 18x14mm,False,False
30699,0,1,,5 - Box L Bag Wheel 30x20|30x14|30x13|31x15mm,False,False
56898,0,1,,5 - Box L Bag Wheel 30x20|30x14|30x13|31x15mm,False,False
44309,0,1,,5 - Box L Bag Wheel 30x20|30x14|30x13|31x15mm,False,False
61481,0,1,,5 - Box L Bag Wheel 30x20|30x14|30x13|31x15mm,False,False
55976,0,1,,5 - Box L Bag Wheel 30x20|30x14|30x13|31x15mm,False,False
3483,0,2,,5 - Box L Bag Wheel 14x10mm|18x12|18x8,False,False
61254,0,5,,5 - Box L Bag Wheel 14x10mm|18x12|18x8,False,False
30029,0,3,,5 - Box Mudguards|Vehicle base|Bracket,False,False
4211,0,1,,5 - Box Mudguards|Vehicle base|Bracket,False,False
2441,0,7,,5 - Box L Bag Wheel Holder Pins,False,False
65202,0,1,,5 - Box L Bag Wheel Holder Pins,False,False
65634,0,1,,5 - Box Mudguards|Vehicle base|Bracket,False,False
28324,0,3,,5 - Box Mudguards|Vehicle base|Bracket,False,False
30076,0,1,,5 - Box L Bag Wheel Holder Pins,False,False
18896,0,1,,5 - Box L Bag Motorbike|Bike|Wheelbarrow|Skate,False,False
4480c01,0,1,,5 - Box L Bag Motorbike|Bike|Wheelbarrow|Skate,False,False
50859b,0,1,,5 - Box L Bag Motorbike|Bike|Wheelbarrow|Skate,False,False
47458,0,3,,5 - Bin drawer Air dynamic|Engine|Exhaust,False,False
47456,0,2,,5 - Bin drawer Air dynamic|Engine|Exhaust,False,False
11291,0,4,,5 - Box Mudguards|Vehicle base|Bracket,False,False
47406,0,2,,5 - Bag Fuselage,False,False
93595,0,4,,5 - Bin drawer Tire small|Wheel cover,False,False
42610,0,2,,5 - Bin drawer Wheels 11x8mm|Train,False,False
11208,0,3,,5 - Box L Bag Wheel 14x10mm|18x12|18x8,False,False
55982,0,5,,5 - Box L Bag Wheel 18x14mm,False,False
18976,0,1,,5 - Box L Bag Wheel 14x10mm|18x12|18x8,False,False
66727,0,1,,5 - Box L Bag Wheel 14x10mm|18x12|18x8,False,False
55981,0,14,,5 - Box L Bag Wheel 18x14mm,False,False
56145,0,1,,5 - Box L Bag Wheel 30x20|30x14|30x13|31x15mm,False,False
74967,0,4,,5 - Bin drawer Wheels 8x9mm|11x12mm,False,False
47755,0,1,,5 - Box Mudguards|Vehicle base|Bracket,False,False
3788,0,1,,5 - Box Mudguards|Vehicle base|Bracket,False,False
60212,0,2,,5 - Box Mudguards|Vehicle base|Bracket,False,False
50745,0,4,,5 - Box Mudguards|Vehicle base|Bracket,False,False
18978b,0,1,,5 - Bin drawer Tire small|Wheel cover,False,False
72210a,0,4,,5 - Bin drawer Tire small|Wheel cover,False,False
18978a,0,2,,5 - Bin drawer Tire small|Wheel cover,False,False
72210b,0,8,,5 - Bin drawer Tire small|Wheel cover,False,False
4288,0,13,,5 - Bin drawer Wagon wheel|Tread|Ballon|Tech Wheel 31x15mm,False,False
38339,0,2,,5 - Box L Bag Train tracks|Train wheels,False,False
2496,0,23,,5 - Bin drawer Mixed parts,False,False
4489a,0,2,,5 - Bin drawer Wagon wheel|Tread|Ballon|Tech Wheel 31x15mm,False,False
47758,0,4,,5 - Box L Windcreen|Cockpit,False,False
41751,0,1,,5 - Box L Windcreen|Cockpit,False,False
2340,0,1,,5 - Box Fin|Jet engine|Propeller|Rotor,False,False
4598,1,2,,5 - Box Mudguards|Vehicle base|Bracket,False,False
3822,1,2,,5 - Bin drawer Doors | Hose,False,False
3821,1,2,,5 - Bin drawer Doors | Hose,False,False
298c02,1,9,,5 - Bin drawer Steering|Lever|Anchor,False,False
4596,1,1,,5 - Bin drawer Mixed parts,False,False
45677,1,1,,5 - Bin drawer Roof|Cover|Wedge,False,False
3829c01,1,18,,5 - Bin drawer Steering wheel,False,False
4212b,1,1,,5 - Box Mudguards|Vehicle base|Bracket,False,False
2626,1,1,,5 - Bag Fuselage,False,False
3788,1,1,,5 - Box Mudguards|Vehicle base|Bracket,False,False
60212,1,1,,5 - Box Mudguards|Vehicle base|Bracket,False,False
35299,1,1,,5 - Box L Windcreen|Cockpit,False,False
11301,212,2,,5 - Bag Fuselage,False,False
87611,191,1,,5 - Bag Fuselage,False,False
11215,191,2,,5 - Box Mudguards|Vehicle base|Bracket,False,False
92262,191,2,,5 - Bin drawer Doors | Hose,False,False
92263,191,2,,5 - Bin drawer Doors | Hose,False,False
32083,191,3,,5 - Bin drawer Roof|Cover|Wedge,False,False
45677,191,1,,5 - Bin drawer Roof|Cover|Wedge,False,False
60212,191,1,,5 - Box Mudguards|Vehicle base|Bracket,False,False
18974,191,1,,5 - Box Mudguards|Vehicle base|Bracket,False,False
28326,226,1,,5 - Box Mudguards|Vehicle base|Bracket,False,False
2560,6,1,,5 - Bag Large Parts,False,False
2470,6,1,,5 - Bin drawer Wagon wheel|Tread|Ballon|Tech Wheel 31x15mm,False,False
18937c01,321,1,,5 - Bag Large Parts,False,False
98282,321,4,,5 - Box Mudguards|Vehicle base|Bracket,False,False
50745,321,1,,5 - Box Mudguards|Vehicle base|Bracket,False,False
98834,272,1,,5 - Bin drawer Air dynamic|Engine|Exhaust,False,False
30925,272,1,,5 - Bin drawer Air dynamic|Engine|Exhaust,False,False
47456,272,2,,5 - Bin drawer Air dynamic|Engine|Exhaust,False,False
47755,272,4,,5 - Box Mudguards|Vehicle base|Bracket,False,False
87611,72,1,,5 - Bag Fuselage,False,False
92711,72,1,,5 - Bag Large Parts,False,False
18671,72,1,,5 - Box Mudguards|Vehicle base|Bracket,False,False
14520,72,2,,5 - Box Mudguards|Vehicle base|Bracket,False,False
65635,72,2,,5 - Bin drawer Mixed parts,False,False
47507,72,1,,5 - Box L Windcreen|Cockpit,False,False
50943,72,1,,5 - Bin drawer Air dynamic|Engine|Exhaust,False,False
98302,72,1,,5 - Box Fin|Jet engine|Propeller|Rotor,False,False
11767,72,1,,5 - Box L Bag Motorbike|Bike|Wheelbarrow|Skate,False,False
30031,72,6,,5 - Bin drawer Steering|Lever|Anchor,False,False
30248,72,1,,5 - Bag Canoe|Construction bucket|Crane,False,False
46667,72,1,,5 - Box Fin|Jet engine|Propeller|Rotor,False,False
30157,72,5,,5 - Box L Bag Wheel Holder Pins,False,False
98834,72,2,,5 - Bin drawer Air dynamic|Engine|Exhaust,False,False
4212b,72,1,,5 - Box Mudguards|Vehicle base|Bracket,False,False
52036,72,5,,5 - Box Mudguards|Vehicle base|Bracket,False,False
52037,72,2,,5 - Box Mudguards|Vehicle base|Bracket,False,False
64022,72,1,,5 - Box L Bag Train tracks|Train wheels,False,False
53401,72,3,,5 - Box L Bag Train tracks|Train wheels,False,False
47456,72,2,,5 - Bin drawer Air dynamic|Engine|Exhaust,False,False
60208,72,2,,5 - Box L Bag Wheel 30x20|30x14|30x13|31x15mm,False,False
47755,72,1,,5 - Box Mudguards|Vehicle base|Bracket,False,False
28326,72,5,,5 - Box Mudguards|Vehicle base|Bracket,False,False
98282,72,6,,5 - Box Mudguards|Vehicle base|Bracket,False,False
50745,72,16,,5 - Box Mudguards|Vehicle base|Bracket,False,False
3464,72,3,,5 - Bin drawer Mixed parts,False,False
2871b,308,1,,5 - Box L Bag Train tracks|Train wheels,False,False
47456,308,1,,5 - Bin drawer Air dynamic|Engine|Exhaust,False,False
33211,8,4,,5 - Bin drawer Wagon wheel|Tread|Ballon|Tech Wheel 31x15mm,False,False
47755,288,1,,5 - Box Mudguards|Vehicle base|Bracket,False,False
6021,484,1,,5 - Bag Canoe|Construction bucket|Crane,False,False
18969,484,1,,5 - Box Fin|Jet engine|Propeller|Rotor,False,False
47456,484,1,,5 - Bin drawer Air dynamic|Engine|Exhaust,False,False
41854,85,1,,5 - Box Mudguards|Vehicle base|Bracket,False,False
45677,85,1,,5 - Bin drawer Roof|Cover|Wedge,False,False
98834,85,1,,5 - Bin drawer Air dynamic|Engine|Exhaust,False,False
42511,85,3,,5 - Box L Bag Motorbike|Bike|Wheelbarrow|Skate,False,False
26559,85,1,,5 - Box L Bag Train tracks|Train wheels,False,False
47456,85,2,,5 - Bin drawer Air dynamic|Engine|Exhaust,False,False
50943,320,3,,5 - Bin drawer Air dynamic|Engine|Exhaust,False,False
47456,320,3,,5 - Bin drawer Air dynamic|Engine|Exhaust,False,False
44674,3,2,,5 - Box Mudguards|Vehicle base|Bracket,False,False
18937c01,3,1,,5 - Bag Large Parts,False,False
50943,179,1,,5 - Bin drawer Air dynamic|Engine|Exhaust,False,False
11122pr0002,179,1,,5 - Box L Bag Motorbike|Bike|Wheelbarrow|Skate,False,False
61072,179,7,,5 - Bin drawer Air dynamic|Engine|Exhaust,False,False
41530,179,1,,5 - Box Fin|Jet engine|Propeller|Rotor,False,False
93594,179,3,,5 - Bin drawer Tire small|Wheel cover,False,False
11208,179,9,,5 - Box L Bag Wheel 14x10mm|18x12|18x8,False,False
18976,179,4,,5 - Box L Bag Wheel 14x10mm|18x12|18x8,False,False
18978a,179,4,,5 - Bin drawer Tire small|Wheel cover,False,False
98288,2,2,,5 - Box L Bag Motorbike|Bike|Wheelbarrow|Skate,False,False
24151,2,1,,5 - Box Mudguards|Vehicle base|Bracket,False,False
50745,2,5,,5 - Box Mudguards|Vehicle base|Bracket,False,False
52031,323,1,,5 - Bin drawer Roof|Cover|Wedge,False,False
18671,71,5,,5 - Box Mudguards|Vehicle base|Bracket,False,False
11215,71,11,,5 - Box Mudguards|Vehicle base|Bracket,False,False
3963,71,3,,5 - Bin drawer Steering|Lever|Anchor,False,False
18675pr0001,71,1,,5 - Box L Windcreen|Cockpit,False,False
24312,71,1,,5 - Box L Bag Motorbike|Bike|Wheelbarrow|Skate,False,False
30031,71,1,,5 - Bin drawer Steering|Lever|Anchor,False,False
98397,71,1,,5 - Bin drawer Steering|Lever|Anchor,False,False
298c02,71,36,,5 - Bin drawer Steering|Lever|Anchor,False,False
298c05,71,5,,5 - Bin drawer Steering|Lever|Anchor,False,False
21445,71,3,,5 - Box L Bag Wheel Holder Pins,False,False
41862,71,4,,5 - Bin drawer Air dynamic|Engine|Exhaust,False,False
4488,71,23,,5 - Box L Bag Wheel Holder Pins,False,False
4600,71,10,5 - Bin drawer Wheels 11x8mm|Train,5 - Box L Bag Wheel Holder Pins,False,False
67687,71,8,,5 - Box L Bag Wheel Holder Pins,False,False
6157,71,14,,5 - Box L Bag Wheel Holder Pins,False,False
30157,71,7,,5 - Box L Bag Wheel Holder Pins,False,False
2479,71,1,,5 - Box Fin|Jet engine|Propeller|Rotor,False,False
41530,71,3,,5 - Box Fin|Jet engine|Propeller|Rotor,False,False
44675,71,2,,5 - Bin drawer Air dynamic|Engine|Exhaust,False,False
3829c01,71,7,,5 - Bin drawer Steering wheel,False,False
30663,71,1,,5 - Bin drawer Steering|Lever|Anchor,False,False
16091,71,3,,5 - Bin drawer Steering|Lever|Anchor,False,False
2585,71,4,,5 - Bin drawer Doors | Hose,False,False
2819,71,1,,5 - Bin drawer Steering|Lever|Anchor,False,False
24326,71,1,,5 - Box L Bag Wheel Holder Pins,False,False
47456,71,2,,5 - Bin drawer Air dynamic|Engine|Exhaust,False,False
43979,71,1,,5 - Bag Fuselage,False,False
6014b,71,59,5 - Box L Bag Wheel 11x12mm w treaded tires,5 - Bin drawer Wheels 8x9mm|11x12mm,False,False
93593,71,4,,5 - Bin drawer Tire small|Wheel cover,False,False
42610,71,20,,5 - Bin drawer Wheels 11x8mm|Train,False,False
65630,71,3,,5 - Bin drawer Mixed parts,False,False
11208,71,5,,5 - Box L Bag Wheel 14x10mm|18x12|18x8,False,False
55982,71,1,,5 - Box L Bag Wheel 18x14mm,False,False
55981,71,17,,5 - Box L Bag Wheel 18x14mm,False,False
13971,71,9,,5 - Box L Bag Wheel 14x10mm|18x12|18x8,False,False
56904,71,1,,5 - Box L Bag Wheel 30x20|30x14|30x13|31x15mm,False,False
4624,71,11,,5 - Bin drawer Wheels 8x6mm,False,False
34337,71,10,,5 - Bin drawer Wheels 8x6mm,False,False
30027b,71,4,,5 - Bin drawer Wheels 8x9mm|11x12mm,False,False
74967,71,21,,5 - Bin drawer Wheels 8x9mm|11x12mm,False,False
50862,71,1,,5 - Box L Bag Motorbike|Bike|Wheelbarrow|Skate,False,False
2415,71,3,,5 - Bin drawer Mixed parts,False,False
4870,71,1,,5 - Bin drawer Mixed parts,False,False
2655,71,9,,5 - Bin drawer Mixed parts,False,False
4598,7,1,,5 - Box Mudguards|Vehicle base|Bracket,False,False
4869,7,4,,5 - Box Fin|Jet engine|Propeller|Rotor,False,False
16542,7,2,,5 - Bin drawer Doors | Hose,False,False
2926,7,2,,5 - Box L Bag Wheel Holder Pins,False,False
122c01,7,8,,5 - Box L Bag Vintage Wheels,False,False
2421,7,1,,5 - Box Fin|Jet engine|Propeller|Rotor,False,False
3829c01,7,3,,5 - Bin drawer Steering wheel,False,False
4624,7,4,,5 - Bin drawer Wheels 8x6mm,False,False
2415,7,1,,5 - Bin drawer Mixed parts,False,False
4870,7,2,,5 - Bin drawer Mixed parts,False,False
2926,100,1,,5 - Box L Bag Vintage Wheels,False,False
52031,27,1,,5 - Bin drawer Roof|Cover|Wedge,False,False
62361,27,4,,5 - Box Mudguards|Vehicle base|Bracket,False,False
11215,26,2,,5 - Box Mudguards|Vehicle base|Bracket,False,False
52031,26,1,,5 - Bin drawer Roof|Cover|Wedge,False,False
50745,322,1,,5 - Box Mudguards|Vehicle base|Bracket,False,False
30086c01,326,1,,5 - Bag Canoe|Construction bucket|Crane,False,False
30086c01,25,1,,5 - Bag Canoe|Construction bucket|Crane,False,False
3822,25,1,,5 - Bin drawer Doors | Hose,False,False
3821,25,1,,5 - Bin drawer Doors | Hose,False,False
41854,25,4,,5 - Box Mudguards|Vehicle base|Bracket,False,False
52031,25,1,,5 - Bin drawer Roof|Cover|Wedge,False,False
42511,25,1,,5 - Box L Bag Motorbike|Bike|Wheelbarrow|Skate,False,False
47755,25,1,,5 - Box Mudguards|Vehicle base|Bracket,False,False
28326,25,1,,5 - Box Mudguards|Vehicle base|Bracket,False,False
98282,25,1,,5 - Box Mudguards|Vehicle base|Bracket,False,False
14682,297,1,,5 - Bin drawer Air dynamic|Engine|Exhaust,False,False
15744,297,4,,5 - Bin drawer Wagon wheel|Tread|Ballon|Tech Wheel 31x15mm,False,False
47458,297,1,,5 - Bin drawer Air dynamic|Engine|Exhaust,False,False
55981,297,8,,5 - Box L Bag Wheel 18x14mm,False,False
56145,297,3,,5 - Box L Bag Wheel 30x20|30x14|30x13|31x15mm,False,False
50862,297,1,,5 - Box L Bag Motorbike|Bike|Wheelbarrow|Skate,False,False
74214,297,4,,5 - Bag Large Parts,False,False
4489b,297,4,,5 - Bin drawer Wagon wheel|Tread|Ballon|Tech Wheel 31x15mm,False,False
50943,1103,1,,5 - Bin drawer Air dynamic|Engine|Exhaust,False,False
72210a,1103,7,,5 - Bin drawer Tire small|Wheel cover,False,False
72210b,1103,2,,5 - Bin drawer Tire small|Wheel cover,False,False
6118,1103,1,,5 - Bin drawer Wagon wheel|Tread|Ballon|Tech Wheel 31x15mm,False,False
72206,1103,4,,5 - Box L Bag Wheel 14x10mm|18x12|18x8,False,False
65574,4,2,,5 - Box L Bag Motorbike|Bike|Wheelbarrow|Skate,False,False
29110,4,2,,5 - Bag Canoe|Construction bucket|Crane,False,False
11215,4,4,,5 - Box Mudguards|Vehicle base|Bracket,False,False
52038,4,2,,5 - Box Mudguards|Vehicle base|Bracket,False,False
14520,4,1,,5 - Box Mudguards|Vehicle base|Bracket,False,False
3822,4,3,,5 - Bin drawer Doors | Hose,False,False
3822pr0004,4,4,,5 - Bin drawer Doors | Hose,False,False
3821,4,3,,5 - Bin drawer Doors | Hose,False,False
3821pr0004,4,4,,5 - Bin drawer Doors | Hose,False,False
2495,4,2,,5 - Box L Bag Motorbike|Bike|Wheelbarrow|Skate,False,False
98288,4,1,,5 - Box L Bag Motorbike|Bike|Wheelbarrow|Skate,False,False
298c02,4,12,,5 - Bin drawer Steering|Lever|Anchor,False,False
44674,4,1,,5 - Box Mudguards|Vehicle base|Bracket,False,False
4488,4,1,,5 - Box Fin|Jet engine|Propeller|Rotor,False,False
3135,4,1,,5 - Bag Canoe|Construction bucket|Crane,False,False
45677,4,2,,5 - Bin drawer Roof|Cover|Wedge,False,False
52031,4,4,,5 - Bin drawer Roof|Cover|Wedge,False,False
3829c01,4,4,,5 - Bin drawer Steering wheel,False,False
4209,4,2,,5 - Bin drawer Doors | Hose,False,False
50254,4,12,,5 - Bin drawer Wheels 11x8mm|Train,False,False
4211,4,7,,5 - Box Mudguards|Vehicle base|Bracket,False,False
70682,4,2,,5 - Bag Large Parts,False,False
47456,4,2,,5 - Bin drawer Air dynamic|Engine|Exhaust,False,False
4624,4,2,,5 - Box L Bag Vintage Wheels,False,False
62361,4,3,,5 - Box Mudguards|Vehicle base|Bracket,False,False
50947,4,4,,5 - Box Mudguards|Vehicle base|Bracket,False,False
3788,4,4,,5 - Box Mudguards|Vehicle base|Bracket,False,False
60212,4,1,,5 - Box Mudguards|Vehicle base|Bracket,False,False
28326,4,3,,5 - Box Mudguards|Vehicle base|Bracket,False,False
50745,4,13,,5 - Box Mudguards|Vehicle base|Bracket,False,False
2513,4,1,,5 - Box Mudguards|Vehicle base|Bracket,False,False
2484c01,4,3,,5 - Bin drawer Mixed parts,False,False
50747pr0013,4,1,,5 - Box L Windcreen|Cockpit,False,False
21301,70,1,,5 - Bag Canoe|Construction bucket|Crane,False,False
4790b,70,1,,5 - Bin drawer Steering|Lever|Anchor,False,False
44675,70,4,,5 - Bin drawer Air dynamic|Engine|Exhaust,False,False
93590,70,1,,5 - Box Mudguards|Vehicle base|Bracket,False,False
4624,70,1,,5 - Bin drawer Wheels 8x6mm,False,False
4489b,70,2,,5 - Bin drawer Wagon wheel|Tread|Ballon|Tech Wheel 31x15mm,False,False
60212,378,1,,5 - Box Mudguards|Vehicle base|Bracket,False,False
18675pr0002,40,1,,5 - Box L Windcreen|Cockpit,False,False
50986pr0001,40,1,,5 - Box L Windcreen|Cockpit,False,False
64453,40,2,,5 - Box L Windcreen|Cockpit,False,False
3823,40,1,,5 - Box L Windcreen|Cockpit,False,False
4176,40,2,,5 - Box L Windcreen|Cockpit,False,False
2694,40,1,,5 - Box L Windcreen|Cockpit,False,False
57783,40,7,,5 - Box L Windcreen|Cockpit,False,False
2437,40,8,,5 - Box L Windcreen|Cockpit,False,False
84954,40,2,,5 - Box L Windcreen|Cockpit,False,False
4872,40,1,,5 - Box L Windcreen|Cockpit,False,False
35299,40,1,,5 - Box L Windcreen|Cockpit,False,False
92583,40,3,,5 - Box L Windcreen|Cockpit,False,False
6238,40,1,,5 - Box L Windcreen|Cockpit,False,False
2483,40,1,,5 - Box L Windcreen|Cockpit,False,False
6070,40,1,,5 - Box L Windcreen|Cockpit,False,False
18972,40,1,,5 - Box L Windcreen|Cockpit,False,False
87752,40,1,,5 - Box L Windcreen|Cockpit,False,False
41883,40,2,,5 - Box L Windcreen|Cockpit,False,False
2418b,40,1,,5 - Box L Windcreen|Cockpit,False,False
65633pr0003,40,1,,5 - Box L Windcreen|Cockpit,False,False
30372pr0001,40,1,,5 - Box L Windcreen|Cockpit,False,False
30372pr0005,40,1,,5 - Box L Windcreen|Cockpit,False,False
30384,40,1,,5 - Box L Windcreen|Cockpit,False,False
23448,40,1,,5 - Box L Windcreen|Cockpit,False,False
92851,47,4,,5 - Box L Bag Motorbike|Bike|Wheelbarrow|Skate,False,False
44661,47,2,,5 - Box Fin|Jet engine|Propeller|Rotor,False,False
3464,47,7,,5 - Bin drawer Mixed parts,False,False
24314c01,47,2,,5 - Box L Bag Motorbike|Bike|Wheelbarrow|Skate,False,False
3823,47,8,,5 - Box L Windcreen|Cockpit,False,False
4594,47,2,,5 - Box L Windcreen|Cockpit,False,False
35336,47,1,,5 - Box L Windcreen|Cockpit,False,False
4176,47,2,,5 - Box L Windcreen|Cockpit,False,False
2437,47,1,,5 - Box L Windcreen|Cockpit,False,False
4872,47,1,,5 - Box L Windcreen|Cockpit,False,False
92583,47,2,,5 - Box L Windcreen|Cockpit,False,False
18990,47,2,,5 - Box L Windcreen|Cockpit,False,False
18591,47,1,,5 - Box L Windcreen|Cockpit,False,False
6070,47,1,,5 - Box L Windcreen|Cockpit,False,False
92474,47,3,,5 - Box L Windcreen|Cockpit,False,False
50747,47,1,,5 - Box L Windcreen|Cockpit,False,False
2466,33,3,,5 - Box L Windcreen|Cockpit,False,False
4872,33,1,,5 - Box L Windcreen|Cockpit,False,False
89649,41,1,,5 - Box L Windcreen|Cockpit,False,False
64453,41,1,,5 - Box L Windcreen|Cockpit,False,False
3823,41,2,,5 - Box L Windcreen|Cockpit,False,False
35336,41,2,,5 - Box L Windcreen|Cockpit,False,False
4176,41,2,,5 - Box L Windcreen|Cockpit,False,False
57783,41,2,,5 - Box L Windcreen|Cockpit,False,False
2437,41,4,,5 - Box L Windcreen|Cockpit,False,False
4866,41,1,,5 - Box L Windcreen|Cockpit,False,False
4872,41,1,,5 - Box L Windcreen|Cockpit,False,False
72475,41,3,,5 - Box L Windcreen|Cockpit,False,False
62360,41,1,,5 - Box L Windcreen|Cockpit,False,False
92583,41,1,,5 - Box L Windcreen|Cockpit,False,False
11289,41,1,,5 - Box L Windcreen|Cockpit,False,False
92474,41,2,,5 - Box L Windcreen|Cockpit,False,False
4474,41,1,,5 - Box L Windcreen|Cockpit,False,False
27934,57,1,,5 - Box Fin|Jet engine|Propeller|Rotor,False,False
2466,57,1,,5 - Box L Windcreen|Cockpit,False,False
87615,15,1,,5 - Bag Fuselage,False,False
29114,15,1,,5 - Bag Fuselage,False,False
92710,15,1,,5 - Bag Large Parts,False,False
4289,15,3,,5 - Box Fin|Jet engine|Propeller|Rotor,False,False
11215,15,1,,5 - Box Mudguards|Vehicle base|Bracket,False,False
6087,15,1,,5 - Box Mudguards|Vehicle base|Bracket,False,False
4732,15,4,,5 - Box Mudguards|Vehicle base|Bracket,False,False
52038,15,7,,5 - Box Mudguards|Vehicle base|Bracket,False,False
14520,15,1,,5 - Box Mudguards|Vehicle base|Bracket,False,False
3822,15,6,,5 - Bin drawer Doors | Hose,False,False
3822pr0001,15,1,,5 - Bin drawer Doors | Hose,False,False
3821,15,4,,5 - Bin drawer Doors | Hose,False,False
3821pr0001,15,1,,5 - Bin drawer Doors | Hose,False,False
3193,15,1,,5 - Bin drawer Doors | Hose,False,False
58381,15,1,,5 - Bin drawer Doors | Hose,False,False
3192,15,1,,5 - Bin drawer Doors | Hose,False,False
58380,15,1,,5 - Bin drawer Doors | Hose,False,False
4868b,15,2,,5 - Box Fin|Jet engine|Propeller|Rotor,False,False
4229,15,1,,5 - Box Fin|Jet engine|Propeller|Rotor,False,False
50949,15,1,,5 - Bin drawer Air dynamic|Engine|Exhaust,False,False
298c02,15,24,,5 - Bin drawer Steering|Lever|Anchor,False,False
41854,15,2,,5 - Box Mudguards|Vehicle base|Bracket,False,False
44674,15,3,,5 - Box Mudguards|Vehicle base|Bracket,False,False
15790,15,1,,5 - Box Fin|Jet engine|Propeller|Rotor,False,False
32083,15,2,,5 - Bin drawer Roof|Cover|Wedge,False,False
32739,15,1,,5 - Bin drawer Roof|Cover|Wedge,False,False
45677,15,9,,5 - Bin drawer Roof|Cover|Wedge,False,False
52031,15,5,,5 - Bin drawer Roof|Cover|Wedge,False,False
98281,15,2,,5 - Bin drawer Roof|Cover|Wedge,False,False
3829c01,15,14,,5 - Bin drawer Steering wheel,False,False
3479,15,1,,5 - Box Fin|Jet engine|Propeller|Rotor,False,False
44661,15,2,,5 - Box Fin|Jet engine|Propeller|Rotor,False,False
3139,15,2,,5 - Box L Bag Vintage Wheels,False,False
12622c02,15,1,,5 - Bag Large Parts,False,False
4212b,15,1,,5 - Box Mudguards|Vehicle base|Bracket,False,False
52036,15,1,,5 - Box Mudguards|Vehicle base|Bracket,False,False
28324,15,1,,5 - Box Mudguards|Vehicle base|Bracket,False,False
4480c01,15,2,,5 - Box L Bag Motorbike|Bike|Wheelbarrow|Skate,False,False
30187a,15,1,,5 - Box L Bag Motorbike|Bike|Wheelbarrow|Skate,False,False
98835,15,2,,5 - Box Mudguards|Vehicle base|Bracket,False,False
3474,15,1,,5 - Box Fin|Jet engine|Propeller|Rotor,False,False
6014b,15,41,5 - Box L Bag Wheel 11x12mm w treaded tires,5 - Bin drawer Wheels 8x9mm|11x12mm,False,False
6014a,15,4,5 - Box L Bag Wheel 11x12mm w treaded tires,5 - Bin drawer Wheels 8x9mm|11x12mm,False,False
93595,15,2,,5 - Bin drawer Tire small|Wheel cover,False,False
55981,15,9,,5 - Box L Bag Wheel 18x14mm,False,False
30285,15,4,,5 - Box L Bag Wheel 18x14mm,False,False
2695,15,7,,5 - Box L Bag Wheel 30x20|30x14|30x13|31x15mm,False,False
56904,15,1,,5 - Box L Bag Wheel 30x20|30x14|30x13|31x15mm,False,False
60208,15,1,,5 - Box L Bag Wheel 30x20|30x14|30x13|31x15mm,False,False
4624,15,28,,5 - Bin drawer Wheels 8x6mm,False,False
34337,15,16,,5 - Bin drawer Wheels 8x6mm,False,False
74967,15,7,,5 - Bin drawer Wheels 8x9mm|11x12mm,False,False
62361,15,2,,5 - Box Mudguards|Vehicle base|Bracket,False,False
3788,15,4,,5 - Box Mudguards|Vehicle base|Bracket,False,False
60212,15,1,,5 - Box Mudguards|Vehicle base|Bracket,False,False
28326,15,1,,5 - Box Mudguards|Vehicle base|Bracket,False,False
18974,15,5,,5 - Box Mudguards|Vehicle base|Bracket,False,False
50745,15,38,,5 - Box Mudguards|Vehicle base|Bracket,False,False
3464,15,1,,5 - Bin drawer Mixed parts,False,False
89648,15,1,,5 - Box L Windcreen|Cockpit,False,False
13760,15,1,,5 - Box L Windcreen|Cockpit,False,False
61484,15,3,,5 - Box L Windcreen|Cockpit,False,False
2340,15,4,,5 - Box Fin|Jet engine|Propeller|Rotor,False,False
11295,14,2,,5 - Bag Fuselage,False,False
30394,14,1,,5 - Bag Canoe|Construction bucket|Crane,False,False
2347,14,1,,5 - Bag Canoe|Construction bucket|Crane,False,False
3822,14,1,,5 - Bin drawer Doors | Hose,False,False
3821,14,1,,5 - Bin drawer Doors | Hose,False,False
92262,14,1,,5 - Bin drawer Doors | Hose,False,False
92263,14,1,,5 - Bin drawer Doors | Hose,False,False
3475b,14,2,,5 - Box Fin|Jet engine|Propeller|Rotor,False,False
298c02,14,8,,5 - Bin drawer Steering|Lever|Anchor,False,False
298c01,14,1,,5 - Bin drawer Steering|Lever|Anchor,False,False
44674,14,2,,5 - Box Mudguards|Vehicle base|Bracket,False,False
32739,14,4,,5 - Bin drawer Roof|Cover|Wedge,False,False
44675,14,1,,5 - Bin drawer Air dynamic|Engine|Exhaust,False,False
52031,14,2,,5 - Bin drawer Roof|Cover|Wedge,False,False
3829c01,14,13,,5 - Bin drawer Steering wheel,False,False
41531,14,1,,5 - Box Fin|Jet engine|Propeller|Rotor,False,False
15455,14,1,,5 - Bag Canoe|Construction bucket|Crane,False,False
2512,14,3,,5 - Bag Canoe|Construction bucket|Crane,False,False
12622c02,14,1,,5 - Bag Large Parts,False,False
4211,14,1,,5 - Box Mudguards|Vehicle base|Bracket,False,False
2441,14,1,,5 - Box L Bag Wheel Holder Pins,False,False
30263,14,1,,5 - Bag Canoe|Construction bucket|Crane,False,False
98835,14,1,,5 - Box Mudguards|Vehicle base|Bracket,False,False
6014b,14,26,5 - Box L Bag Wheel 11x12mm w treaded tires,5 - Bin drawer Wheels 8x9mm|11x12mm,False,False
4624,14,4,,5 - Bin drawer Wheels 8x6mm,False,False
30027a,14,4,,5 - Bin drawer Wheels 8x9mm|11x12mm,False,False
50947,14,1,,5 - Box Mudguards|Vehicle base|Bracket,False,False
3787,14,1,,5 - Box Mudguards|Vehicle base|Bracket,False,False
3788,14,2,,5 - Box Mudguards|Vehicle base|Bracket,False,False
60212,14,4,,5 - Box Mudguards|Vehicle base|Bracket,False,False
2655,14,3,,5 - Bin drawer Mixed parts,False,False
3482,14,2,,5 - Bin drawer Wagon wheel|Tread|Ballon|Tech Wheel 31x15mm,False,False
61484,14,1,,5 - Box L Windcreen|Cockpit,False,False
