Part,Color,Quantity,Notes,Location,IsUsed,IsStickered
32580,0,1,,8-0 Bag Flexible,False,False
92338,0,1,,8-0 Bag Flexible,False,False
73590c02a,0,1,,8-0 Bag Flexible,False,False
73590c03a,0,2,,8-0 Bag Flexible,False,False
75c18,0,1,,8-0 Bag Flexible,False,False
75c32,0,1,,8-0 Bag Flexible,False,False
75c09,0,3,,8-0 Bag Flexible,False,False
92234,0,1,,8 - Bags Large Buildable Figures,False,False
53568,0,2,,8 - Bags Large Buildable Figures,False,False
53549,0,1,,8 - Bags Large Buildable Figures,False,False
47298,0,2,,8 - Bags Large Buildable Figures,False,False
90661,0,1,,8 - Bags Large Buildable Figures,False,False
41668,0,1,,8 - Bags Large Buildable Figures,False,False
15976,0,2,,8 - Bags Large Buildable Figures,False,False
93575,0,1,,8 - Bags Large Buildable Figures,False,False
57541,0,2,,8 - Bags Large Buildable Figures,False,False
57526,0,2,,8 - Bags Large Buildable Figures,False,False
90650,0,1,,8 - Bags Large Buildable Figures,False,False
21562,0,2,,8 - Bags Large Buildable Figures,False,False
90640,0,3,,8 - Bags Large Buildable Figures,False,False
90639,0,1,,8 - Bags Large Buildable Figures,False,False
19077,0,1,,8 - Bags Large Buildable Figures,False,False
43559,0,1,,8 - Bags Large Buildable Figures,False,False
41672,0,4,,8 - Bags Large Buildable Figures,False,False
90611,0,3,,8 - Bags Large Buildable Figures,False,False
90613,0,1,,8 - Bags Large Buildable Figures,False,False
53563,0,4,,8 - Bags Large Buildable Figures,False,False
90612,0,1,,8 - Bags Large Buildable Figures,False,False
53545,0,1,,8 - Bags Large Buildable Figures,False,False
47306,0,1,,8 - Bags Large Buildable Figures,False,False
53546,0,1,,8 - Bags Large Buildable Figures,False,False
98585,0,1,,8 - Bags Large Buildable Figures,False,False
32506,0,3,,8 - Bags Large Buildable Figures,False,False
14226c11,0,1,,8-0 Bag Flexible,False,False
41668,1,2,,8 - Bags Large Buildable Figures,False,False
32475,1,2,,8 - Bags Large Buildable Figures,False,False
42042g,1,1,,8 - Bags Large Buildable Figures,False,False
42042h,1,1,,8 - Bags Large Buildable Figures,False,False
41664,1,1,,8 - Bags Large Buildable Figures,False,False
41665,1,2,,8 - Bags Large Buildable Figures,False,False
32489,1,1,,8 - Bags Large Buildable Figures,False,False
32551,1,2,,8 - Bags Large Buildable Figures,False,False
85545,1,2,,8-0 Bag Flexible,False,False
41671pat0002,1,1,,8 - Bags Large Buildable Figures,False,False
41668,6,2,,8 - Bags Large Buildable Figures,False,False
41662,6,2,,8 - Bags Large Buildable Figures,False,False
41665,6,2,,8 - Bags Large Buildable Figures,False,False
41671pat0002,6,1,,8 - Bags Large Buildable Figures,False,False
32505,383,1,,8 - Bags Large Buildable Figures,False,False
53566,272,1,,8 - Bags Large Buildable Figures,False,False
47311,272,1,,8 - Bags Large Buildable Figures,False,False
18396pat0002,272,2,,8-0 Bags Bionicle,False,False
60169,72,3,,8-0 Bag Flexible,False,False
30104,72,1,,8-0 Bag Flexible,False,False
92338,72,1,,8-0 Bag Flexible,False,False
32475,72,2,,8 - Bags Large Buildable Figures,False,False
47312,72,2,,8 - Bags Large Buildable Figures,False,False
47300,72,2,,8 - Bags Large Buildable Figures,False,False
90617,72,1,,8 - Bags Large Buildable Figures,False,False
90608,72,1,,8 - Bags Large Buildable Figures,False,False
12799,72,1,,8 - Bag Electronics|Mechnical|Pneumatics,False,False
75c19,8,1,,8-0 Bag Flexible,False,False
32570,8,1,,8 - Bags Large Buildable Figures,False,False
49423,288,1,,8 - Bags Large Buildable Figures,False,False
47298,288,2,,8 - Bags Large Buildable Figures,False,False
47299,288,2,,8 - Bags Large Buildable Figures,False,False
47307,288,1,,8 - Bags Large Buildable Figures,False,False
47310,288,2,,8 - Bags Large Buildable Figures,False,False
47311,288,2,,8 - Bags Large Buildable Figures,False,False
47297,288,2,,8 - Bags Large Buildable Figures,False,False
47305,288,1,,8 - Bags Large Buildable Figures,False,False
47306,288,1,,8 - Bags Large Buildable Figures,False,False
61800,484,1,,8 - Bags Large Buildable Figures,False,False
90640,85,1,,8 - Bags Large Buildable Figures,False,False
75c08,320,4,,8-0 Bag Flexible,False,False
92338,179,2,,8-0 Bag Flexible,False,False
57539,179,1,,8-0 Bag Flexible,False,False
78c03,179,3,,8-0 Bag Flexible,False,False
93575,179,1,,8 - Bags Large Buildable Figures,False,False
90650,179,1,,8 - Bags Large Buildable Figures,False,False
19151,179,1,,8 - Bags Large Buildable Figures,False,False
92220,179,2,,8 - Bags Large Buildable Figures,False,False
21755,179,4,,8 - Bags Large Buildable Figures,False,False
42042a,2,1,,8 - Bags Large Buildable Figures,False,False
42042d,2,1,,8 - Bags Large Buildable Figures,False,False
14210,2,1,,8-0 Bag Flexible,False,False
98585,71,2,,8 - Bags Large Buildable Figures,False,False
32574pat0001,86,1,,8 - Bags Large Buildable Figures,False,False
32553,7,3,,8 - Bags Large Buildable Figures,False,False
41673,7,3,,8 - Bags Large Buildable Figures,False,False
32173,7,1,,8 - Bags Large Buildable Figures,False,False
32482,7,2,,8 - Bags Large Buildable Figures,False,False
32476,7,1,,8 - Bags Large Buildable Figures,False,False
73129,7,1,,8 - Bag Electronics|Mechnical|Pneumatics,False,False
42042e,27,1,,8 - Bags Large Buildable Figures,False,False
42042f,73,1,,8 - Bags Large Buildable Figures,False,False
47471,73,1,,8 - Bags Large Buildable Figures,False,False
41670,73,4,,8 - Bags Large Buildable Figures,False,False
32482,73,2,,8 - Bags Large Buildable Figures,False,False
32476,73,2,,8 - Bags Large Buildable Figures,False,False
27965,84,2,,8-0 Bag Flexible,False,False
44790,25,2,,8 - Bags Large Buildable Figures,False,False
42042d,25,1,,8 - Bags Large Buildable Figures,False,False
42042g,25,1,,8 - Bags Large Buildable Figures,False,False
41670,25,2,,8 - Bags Large Buildable Figures,False,False
48064c02,25,1,,8 - Bag Electronics|Mechnical|Pneumatics,False,False
92338,297,2,,8-0 Bag Flexible,False,False
76919,297,3,,8 - Bags Large Buildable Figures,False,False
15362,297,3,,8 - Bags Large Buildable Figures,False,False
19077,297,1,,8 - Bags Large Buildable Figures,False,False
11302,297,2,,8-0 Bags Bionicle,False,False
11305,297,1,,8 - Bags Large Buildable Figures,False,False
57562,135,1,,8 - Bags Large Buildable Figures,False,False
49423,135,1,,8 - Bags Large Buildable Figures,False,False
47327,135,1,,8 - Bags Large Buildable Figures,False,False
57533,135,1,,8 - Bags Large Buildable Figures,False,False
47314,135,2,,8 - Bags Large Buildable Figures,False,False
20252,1103,3,,8 - Bags Large Buildable Figures,False,False
41668,4,1,,8 - Bags Large Buildable Figures,False,False
32505,4,1,,8 - Bags Large Buildable Figures,False,False
41661,4,2,,8 - Bags Large Buildable Figures,False,False
57525,4,8,,,,
18592,4,1,,8 - Bag Electronics|Mechnical|Pneumatics,False,False
41671pat0002,4,1,,8 - Bags Large Buildable Figures,False,False
75c14,70,1,,8-0 Bag Flexible,False,False
75c03,70,1,,8-0 Bag Flexible,False,False
27965,70,3,,8-0 Bag Flexible,False,False
32567,19,1,,8 - Bags Large Buildable Figures,False,False
41670,19,4,,8 - Bags Large Buildable Figures,False,False
4770,33,1,,8 - Bag Electronics|Mechnical|Pneumatics,False,False
32571,33,1,,8 - Bags Large Buildable Figures,False,False
46524,33,1,,8 - Bag Electronics|Mechnical|Pneumatics,False,False
32554,143,1,,8 - Bags Large Buildable Figures,False,False
57702,143,1,,8 - Bags Large Buildable Figures,False,False
19050,42,1,,8 - Bags Large Buildable Figures,False,False
90611,42,1,,8 - Bags Large Buildable Figures,False,False
47313,57,1,,8 - Bags Large Buildable Figures,False,False
32554,54,2,,8 - Bags Large Buildable Figures,False,False
4770,36,1,,8 - Bag Electronics|Mechnical|Pneumatics,False,False
47313,36,1,,8 - Bags Large Buildable Figures,False,False
54869,36,1,,8 - Bag Electronics|Mechnical|Pneumatics,False,False
32505,1085,1,,8 - Bags Large Buildable Figures,False,False
32571,1085,1,,8 - Bags Large Buildable Figures,False,False
32565,1085,1,,8 - Bags Large Buildable Figures,False,False
4760c01pr0002,15,1,,8 - Bag Electronics|Mechnical|Pneumatics,False,False
90661,15,1,,8 - Bags Large Buildable Figures,False,False
32475,15,2,,8 - Bags Large Buildable Figures,False,False
15976,15,1,,8 - Bags Large Buildable Figures,False,False
15362,15,1,,8 - Bags Large Buildable Figures,False,False
90640,15,1,,8 - Bags Large Buildable Figures,False,False
42042c,15,1,,8 - Bags Large Buildable Figures,False,False
32489,15,1,,8 - Bags Large Buildable Figures,False,False
42074,15,6,,8 - Bags Large Buildable Figures,False,False
32552,15,1,,8 - Bags Large Buildable Figures,False,False
61800,15,1,,8 - Bags Large Buildable Figures,False,False
4771,15,1,,8 - Bag Electronics|Mechnical|Pneumatics,False,False
73590c01b,14,1,,8-0 Bag Flexible,False,False
73590c03b,14,1,,8-0 Bag Flexible,False,False
42042e,14,1,,8 - Bags Large Buildable Figures,False,False
20251,158,1,,8 - Bags Large Buildable Figures,False,False
