Part,Color,Quantity,Notes,Location,IsUsed,IsStickered
30361c,0,6,,7 - Box Technic Brick | Round brick,False,False
98286,0,2,,7 - Jewelry Technic Link|Rotation|Hinge|Brick,False,False
24122,0,2,,,,
11458,0,6,,7 - Box Technic Brick w Pin|Plate w Hole,False,False
18677,0,5,,7 - Box Technic Brick w Pin|Plate w Hole,False,False
10247,0,10,,7 - Box Technic Brick w Pin|Plate w Hole,False,False
2444,0,1,,7 - Box Technic Brick w Pin|Plate w Hole,False,False
2817,0,30,,7 - Box Technic Brick w Pin|Plate w Hole,False,False
26599,0,1,,7 - Box Technic Brick w Pin|Plate w Hole,False,False
4697b,0,16,,7 - Jewelry Technic Ball|Gear|Pneumatics,False,False
3737,0,7,,7 - Box L Technic Axle,False,False
3708,0,5,,7 - Box L Technic Axle,False,False
6553,0,13,,7 - Jewelry Technic Axle and Pin Connector,False,False
3704,0,1,,7 - Box L Technic Axle,False,False
32062,0,24,,7 - Box L Technic Axle,False,False
4519,0,19,,7 - Box L Technic Axle,False,False
3705,0,27,,7 - Box L Technic Axle,False,False
32073,0,4,,7 - Box L Technic Axle,False,False
3706,0,27,,7 - Box L Technic Axle,False,False
3707,0,11,,7 - Box L Technic Axle,False,False
32013,0,5,,7 - Jewelry Technic Axle and Pin Connector,False,False
32034,0,1,,7 - Jewelry Technic Axle and Pin Connector,False,False
32016,0,1,,7 - Jewelry Technic Axle and Pin Connector,False,False
32192,0,2,,7 - Jewelry Technic Axle and Pin Connector,False,False
32014,0,3,,7 - Jewelry Technic Axle and Pin Connector,False,False
6536,0,7,,7 - Jewelry Technic Axle and Pin Connector,False,False
42003,0,1,,7 - Jewelry Technic Axle and Pin Connector,False,False
32184,0,1,,7 - Jewelry Technic Axle and Pin Connector,False,False
69819,0,2,,7 - Jewelry Technic Axle and Pin Connector,False,False
92907,0,1,,7 - Jewelry Technic Axle and Pin Connector,False,False
63869,0,4,,7 - Jewelry Technic Axle and Pin Connector,False,False
45590,0,4,,7 - Jewelry Technic Ball|Gear|Pneumatics,False,False
59443,0,12,,7 - Jewelry Technic Axle and Pin Connector,False,False
32039,0,5,,7 - Jewelry Technic Axle and Pin Connector,False,False
18651,0,12,,7 - Jewelry Technic Pin large,False,False
43093,0,1,,7 - Jewelry Technic Pin small|Axle Pin,False,False
32474,0,4,,7 - Jewelry Technic Ball|Gear|Pneumatics,False,False
53585,0,5,,7 - Jewelry Technic Ball|Gear|Pneumatics,False,False
32009,0,1,,7 - Box Technic Beam|Liftarm Thin|Thick,False,False
32525,0,1,,7 - Box Technic Beam|Liftarm Thin|Thick,False,False
41239,0,7,,7 - Box Technic Beam|Liftarm Thin|Thick,False,False
43857,0,5,,7 - Box Technic Beam|Liftarm Thin|Thick,False,False
60483,0,13,,7 - Box Technic Beam|Liftarm Thin|Thick,False,False
41677,0,2,,7 - Box Technic Beam|Liftarm Thin|Thick,False,False
32523,0,9,,7 - Box Technic Beam|Liftarm Thin|Thick,False,False
6632,0,13,,7 - Box Technic Beam|Liftarm Thin|Thick,False,False
32449,0,8,,7 - Box Technic Beam|Liftarm Thin|Thick,False,False
2825,0,4,,7 - Box Technic Beam|Liftarm Thin|Thick,False,False
32316,0,4,,7 - Box Technic Beam|Liftarm Thin|Thick,False,False
32017,0,1,,7 - Box Technic Beam|Liftarm Thin|Thick,False,False
11478,0,1,,7 - Box Technic Beam|Liftarm Thin|Thick,False,False
32063,0,4,,7 - Box Technic Beam|Liftarm Thin|Thick,False,False
32524,0,1,,7 - Box Technic Beam|Liftarm Thin|Thick,False,False
6629,0,2,,7 - Box Technic Beam|Liftarm Thin|Thick,False,False
32271,0,3,,7 - Box Technic Beam|Liftarm Thin|Thick,False,False
40490,0,2,,7 - Box Technic Beam|Liftarm Thin|Thick,False,False
32140,0,9,,7 - Box Technic Beam|Liftarm Thin|Thick,False,False
33299b,0,4,,7 - Jewelry Technic Axle and Pin Connector,False,False
32056,0,6,,7 - Box Technic Beam|Liftarm Thin|Thick,False,False
60484,0,2,,7 - Box Technic Beam|Liftarm Thin|Thick,False,False
32526,0,2,,7 - Box Technic Beam|Liftarm Thin|Thick,False,False
32250,0,2,,7 - Box Technic Beam|Liftarm Thin|Thick,False,False
2905,0,3,,7 - Box Technic Beam|Liftarm Thin|Thick,False,False
2730,0,3,,7 - Box Technic Brick | Round brick,False,False
3895,0,3,,7 - Box Technic Brick | Round brick,False,False
6541,0,3,,7 - Box Technic Brick | Round brick,False,False
3700,0,19,,7 - Box Technic Brick | Round brick,False,False
32000,0,3,,7 - Box Technic Brick | Round brick,False,False
32064a,0,12,,7 - Box Technic Brick | Round brick,False,False
32064c,0,2,,7 - Box Technic Brick | Round brick,False,False
3701,0,29,,7 - Box Technic Brick | Round brick,False,False
3894,0,1,,7 - Box Technic Brick | Round brick,False,False
3702,0,5,,7 - Box Technic Brick | Round brick,False,False
32531,0,2,,7 - Box Technic Brick | Round brick,False,False
32532,0,1,,7 - Box Technic Brick | Round brick,False,False
3713,0,4,,7 - Jewelry Technic Bush,False,False
6575,0,1,,7 - Jewelry Technic Ball|Gear|Pneumatics,False,False
39793,0,2,,7 - Box Technic Beam|Liftarm Thin|Thick,False,False
32175,0,1,,7 - Jewelry Technic Pin Connector,False,False
2723,0,2,,7 - Jewelry Technic Ball|Gear|Pneumatics,False,False
32187,0,2,,7 - Jewelry Technic Ball|Gear|Pneumatics,False,False
32270,0,10,,7 - Box L Technic Gears,False,False
18575,0,6,,7 - Box L Technic Gears,False,False
32072,0,11,,7 - Jewelry Technic Ball|Gear|Pneumatics,False,False
32293,0,1,,7 - Jewelry Technic Link|Rotation|Hinge|Brick,False,False
14696,0,1,,7 - Jewelry Technic Link|Rotation|Hinge|Brick,False,False
3873,0,8,,,,
15461,0,2,,7 - Jewelry Technic Pin Connector,False,False
85940,0,4,,7 - Jewelry Technic Pin Connector,False,False
15100,0,5,,7 - Jewelry Technic Pin Connector,False,False
65487,0,1,,7 - Jewelry Technic Pin Connector,False,False
87082,0,1,,7 - Jewelry Technic Pin Connector,False,False
11455,0,3,,,,
32530,0,15,,7 - Jewelry Technic Pin Connector,False,False
32529,0,2,,7 - Jewelry Technic Pin Connector,False,False
18654,0,16,,7 - Jewelry Pin Connector straight|Brick Elbow,False,False
62462,0,8,,7 - Jewelry Pin Connector straight|Brick Elbow,False,False
87408,0,1,,7 - Jewelry Technic Pin Connector,False,False
47994,0,1,,7 - Jewelry Technic Pin Connector,False,False
19159,0,1,,7 - Jewelry Technic Pin Connector,False,False
6558,0,2,,7 - Jewelry Technic Pin large,False,False
65304,0,3,,7 - Jewelry Technic Pin large,False,False
32054,0,20,,7 - Jewelry Technic Pin large,False,False
2780,0,291,,7 - Box L Technic Pin normal,False,False
6628,0,15,,7 - Jewelry Technic Ball|Gear|Pneumatics,False,False
6628b,0,4,,7 - Jewelry Technic Ball|Gear|Pneumatics,False,False
61332,0,92,,7 - Box L Technic Pin normal,False,False
4459,0,2,,7 - Box L Technic Pin normal,False,False
4263,0,2,,7 - Jewelry Technic Plate Toothed,False,False
32124,0,10,,7 - Jewelry Technic Plate Toothed,False,False
4262,0,5,,7 - Jewelry Technic Plate Toothed,False,False
3709,0,20,,7 - Box L Technic Plate,False,False
32001,0,9,,7 - Box L Technic Plate,False,False
3738,0,2,,7 - Box L Technic Plate,False,False
64566,0,1,,7 - Box L Technic Panel|Large mixed,False,False
57520,0,3,,7 - Jewelry Technic Ball|Gear|Pneumatics,False,False
2815,0,6,,7 - Jewelry Technic Wheel|Belt,False,False
32294,0,2,,7 - Jewelry Technic Link|Rotation|Hinge|Brick,False,False
4716,0,1,,7 - Box L Technic Gears,False,False
2460,0,6,,7 - Box Technic Brick w Pin|Plate w Hole,False,False
49153,0,1,,7 - Box Technic Brick w Pin|Plate w Hole,False,False
30000,1,2,,7 - Box Technic Brick w Pin|Plate w Hole,False,False
2444,1,1,,7 - Box Technic Brick w Pin|Plate w Hole,False,False
43093,1,101,,7 - Jewelry Technic Pin small|Axle Pin,False,False
32523,1,1,,7 - Box Technic Beam|Liftarm Thin|Thick,False,False
32524,1,1,,7 - Box Technic Beam|Liftarm Thin|Thick,False,False
32271,1,1,,7 - Box Technic Beam|Liftarm Thin|Thick,False,False
40490,1,1,,7 - Box Technic Beam|Liftarm Thin|Thick,False,False
32140,1,1,,7 - Box Technic Beam|Liftarm Thin|Thick,False,False
6541,1,3,,7 - Box Technic Brick | Round brick,False,False
3700,1,6,,7 - Box Technic Brick | Round brick,False,False
32064a,1,1,,7 - Box Technic Brick | Round brick,False,False
3701,1,3,,7 - Box Technic Brick | Round brick,False,False
6247,1,1,,7 - Jewelry Technic Link|Rotation|Hinge|Brick,False,False
4274,1,87,,7 - Jewelry Technic Pin small|Axle Pin,False,False
42924,1,26,,7 - Jewelry Technic Pin large,False,False
6558,1,61,,7 - Jewelry Technic Pin large,False,False
32124,1,2,,7 - Jewelry Technic Plate Toothed,False,False
3709,1,1,,7 - Box L Technic Plate,False,False
32474,191,3,,7 - Jewelry Technic Ball|Gear|Pneumatics,False,False
3700,6,1,,7 - Box Technic Brick | Round brick,False,False
30361c,72,1,,7 - Box Technic Brick | Round brick,False,False
30526,72,3,,7 - Box Technic Brick w Pin|Plate w Hole,False,False
2458,72,7,,7 - Box Technic Brick w Pin|Plate w Hole,False,False
30000,72,3,,7 - Box Technic Brick w Pin|Plate w Hole,False,False
6232,72,3,,7 - Box Technic Brick w Pin|Plate w Hole,False,False
30592,72,2,,7 - Box Technic Brick w Pin|Plate w Hole,False,False
6249,72,1,,7 - Box Technic Brick w Pin|Plate w Hole,False,False
67446,72,3,,7 - Jewelry Technic Link|Rotation|Hinge|Brick,False,False
18975,72,1,,7 - Jewelry Technic Link|Rotation|Hinge|Brick,False,False
15092,72,2,,7 - Box Technic Brick w Pin|Plate w Hole,False,False
11458,72,26,,7 - Box Technic Brick w Pin|Plate w Hole,False,False
10247,72,2,,7 - Box Technic Brick w Pin|Plate w Hole,False,False
2444,72,6,,7 - Box Technic Brick w Pin|Plate w Hole,False,False
99021,72,7,,7 - Jewelry Technic Ball|Gear|Pneumatics,False,False
6553,72,7,,7 - Jewelry Technic Axle and Pin Connector,False,False
6587,72,9,,7 - Box L Technic Axle,False,False
87083,72,17,,7 - Box L Technic Axle,False,False
59426,72,5,,7 - Box L Technic Axle,False,False
55013,72,5,,7 - Box L Technic Axle,False,False
32013,72,13,,7 - Jewelry Technic Axle and Pin Connector,False,False
32192,72,4,,7 - Jewelry Technic Axle and Pin Connector,False,False
6536,72,3,,7 - Jewelry Technic Axle and Pin Connector,False,False
41678,72,1,,7 - Jewelry Technic Axle and Pin Connector,False,False
6538b,72,1,,7 - Jewelry Technic Axle and Pin Connector,False,False
59443,72,4,,7 - Jewelry Technic Axle and Pin Connector,False,False
11214,72,8,,7 - Jewelry Technic Pin large,False,False
32009,72,3,,7 - Box Technic Beam|Liftarm Thin|Thick,False,False
32525,72,2,,7 - Box Technic Beam|Liftarm Thin|Thick,False,False
32278,72,1,,7 - Box Technic Beam|Liftarm Thin|Thick,False,False
60483,72,2,,7 - Box Technic Beam|Liftarm Thin|Thick,False,False
41677,72,11,,7 - Box Technic Beam|Liftarm Thin|Thick,False,False
32523,72,5,,7 - Box Technic Beam|Liftarm Thin|Thick,False,False
6632,72,2,,7 - Box Technic Beam|Liftarm Thin|Thick,False,False
32449,72,1,,7 - Box Technic Beam|Liftarm Thin|Thick,False,False
32316,72,6,,7 - Box Technic Beam|Liftarm Thin|Thick,False,False
32524,72,6,,7 - Box Technic Beam|Liftarm Thin|Thick,False,False
32271,72,3,,7 - Box Technic Beam|Liftarm Thin|Thick,False,False
32140,72,1,,7 - Box Technic Beam|Liftarm Thin|Thick,False,False
32056,72,2,,7 - Box Technic Beam|Liftarm Thin|Thick,False,False
32526,72,2,,7 - Box Technic Beam|Liftarm Thin|Thick,False,False
3895,72,5,,7 - Box Technic Brick | Round brick,False,False
32018,72,1,,7 - Box Technic Brick | Round brick,False,False
6541,72,6,,7 - Box Technic Brick | Round brick,False,False
3700,72,31,,7 - Box Technic Brick | Round brick,False,False
32000,72,17,,7 - Box Technic Brick | Round brick,False,False
32064a,72,8,,7 - Box Technic Brick | Round brick,False,False
32064c,72,5,,7 - Box Technic Brick | Round brick,False,False
32064b,72,13,,7 - Box Technic Brick | Round brick,False,False
85943,72,2,,7 - Jewelry Technic Link|Rotation|Hinge|Brick,False,False
3701,72,7,,7 - Box Technic Brick | Round brick,False,False
3894,72,7,,7 - Box Technic Brick | Round brick,False,False
6575,72,2,,7 - Jewelry Technic Ball|Gear|Pneumatics,False,False
3648b,72,5,,7 - Box L Technic Gears,False,False
3647,72,2,,7 - Box L Technic Gears,False,False
10928,72,4,,7 - Box L Technic Gears,False,False
64451,72,2,,7 - Jewelry Technic Link|Rotation|Hinge|Brick,False,False
15458,72,1,,7 - Box L Technic Panel|Large mixed,False,False
89678,72,4,,7 - Jewelry Technic Pin small|Axle Pin,False,False
32002,72,7,,7 - Jewelry Technic Pin small|Axle Pin,False,False
22961,72,2,,7 - Jewelry Technic Axle and Pin Connector,False,False
10197,72,7,,7 - Jewelry Technic Axle and Pin Connector,False,False
32530,72,12,,7 - Jewelry Technic Pin Connector,False,False
18654,72,16,,7 - Jewelry Pin Connector straight|Brick Elbow,False,False
32124,72,2,,7 - Jewelry Technic Plate Toothed,False,False
3709,72,6,,7 - Box L Technic Plate,False,False
3738,72,4,,7 - Box L Technic Plate,False,False
44224,72,3,,7 - Jewelry Technic Link|Rotation|Hinge|Brick,False,False
32294,72,4,,7 - Jewelry Technic Link|Rotation|Hinge|Brick,False,False
2460,72,4,,7 - Box Technic Brick w Pin|Plate w Hole,False,False
10288,308,1,,7 - Jewelry Technic Axle and Pin Connector,False,False
6587,8,1,,7 - Box L Technic Axle,False,False
6541,8,4,,7 - Box Technic Brick | Round brick,False,False
3700,8,7,,7 - Box Technic Brick | Round brick,False,False
32064c,8,3,,7 - Box Technic Brick | Round brick,False,False
32064b,8,1,,7 - Box Technic Brick | Round brick,False,False
32474,85,1,,7 - Jewelry Technic Ball|Gear|Pneumatics,False,False
32013,320,4,,7 - Jewelry Technic Axle and Pin Connector,False,False
32064a,320,2,,7 - Box Technic Brick | Round brick,False,False
62462,320,1,,7 - Jewelry Pin Connector straight|Brick Elbow,False,False
2476a,28,4,,7 - Box Technic Brick w Pin|Plate w Hole,False,False
6587,28,17,,7 - Box L Technic Axle,False,False
15462,28,8,,7 - Box L Technic Axle,False,False
60483,28,2,,7 - Box Technic Beam|Liftarm Thin|Thick,False,False
53586,179,4,,,,
61403,179,1,,7 - Box L Technic Panel|Large mixed,False,False
32187,179,5,,7 - Jewelry Technic Ball|Gear|Pneumatics,False,False
18654,179,3,,7 - Jewelry Pin Connector straight|Brick Elbow,False,False
62462,179,4,,7 - Jewelry Pin Connector straight|Brick Elbow,False,False
32013,2,3,,7 - Jewelry Technic Axle and Pin Connector,False,False
32192,2,2,,7 - Jewelry Technic Axle and Pin Connector,False,False
32278,2,2,,7 - Box Technic Beam|Liftarm Thin|Thick,False,False
2391,2,4,,7 - Box Technic Beam|Liftarm Thin|Thick,False,False
6629,2,2,,7 - Box Technic Beam|Liftarm Thin|Thick,False,False
40490,2,1,,7 - Box Technic Beam|Liftarm Thin|Thick,False,False
32526,2,2,,7 - Box Technic Beam|Liftarm Thin|Thick,False,False
3700,2,1,,7 - Box Technic Brick | Round brick,False,False
32064a,2,8,,7 - Box Technic Brick | Round brick,False,False
2403,2,1,,7 - Box L Technic Panel|Large mixed,False,False
64683,2,2,,7 - Box L Technic Panel|Large mixed,False,False
64391,2,2,,7 - Box L Technic Panel|Large mixed,False,False
2387,2,2,,7 - Box L Technic Panel|Large mixed,False,False
2389,2,2,,7 - Box L Technic Panel|Large mixed,False,False
2395,2,1,,7 - Box L Technic Panel|Large mixed,False,False
25214,71,2,,7 - Jewelry Pin Connector straight|Brick Elbow,False,False
17485,71,4,,7 - Box Technic Brick | Round brick,False,False
30526,71,1,,7 - Box Technic Brick w Pin|Plate w Hole,False,False
2458,71,1,,7 - Box Technic Brick w Pin|Plate w Hole,False,False
6232,71,2,,7 - Box Technic Brick w Pin|Plate w Hole,False,False
30592,71,4,,7 - Box Technic Brick w Pin|Plate w Hole,False,False
57359,71,1,,7 - Jewelry Technic Pin Connector,False,False
18677,71,11,,7 - Box Technic Brick w Pin|Plate w Hole,False,False
10247,71,15,,7 - Box Technic Brick w Pin|Plate w Hole,False,False
2817,71,7,,7 - Box Technic Brick w Pin|Plate w Hole,False,False
2476a,71,7,,7 - Box Technic Brick w Pin|Plate w Hole,False,False
4697b,71,14,,7 - Jewelry Technic Ball|Gear|Pneumatics,False,False
6553,71,1,,7 - Jewelry Technic Axle and Pin Connector,False,False
4519,71,59,,7 - Box L Technic Axle,False,False
32073,71,14,,7 - Box L Technic Axle,False,False
44294,71,13,,7 - Box L Technic Axle,False,False
60485,71,4,,7 - Box L Technic Axle,False,False
32013,71,6,,7 - Jewelry Technic Axle and Pin Connector,False,False
32034,71,1,,7 - Jewelry Technic Axle and Pin Connector,False,False
32016,71,5,,7 - Jewelry Technic Axle and Pin Connector,False,False
32015,71,1,,7 - Jewelry Technic Axle and Pin Connector,False,False
32014,71,2,,7 - Jewelry Technic Axle and Pin Connector,False,False
6536,71,9,,7 - Jewelry Technic Axle and Pin Connector,False,False
32184,71,7,,7 - Jewelry Technic Axle and Pin Connector,False,False
32291,71,2,,7 - Jewelry Technic Axle and Pin Connector,False,False
98989,71,1,,7 - Jewelry Technic Axle and Pin Connector,False,False
41678,71,1,,7 - Jewelry Technic Axle and Pin Connector,False,False
63869,71,1,,7 - Jewelry Technic Axle and Pin Connector,False,False
59443,71,12,,7 - Jewelry Technic Axle and Pin Connector,False,False
32039,71,1,,7 - Jewelry Technic Axle and Pin Connector,False,False
2736,71,18,,7 - Jewelry Technic Ball|Gear|Pneumatics,False,False
32474,71,1,,7 - Jewelry Technic Ball|Gear|Pneumatics,False,False
32009,71,2,,7 - Box Technic Beam|Liftarm Thin|Thick,False,False
41239,71,1,,7 - Box Technic Beam|Liftarm Thin|Thick,False,False
43857,71,1,,7 - Box Technic Beam|Liftarm Thin|Thick,False,False
60483,71,6,,7 - Box Technic Beam|Liftarm Thin|Thick,False,False
41677,71,4,,7 - Box Technic Beam|Liftarm Thin|Thick,False,False
32523,71,3,,7 - Box Technic Beam|Liftarm Thin|Thick,False,False
6632,71,6,,7 - Box Technic Beam|Liftarm Thin|Thick,False,False
32316,71,4,,7 - Box Technic Beam|Liftarm Thin|Thick,False,False
11478,71,2,,7 - Box Technic Beam|Liftarm Thin|Thick,False,False
32063,71,3,,7 - Box Technic Beam|Liftarm Thin|Thick,False,False
32348,71,1,,7 - Box Technic Beam|Liftarm Thin|Thick,False,False
32524,71,2,,7 - Box Technic Beam|Liftarm Thin|Thick,False,False
6629,71,2,,7 - Box Technic Beam|Liftarm Thin|Thick,False,False
32271,71,1,,7 - Box Technic Beam|Liftarm Thin|Thick,False,False
32140,71,2,,7 - Box Technic Beam|Liftarm Thin|Thick,False,False
33299b,71,8,,7 - Jewelry Technic Axle and Pin Connector,False,False
32056,71,2,,7 - Box Technic Beam|Liftarm Thin|Thick,False,False
32526,71,2,,7 - Box Technic Beam|Liftarm Thin|Thick,False,False
14720,71,3,,7 - Box Technic Beam|Liftarm Thin|Thick,False,False
2905,71,2,,7 - Box Technic Beam|Liftarm Thin|Thick,False,False
32018,71,1,,7 - Box Technic Brick | Round brick,False,False
3703,71,1,,7 - Box Technic Brick | Round brick,False,False
6541,71,15,,7 - Box Technic Brick | Round brick,False,False
3700,71,24,,7 - Box Technic Brick | Round brick,False,False
32000,71,20,,7 - Box Technic Brick | Round brick,False,False
32064a,71,11,,7 - Box Technic Brick | Round brick,False,False
32064b,71,1,,7 - Box Technic Brick | Round brick,False,False
3701,71,14,,7 - Box Technic Brick | Round brick,False,False
3894,71,3,,7 - Box Technic Brick | Round brick,False,False
3702,71,3,,7 - Box Technic Brick | Round brick,False,False
32324,71,2,,7 - Box Technic Brick | Round brick,False,False
32531,71,4,,7 - Box Technic Brick | Round brick,False,False
73109,71,4,,7 - Box Technic Brick | Round brick,False,False
3713,71,46,,7 - Jewelry Technic Bush,False,False
32123a,71,3,,7 - Jewelry Technic Bush,False,False
32123b,71,47,,7 - Jewelry Technic Bush,False,False
32187,71,2,,7 - Jewelry Technic Ball|Gear|Pneumatics,False,False
2853,71,3,,7 - Jewelry Technic Axle and Pin Connector,False,False
2850b,71,4,,7 - Box L Technic Panel|Large mixed,False,False
32270,71,4,,7 - Box L Technic Gears,False,False
4019,71,1,,7 - Box L Technic Gears,False,False
3648b,71,2,,7 - Box L Technic Gears,False,False
4274,71,85,,7 - Jewelry Technic Pin small|Axle Pin,False,False
61184,71,28,,7 - Jewelry Technic Pin large,False,False
48989,71,3,,7 - Jewelry Technic Pin Connector,False,False
65489,71,2,,7 - Jewelry Technic Pin Connector,False,False
22961,71,1,,7 - Jewelry Technic Axle and Pin Connector,False,False
15100,71,2,,7 - Jewelry Technic Pin Connector,False,False
65487,71,1,,7 - Jewelry Technic Pin Connector,False,False
44809,71,2,,,,
32529,71,4,,7 - Jewelry Technic Pin Connector,False,False
18654,71,2,,7 - Jewelry Pin Connector straight|Brick Elbow,False,False
62462,71,22,,7 - Jewelry Pin Connector straight|Brick Elbow,False,False
65098,71,2,,7 - Jewelry Technic Pin Connector,False,False
32054,71,10,,7 - Jewelry Technic Pin large,False,False
32556a,71,2,,7 - Jewelry Technic Pin large,False,False
3673,71,73,,7 - Box L Technic Pin normal,False,False
3709,71,8,,7 - Box L Technic Plate,False,False
32001,71,3,,7 - Box L Technic Plate,False,False
51138,71,2,,7 - Jewelry Technic Plate Toothed,False,False
32125,71,3,,7 - Jewelry Technic Plate Toothed,False,False
44225,71,3,,7 - Jewelry Technic Link|Rotation|Hinge|Brick,False,False
61903,71,2,,7 - Jewelry Technic Axle and Pin Connector,False,False
4185,71,4,,7 - Jewelry Technic Wheel|Belt,False,False
32905,71,1,,7 - Box L Technic Gears,False,False
2460,71,1,,7 - Box Technic Brick w Pin|Plate w Hole,False,False
41666,7,4,,7 - Box L Technic Gears,False,False
41667,7,2,,7 - Box L Technic Gears,False,False
3651,7,2,,7 - Jewelry Technic Axle and Pin Connector,False,False
32034,7,1,,7 - Jewelry Technic Axle and Pin Connector,False,False
4273a,7,1,,,,
4273b,7,1,,,,
32039,7,1,,7 - Jewelry Technic Axle and Pin Connector,False,False
3749,7,3,,7 - Jewelry Technic Pin small|Axle Pin,False,False
3700,7,5,,7 - Box Technic Brick | Round brick,False,False
32064c,7,3,,7 - Box Technic Brick | Round brick,False,False
3701,7,3,,7 - Box Technic Brick | Round brick,False,False
3894,7,2,,7 - Box Technic Brick | Round brick,False,False
3713,7,13,,7 - Jewelry Technic Bush,False,False
4265a,7,16,,7 - Jewelry Technic Bush,False,False
32270,7,4,,7 - Box L Technic Gears,False,False
4143,7,3,,7 - Box L Technic Gears,False,False
4019,7,1,,7 - Box L Technic Gears,False,False
32269,7,2,,7 - Box L Technic Gears,False,False
3650a,7,2,,7 - Box L Technic Gears,False,False
3648a,7,1,,7 - Box L Technic Gears,False,False
3647,7,4,,7 - Box L Technic Gears,False,False
3743,7,1,,7 - Box L Technic Gears,False,False
4274,7,11,,7 - Jewelry Technic Pin small|Axle Pin,False,False
32556a,7,4,,7 - Jewelry Technic Pin large,False,False
3673,7,15,,7 - Box L Technic Pin normal,False,False
4442,7,1,,7 - Jewelry Technic Plate Toothed,False,False
3709,7,2,,7 - Box L Technic Plate,False,False
3738,7,1,,7 - Box L Technic Plate,False,False
4261,7,2,,7 - Jewelry Technic Axle and Pin Connector,False,False
4185,7,4,,7 - Jewelry Technic Wheel|Belt,False,False
32474,27,5,,7 - Jewelry Technic Ball|Gear|Pneumatics,False,False
32523,27,4,,7 - Box Technic Beam|Liftarm Thin|Thick,False,False
32316,27,8,,7 - Box Technic Beam|Liftarm Thin|Thick,False,False
42195,27,1,,7 - Jewelry Technic Axle and Pin Connector,False,False
32449,322,4,,7 - Box Technic Beam|Liftarm Thin|Thick,False,False
32526,322,2,,7 - Box Technic Beam|Liftarm Thin|Thick,False,False
3700,84,3,,7 - Box Technic Brick | Round brick,False,False
25214,25,4,,7 - Jewelry Pin Connector straight|Brick Elbow,False,False
59443,25,1,,7 - Jewelry Technic Axle and Pin Connector,False,False
60483,25,2,,7 - Box Technic Beam|Liftarm Thin|Thick,False,False
3700,25,1,,7 - Box Technic Brick | Round brick,False,False
4185,25,2,,7 - Jewelry Technic Wheel|Belt,False,False
18654,297,1,,7 - Jewelry Pin Connector straight|Brick Elbow,False,False
53586,135,2,,,,
41677,135,1,,7 - Box Technic Beam|Liftarm Thin|Thick,False,False
32523,135,1,,7 - Box Technic Beam|Liftarm Thin|Thick,False,False
25214,1103,1,,7 - Jewelry Pin Connector straight|Brick Elbow,False,False
11272,1103,1,,7 - Jewelry Technic Axle and Pin Connector,False,False
25214,4,1,,7 - Jewelry Pin Connector straight|Brick Elbow,False,False
17485,4,1,,7 - Box Technic Brick | Round brick,False,False
30361c,4,3,,7 - Box Technic Brick | Round brick,False,False
2458,4,3,,7 - Box Technic Brick w Pin|Plate w Hole,False,False
6232,4,4,,7 - Box Technic Brick w Pin|Plate w Hole,False,False
6249,4,1,,7 - Box Technic Brick w Pin|Plate w Hole,False,False
10247,4,3,,7 - Box Technic Brick w Pin|Plate w Hole,False,False
2444,4,1,,7 - Box Technic Brick w Pin|Plate w Hole,False,False
2817,4,6,,7 - Box Technic Brick w Pin|Plate w Hole,False,False
32062,4,68,,7 - Box L Technic Axle,False,False
3705,4,2,,7 - Box L Technic Axle,False,False
3706,4,5,,7 - Box L Technic Axle,False,False
3707,4,1,,7 - Box L Technic Axle,False,False
32034,4,2,,7 - Jewelry Technic Axle and Pin Connector,False,False
32014,4,1,,7 - Jewelry Technic Axle and Pin Connector,False,False
6536,4,4,,7 - Jewelry Technic Axle and Pin Connector,False,False
42003,4,2,,7 - Jewelry Technic Axle and Pin Connector,False,False
32184,4,1,,7 - Jewelry Technic Axle and Pin Connector,False,False
59443,4,5,,7 - Jewelry Technic Axle and Pin Connector,False,False
32039,4,2,,7 - Jewelry Technic Axle and Pin Connector,False,False
11214,4,3,,7 - Jewelry Technic Pin large,False,False
32474,4,5,,7 - Jewelry Technic Ball|Gear|Pneumatics,False,False
32474pr1004,4,1,,7 - Jewelry Technic Ball|Gear|Pneumatics,False,False
43857,4,1,,7 - Box Technic Beam|Liftarm Thin|Thick,False,False
41677,4,8,,7 - Box Technic Beam|Liftarm Thin|Thick,False,False
32523,4,1,,7 - Box Technic Beam|Liftarm Thin|Thick,False,False
32449,4,1,,7 - Box Technic Beam|Liftarm Thin|Thick,False,False
32316,4,1,,7 - Box Technic Beam|Liftarm Thin|Thick,False,False
32140,4,1,,7 - Box Technic Beam|Liftarm Thin|Thick,False,False
32526,4,1,,7 - Box Technic Beam|Liftarm Thin|Thick,False,False
6541,4,8,,7 - Box Technic Brick | Round brick,False,False
3700,4,21,,7 - Box Technic Brick | Round brick,False,False
32000,4,6,,7 - Box Technic Brick | Round brick,False,False
32064a,4,1,,7 - Box Technic Brick | Round brick,False,False
85943,4,1,,7 - Jewelry Technic Link|Rotation|Hinge|Brick,False,False
3894,4,1,,7 - Box Technic Brick | Round brick,False,False
3713,4,27,,7 - Jewelry Technic Bush,False,False
89678,4,14,,7 - Jewelry Technic Pin small|Axle Pin,False,False
22961,4,2,,7 - Jewelry Technic Axle and Pin Connector,False,False
65487,4,2,,7 - Jewelry Technic Pin Connector,False,False
18654,4,3,,7 - Jewelry Pin Connector straight|Brick Elbow,False,False
62462,4,1,,7 - Jewelry Pin Connector straight|Brick Elbow,False,False
41732,4,1,,7 - Jewelry Pin Connector straight|Brick Elbow,False,False
32054,4,5,,7 - Jewelry Technic Pin large,False,False
49153,4,2,,7 - Box Technic Brick w Pin|Plate w Hole,False,False
11458,70,2,,7 - Box Technic Brick w Pin|Plate w Hole,False,False
18677,70,1,,7 - Box Technic Brick w Pin|Plate w Hole,False,False
24316,70,8,,7 - Box L Technic Axle,False,False
15462,70,3,,7 - Box L Technic Axle,False,False
32034,70,1,,7 - Jewelry Technic Axle and Pin Connector,False,False
32015,70,1,,7 - Jewelry Technic Axle and Pin Connector,False,False
48723,70,3,,7 - Jewelry Technic Ball|Gear|Pneumatics,False,False
59443,70,3,,7 - Jewelry Technic Axle and Pin Connector,False,False
6541,70,1,,7 - Box Technic Brick | Round brick,False,False
3700,70,11,,7 - Box Technic Brick | Round brick,False,False
3701,70,1,,7 - Box Technic Brick | Round brick,False,False
18654,70,1,,7 - Jewelry Pin Connector straight|Brick Elbow,False,False
62462,70,2,,7 - Jewelry Pin Connector straight|Brick Elbow,False,False
32124,70,1,,7 - Jewelry Technic Plate Toothed,False,False
3700,379,1,,7 - Box Technic Brick | Round brick,False,False
2458,19,2,,7 - Box Technic Brick w Pin|Plate w Hole,False,False
6232,19,3,,7 - Box Technic Brick w Pin|Plate w Hole,False,False
99008,19,2,,7 - Box L Technic Axle,False,False
3749,19,54,,7 - Jewelry Technic Pin small|Axle Pin,False,False
32474,19,1,,7 - Jewelry Technic Ball|Gear|Pneumatics,False,False
41677,19,2,,7 - Box Technic Beam|Liftarm Thin|Thick,False,False
3700,19,2,,7 - Box Technic Brick | Round brick,False,False
32000,19,1,,7 - Box Technic Brick | Round brick,False,False
6589,19,5,,7 - Box L Technic Gears,False,False
32198,19,3,,7 - Box L Technic Gears,False,False
32002,19,25,,7 - Jewelry Technic Pin small|Axle Pin,False,False
32556,19,11,,7 - Jewelry Technic Pin large,False,False
39888,19,3,,7 - Jewelry Technic Pin large,False,False
88517,47,1,,7 - Box L Technic Panel|Large mixed,False,False
4185,57,2,,7 - Jewelry Technic Wheel|Belt,False,False
25214,15,1,,7 - Jewelry Pin Connector straight|Brick Elbow,False,False
2458,15,5,,7 - Box Technic Brick w Pin|Plate w Hole,False,False
6232,15,9,,7 - Box Technic Brick w Pin|Plate w Hole,False,False
43045,15,1,,7 - Jewelry Technic Link|Rotation|Hinge|Brick,False,False
11458,15,7,,7 - Box Technic Brick w Pin|Plate w Hole,False,False
10247,15,1,,7 - Box Technic Brick w Pin|Plate w Hole,False,False
4697b,15,2,,7 - Jewelry Technic Ball|Gear|Pneumatics,False,False
32209,15,1,,7 - Box L Technic Axle,False,False
32013,15,3,,7 - Jewelry Technic Axle and Pin Connector,False,False
6536,15,5,,7 - Jewelry Technic Axle and Pin Connector,False,False
32474,15,1,,7 - Jewelry Technic Ball|Gear|Pneumatics,False,False
32525,15,1,,7 - Box Technic Beam|Liftarm Thin|Thick,False,False
60483,15,2,,7 - Box Technic Beam|Liftarm Thin|Thick,False,False
41677,15,1,,7 - Box Technic Beam|Liftarm Thin|Thick,False,False
32523,15,1,,7 - Box Technic Beam|Liftarm Thin|Thick,False,False
6632,15,1,,7 - Box Technic Beam|Liftarm Thin|Thick,False,False
32449,15,2,,7 - Box Technic Beam|Liftarm Thin|Thick,False,False
32316,15,1,,7 - Box Technic Beam|Liftarm Thin|Thick,False,False
32063,15,4,,7 - Box Technic Beam|Liftarm Thin|Thick,False,False
32065,15,2,,7 - Box Technic Beam|Liftarm Thin|Thick,False,False
6541,15,8,,7 - Box Technic Brick | Round brick,False,False
3700,15,13,,7 - Box Technic Brick | Round brick,False,False
32000,15,3,,7 - Box Technic Brick | Round brick,False,False
32064a,15,6,,7 - Box Technic Brick | Round brick,False,False
3701,15,3,,7 - Box Technic Brick | Round brick,False,False
32123b,15,1,,7 - Jewelry Technic Bush,False,False
18948,15,1,,7 - Jewelry Technic Axle and Pin Connector,False,False
64682,15,1,,7 - Box L Technic Panel|Large mixed,False,False
11947,15,1,,7 - Box L Technic Panel|Large mixed,False,False
64681,15,1,,7 - Box L Technic Panel|Large mixed,False,False
4274,15,1,,7 - Jewelry Technic Pin small|Axle Pin,False,False
18654,15,9,,7 - Jewelry Pin Connector straight|Brick Elbow,False,False
62462,15,4,,7 - Jewelry Pin Connector straight|Brick Elbow,False,False
3709,15,1,,7 - Box L Technic Plate,False,False
2460,15,1,,7 - Box Technic Brick w Pin|Plate w Hole,False,False
25214,14,1,,7 - Jewelry Pin Connector straight|Brick Elbow,False,False
30361c,14,2,,7 - Box Technic Brick | Round brick,False,False
6232,14,4,,7 - Box Technic Brick w Pin|Plate w Hole,False,False
10247,14,2,,7 - Box Technic Brick w Pin|Plate w Hole,False,False
32073,14,8,,7 - Box L Technic Axle,False,False
32013,14,2,,7 - Jewelry Technic Axle and Pin Connector,False,False
6536,14,1,,7 - Jewelry Technic Axle and Pin Connector,False,False
42003,14,1,,7 - Jewelry Technic Axle and Pin Connector,False,False
32184,14,1,,7 - Jewelry Technic Axle and Pin Connector,False,False
6538b,14,1,,7 - Jewelry Technic Axle and Pin Connector,False,False
59443,14,7,,7 - Jewelry Technic Axle and Pin Connector,False,False
32039,14,1,,7 - Jewelry Technic Axle and Pin Connector,False,False
32278,14,1,,7 - Box Technic Beam|Liftarm Thin|Thick,False,False
6632,14,2,,7 - Box Technic Beam|Liftarm Thin|Thick,False,False
32316,14,4,,7 - Box Technic Beam|Liftarm Thin|Thick,False,False
32348,14,1,,7 - Box Technic Beam|Liftarm Thin|Thick,False,False
32526,14,1,,7 - Box Technic Beam|Liftarm Thin|Thick,False,False
99773,14,2,,7 - Box Technic Beam|Liftarm Thin|Thick,False,False
3703,14,1,,7 - Box Technic Brick | Round brick,False,False
6541,14,13,,7 - Box Technic Brick | Round brick,False,False
3700,14,21,,7 - Box Technic Brick | Round brick,False,False
32000,14,5,,7 - Box Technic Brick | Round brick,False,False
32064a,14,2,,7 - Box Technic Brick | Round brick,False,False
3701,14,7,,7 - Box Technic Brick | Round brick,False,False
3894,14,2,,7 - Box Technic Brick | Round brick,False,False
32123b,14,50,,7 - Jewelry Technic Bush,False,False
32072,14,1,,7 - Jewelry Technic Ball|Gear|Pneumatics,False,False
62462,14,3,,7 - Jewelry Pin Connector straight|Brick Elbow,False,False
3673,14,4,,7 - Box L Technic Pin normal,False,False
3709,14,2,,7 - Box L Technic Plate,False,False
3738,14,3,,7 - Box L Technic Plate,False,False
