Part,Color,Quantity,Notes,Location,IsUsed,IsStickered
30103,0,4,,6-A - Box Animal|Animal parts|Accessories,False,False
11089,0,1,,6-A - Jewelry Tooth|Horn|Member|Fin,False,False
87747,0,17,,6-A - Jewelry Tooth|Horn|Member|Fin,False,False
53451,0,13,,6-A - Jewelry Tooth|Horn|Member|Fin,False,False
15082,0,1,,6-A - Box Animal|Animal parts|Accessories,False,False
40384,0,2,,6-A - Box Animal|Animal parts|Accessories,False,False
13564,0,1,,6-A - Jewelry Tooth|Horn|Member|Fin,False,False
40378,0,2,,6-A - Jewelry Tooth|Horn|Member|Fin,False,False
2397,0,3,,6-A - Box Animal|Animal parts|Accessories,False,False
6128,0,2,,6-A - Box Animal|Animal parts|Accessories,False,False
6127,0,2,,6-A - Box Animal|Animal parts|Accessories,False,False
11100,0,1,,6-A - Box Animal|Animal parts|Accessories,False,False
30169,0,3,,6-A - Box Animal|Animal parts|Accessories,False,False
59230,0,8,,6-A - Jewelry Robot|Skeleton,False,False
30377,0,20,,6-A - Jewelry Robot|Skeleton,False,False
98313,0,6,,6-A - Jewelry Robot|Skeleton,False,False
93609,0,7,,6-A - Jewelry Robot|Skeleton,False,False
4449,0,2,,6-A - Jewelry Trophy|Book|Laptop|Lantern|Umbrella|Scisors,False,False
4735,0,8,,6-A - Jewelry Robot|Skeleton,False,False
2566,0,8,,6-A - Box Plant|Tree,False,False
95344,0,1,,6-A - Jewelry Kitchen Utensils|Medical equipment,False,False
3624,0,2,,6 - Box Minifig parts|Headwear|Minidoll parts|Textile,False,False
11610,0,2,,6-A - Jewelry Bag Food|Produce,False,False
16770,0,8,,6-A - Box Animal|Animal parts|Accessories,False,False
55706,0,1,,6-A - Box Animal|Animal parts|Accessories,False,False
35366,0,1,,6-A - Jewelry Binocular|Camera|Wand|Brush|Ring|Phone,False,False
15532,0,1,,6-A - Jewelry Construction tools|Repair|Handcuffs,False,False
30148,0,1,,6-A - Jewelry Binocular|Camera|Wand|Brush|Ring|Phone,False,False
30089b,0,5,,6-A - Jewelry Binocular|Camera|Wand|Brush|Ring|Phone,False,False
4360,0,2,,6-A - Jewelry Binocular|Camera|Wand|Brush|Ring|Phone,False,False
37762,0,5,,6-A - Jewelry Flame|Wave|Candle,False,False
2342,0,1,,,,
4528,0,2,,6-A - Jewelry Kitchen Utensils|Medical equipment,False,False
61482,0,1,,6-A - Jewelry Construction tools|Repair|Handcuffs,False,False
60849,0,11,,6-A - Jewelry Weapon|Firearm,False,False
62698,0,1,,6-A - Jewelry Trophy|Book|Laptop|Lantern|Umbrella|Scisors,False,False
10830pat0001,0,1,,6-A - Jewelry Binocular|Camera|Wand|Brush|Ring|Phone,False,False
93106,0,2,,6-A - Jewelry Construction tools|Repair|Handcuffs,False,False
12885,0,1,,6-A - Jewelry Construction tools|Repair|Handcuffs,False,False
34076,0,2,,6-A - Jewelry Construction tools|Repair|Handcuffs,False,False
3962a,0,4,,6-A - Jewelry Tap|Loudspeaker|Radio|Signal,False,False
3962b,0,9,,6-A - Jewelry Tap|Loudspeaker|Radio|Signal,False,False
19220,0,6,,6-A - Jewelry Tap|Loudspeaker|Radio|Signal,False,False
4529,0,1,,6-A - Jewelry Kitchen Utensils|Medical equipment,False,False
3837,0,1,,6-A - Jewelry Construction tools|Repair|Handcuffs,False,False
30035,0,1,,6-A - Jewelry Construction tools|Repair|Handcuffs,False,False
64644,0,13,,6-A - Jewelry Binocular|Camera|Wand|Brush|Ring|Phone,False,False
27150,0,2,,6-A - Jewelry Trophy|Book|Laptop|Lantern|Umbrella|Scisors,False,False
36752a,0,2,,6-A - Jewelry Binocular|Camera|Wand|Brush|Ring|Phone,False,False
4349,0,11,,6-A - Jewelry Tap|Loudspeaker|Radio|Signal,False,False
2488,0,1,,6-A - Box Plant|Tree,False,False
24724,0,1,,6-A - Bin drawer Projectile|Launcher|Catapult|Canyon|Large sword|Pirate flag,False,False
33078,0,5,,6-A - Jewelry Bag Food|Produce,False,False
86035,0,1,,6 - Box Minifig parts|Headwear|Minidoll parts|Textile,False,False
26007,0,1,,6 - Box Minifig parts|Headwear|Minidoll parts|Textile,False,False
30171,0,2,,6 - Box Minifig parts|Headwear|Minidoll parts|Textile,False,False
2528pr0012,0,2,,6 - Box Minifig parts|Headwear|Minidoll parts|Textile,False,False
2528pr0008,0,1,,6 - Box Minifig parts|Headwear|Minidoll parts|Textile,False,False
11259pr0001,0,1,,6 - Box Minifig parts|Headwear|Minidoll parts|Textile,False,False
14045,0,1,,6-A - Jewelry Headwear functional,False,False
15446,0,3,,6-A - Jewelry Headwear functional,False,False
11437,0,1,,6 - Box Minifig partly completed,False,False
11691,0,1,,6 - Box Minifig partly completed,False,False
11691pr0002,0,1,,6-A - Jewelry Headwear functional,False,False
2447,0,4,,6-A - Jewelry Headwear functional,False,False
48493,0,1,,6 - Box Minifig parts|Headwear|Minidoll parts|Textile,False,False
3833,0,1,,6 - Box Minifig parts|Headwear|Minidoll parts|Textile,False,False
30368,0,1,,6 - Box Minifig parts|Headwear|Minidoll parts|Textile,False,False
30561,0,1,,6 - Box Minifig parts|Headwear|Minidoll parts|Textile,False,False
98128,0,3,6 - Box Minifig partly completed,6 - Box Minifig parts|Headwear|Minidoll parts|Textile,False,False
98177pr0002,0,1,,6 - Box Minifig parts|Headwear|Minidoll parts|Textile,False,False
2446,0,1,,6 - Box Minifig parts|Headwear|Minidoll parts|Textile,False,False
4505,0,1,,6 - Box Minifig parts|Headwear|Minidoll parts|Textile,False,False
88289,0,1,,6-A - Bin drawer Projectile|Launcher|Catapult|Canyon|Large sword|Pirate flag,False,False
15403,0,9,,6-A - Bin drawer Projectile|Launcher|Catapult|Canyon|Large sword|Pirate flag,False,False
20105,0,2,,6-A - Jewelry Spear|Crossbow|Blades,False,False
15391,0,15,,6-A - Bin drawer Projectile|Launcher|Catapult|Canyon|Large sword|Pirate flag,False,False
18588,0,4,,6-A - Bin drawer Projectile|Launcher|Catapult|Canyon|Large sword|Pirate flag,False,False
30362,0,1,,6-A - Jewelry Robot|Skeleton,False,False
6266,0,3,,6-A - Jewelry Robot|Skeleton,False,False
10113,0,1,,6 - Box Minifig parts|Headwear|Minidoll parts|Textile,False,False
10190,0,5,,6-A - Jewelry Footwear,False,False
76918,0,1,,6 - Jewelry Neckwear,False,False
20566pat0001,0,1,,6 - Jewelry Neckwear,False,False
12897,0,1,,6 - Jewelry Neckwear,False,False
42446,0,6,,6 - Jewelry Neckwear,False,False
28974,0,1,,6 - Jewelry Neckwear,False,False
19917,0,1,,6 - Jewelry Neckwear,False,False
24504,0,1,,6 - Jewelry Neckwear,False,False
12618,0,1,,6 - Jewelry Neckwear,False,False
4498,0,2,,6 - Jewelry Neckwear,False,False
90370,0,1,,6-A - Jewelry Recreation|Cleaning|Key,False,False
90370pr0005,0,2,,6-A - Jewelry Recreation|Cleaning|Key,False,False
90370pr0001,0,1,,6-A - Jewelry Recreation|Cleaning|Key,False,False
37157,0,1,,6 - Box Minifig partly completed,False,False
56630,0,2,,6 - Box Minifig parts|Headwear|Minidoll parts|Textile,False,False
49668,0,16,,6-A - Box Bag Plate Tooth,False,False
15070,0,8,,6-A - Box Bag Plate Tooth,False,False
15208,0,3,,6-A - Box Bag Plate Tooth,False,False
27261,0,2,,6-A - Box Bag Plate Tooth,False,False
11126,0,1,,6-A - Bin drawer Projectile|Launcher|Catapult|Canyon|Large sword|Pirate flag,False,False
22409,0,3,,6-A - Jewelry Shield|Minecraft,False,False
98367pr0002,0,1,,6-A - Jewelry Shield|Minecraft,False,False
29596pr0002,0,1,,6-A - Jewelry Recreation|Cleaning|Key,False,False
11253,0,9,,6-A - Jewelry Footwear,False,False
4599a,0,2,,6-A - Jewelry Tap|Loudspeaker|Radio|Signal,False,False
4599b,0,32,,6-A - Jewelry Tap|Loudspeaker|Radio|Signal,False,False
25375,0,5,,6 - Bin drawer Hair|Gold bar|Tassel,False,False
99563,0,4,,6 - Bin drawer Hair|Gold bar|Tassel,False,False
55297,0,1,,6-A - Jewelry Construction tools|Repair|Handcuffs,False,False
55295,0,1,,6-A - Jewelry Construction tools|Repair|Handcuffs,False,False
4522,0,9,,6-A - Jewelry Construction tools|Repair|Handcuffs,False,False
55296,0,1,,6-A - Jewelry Construction tools|Repair|Handcuffs,False,False
4006,0,19,,6-A - Jewelry Construction tools|Repair|Handcuffs,False,False
55298,0,1,,6-A - Jewelry Construction tools|Repair|Handcuffs,False,False
55299,0,2,,6-A - Jewelry Construction tools|Repair|Handcuffs,False,False
3878,0,2,,6 - Box Minifig parts|Headwear|Minidoll parts|Textile,False,False
18395,0,2,,6-A - Jewelry Flame|Wave|Candle,False,False
3835,0,3,,6-A - Jewelry Construction tools|Repair|Handcuffs,False,False
98721,0,3,6 - Box Minifig partly completed,6-A - Jewelry Weapon Spike|Star|Mixed small,False,False
10258,0,1,,6-A - Jewelry Spear|Crossbow|Blades,False,False
85973,0,1,,6-A - Jewelry Weapon|Firearm,False,False
15071,0,3,,6-A - Jewelry Weapon|Firearm,False,False
57899,0,8,,6-A - Jewelry Weapon|Firearm,False,False
58247,0,4,,6-A - Jewelry Weapon|Firearm,False,False
92738,0,10,,6-A - Jewelry Weapon|Firearm,False,False
95199,0,7,,6-A - Jewelry Weapon|Firearm,False,False
18041,0,1,,6-A - Jewelry Spear|Crossbow|Blades,False,False
3849,0,3,,6-A - Jewelry Spear|Crossbow|Blades,False,False
64567,0,22,,6-A - Jewelry Lightsaber,False,False
93789,0,1,,6-A - Jewelry Spear|Crossbow|Blades,False,False
4497,0,1,,6-A - Jewelry Spear|Crossbow|Blades,False,False
30088,0,4,,6-A - Jewelry Weapon|Firearm,False,False
13591,0,1,,6-A - Jewelry Weapon|Firearm,False,False
24482,0,1,,6-A - Jewelry Weapon Spike|Star|Mixed small,False,False
64727,0,2,,6-A - Jewelry Weapon Spike|Star|Mixed small,False,False
30173a,0,1,,6-A - Jewelry Swords,False,False
21459,0,8,,6-A - Jewelry Swords,False,False
43887,0,2,,6-A - Jewelry Swords,False,False
30177,0,1,,6 - Box Minifig parts|Headwear|Minidoll parts|Textile,False,False
65072pat0001pr0004,0,1,,6 - Box Minifig partly completed,False,False
15616pr0002,0,1,,6 - Box Minifig parts|Headwear|Minidoll parts|Textile,False,False
98133pr0002,0,1,,6 - Box Minifig parts|Headwear|Minidoll parts|Textile,False,False
19857pat0008,0,1,,6 - Box Minifig parts|Headwear|Minidoll parts|Textile,False,False
4491a,1,2,,6-A - Box Animal|Animal parts|Accessories,False,False
4491b,1,1,,6-A - Box Animal|Animal parts|Accessories,False,False
98313,1,2,,6-A - Jewelry Robot|Skeleton,False,False
3899,1,2,,6-A - Jewelry Kitchen Utensils|Medical equipment,False,False
64647,1,2,,6-A - Jewelry Headwear small|decoration,False,False
87694,1,1,,6-A - Jewelry Headwear small|decoration,False,False
64806pr0001,1,2,6 - Box Minifig partly completed,6 - Box Minifig parts|Headwear|Minidoll parts|Textile,False,False
64806pr0003,1,2,,6 - Box Minifig parts|Headwear|Minidoll parts|Textile,False,False
15541pat0001,1,3,,6 - Box Minifig parts|Headwear|Minidoll parts|Textile,False,False
15619,1,3,,6 - Jewelry Neckwear,False,False
4524,1,1,,6 - Jewelry Neckwear,False,False
2526,1,1,,6 - Jewelry Neckwear,False,False
3678bpr0052,1,1,,6 - Box Minifig partly completed,False,False
3678bpr0072,1,2,,6 - Box Minifig partly completed,False,False
11253,1,2,,6-A - Jewelry Footwear,False,False
4599b,1,8,,6-A - Jewelry Tap|Loudspeaker|Radio|Signal,False,False
33051,10,2,,6-A - Jewelry Bag Food|Produce,False,False
33183,10,24,,6-A - Jewelry Bag Food|Produce,False,False
4727,10,10,,6-A - Box Plant|Tree,False,False
33291,10,25,,6-A - Bin drawer Flower,False,False
24866,10,70,,6-A - Bin drawer Flower,False,False
2417,10,3,,6-A - Box Plant|Tree,False,False
10884,10,2,,6-A - Box Plant|Tree,False,False
2518,10,4,,6-A - Box Plant|Tree,False,False
32607,10,35,,6-A - Box Plant|Tree,False,False
30093,10,2,,6-A - Box Plant|Tree,False,False
37695,10,4,,6-A - Box Plant|Tree,False,False
11597,10,1,,6-A - Box Animal|Animal parts|Accessories,False,False
13392pr0001,212,1,,6-A - Box Animal|Animal parts|Accessories,False,False
64648,212,2,,6-A - Box Animal|Animal parts|Accessories,False,False
87989,212,1,,6-A - Jewelry Kitchen Utensils|Medical equipment,False,False
53020,212,3,,6-A - Jewelry Kitchen Utensils|Medical equipment,False,False
24866,212,6,,6-A - Bin drawer Flower,False,False
24482,212,1,,6-A - Jewelry Weapon Spike|Star|Mixed small,False,False
33121,191,1,,6-A - Box Animal|Animal parts|Accessories,False,False
69901pr0003,191,1,,6-A - Box Animal|Animal parts|Accessories,False,False
11568pr0002,191,1,,6-A - Box Animal|Animal parts|Accessories,False,False
25971pr0003,191,1,,6 - Box Minifig partly completed,False,False
6256,191,4,,6-A - Jewelry Kitchen Utensils|Medical equipment,False,False
3852b,191,1,,6-A - Jewelry Grooming,False,False
19118,191,1,,6-A - Jewelry Recreation|Cleaning|Key,False,False
6254,191,1,,6-A - Jewelry Bag Food|Produce,False,False
68212,191,1,,6-A - Jewelry Headwear small|decoration,False,False
11618,191,4,,6-A - Jewelry Headwear small|decoration,False,False
30126,191,1,,6-A - Jewelry Headwear small|decoration,False,False
33291,191,39,,6-A - Bin drawer Flower,False,False
24866,191,27,,6-A - Bin drawer Flower,False,False
18853,191,8,,6-A - Jewelry Headwear small|decoration,False,False
32607,191,2,,6-A - Box Plant|Tree,False,False
49668,191,3,,6-A - Box Bag Plate Tooth,False,False
15208,191,5,,6-A - Box Bag Plate Tooth,False,False
18746,191,1,,6-A - Jewelry Surfboard|Snowboard|Umbrella,False,False
99563,191,1,,6 - Bin drawer Hair|Gold bar|Tassel,False,False
24866,226,1,,6-A - Bin drawer Flower,False,False
6256,29,1,,6-A - Jewelry Kitchen Utensils|Medical equipment,False,False
27150,29,1,,6-A - Jewelry Trophy|Book|Laptop|Lantern|Umbrella|Scisors,False,False
11618,29,1,,6-A - Jewelry Headwear small|decoration,False,False
2526,29,1,,6 - Jewelry Neckwear,False,False
24866,29,8,,6-A - Bin drawer Flower,False,False
18853,29,17,,6-A - Jewelry Headwear small|decoration,False,False
2566,6,1,,6-A - Box Plant|Tree,False,False
30167,6,1,,6 - Box Minifig parts|Headwear|Minidoll parts|Textile,False,False
30325,6,1,,6 - Box Minifig parts|Headwear|Minidoll parts|Textile,False,False
2524,6,1,,6 - Jewelry Neckwear,False,False
30158,6,1,,6 - Box Minifig partly completed,False,False
2563,6,1,,6-A - Box Plant|Tree,False,False
2536a,6,2,,6-A - Box Plant|Tree,False,False
4499,6,1,,6-A - Jewelry Spear|Crossbow|Blades,False,False
11010,334,3,0 - Color Table,6-A - Jewelry Binocular|Camera|Wand|Brush|Ring|Phone,False,False
23306,383,1,,6-A - Jewelry Lightsaber,False,False
53989,134,1,,6-A - Jewelry Robot|Skeleton,False,False
53988,134,1,,6-A - Jewelry Robot|Skeleton,False,False
24866,1050,7,,6-A - Bin drawer Flower,False,False
89522,321,1,,6-A - Jewelry Tooth|Horn|Member|Fin,False,False
90541,321,1,,6 - Box Minifig parts|Headwear|Minidoll parts|Textile,False,False
46303,321,2,,6 - Box Minifig parts|Headwear|Minidoll parts|Textile,False,False
21008pr0001,321,1,,6 - Box Minifig parts|Headwear|Minidoll parts|Textile,False,False
48492,272,1,,6-A - Box Animal|Animal parts|Accessories,False,False
30169,272,2,,6-A - Box Animal|Animal parts|Accessories,False,False
80504pat0001,272,1,,6 - Box Minifig parts|Headwear|Minidoll parts|Textile,False,False
35458,272,1,,6 - Box Minifig parts|Headwear|Minidoll parts|Textile,False,False
10113,272,1,,6 - Box Minifig parts|Headwear|Minidoll parts|Textile,False,False
15619,272,4,,6 - Jewelry Neckwear,False,False
50231,272,1,,6 - Box Minifig partly completed,False,False
22385pr0106,272,1,,6-A - Jewelry Shield|Minecraft,False,False
64567,272,1,,6-A - Jewelry Lightsaber,False,False
20643pat0001,272,2,,6 - Box Minifig parts|Headwear|Minidoll parts|Textile,False,False
64847,72,2,,6-A - Jewelry Tooth|Horn|Member|Fin,False,False
14518,72,2,,6-A - Box Animal|Animal parts|Accessories,False,False
20512pr0001,72,4,,6-A - Box Animal|Animal parts|Accessories,False,False
80686pr0002,72,2,,6-A - Box Animal|Animal parts|Accessories,False,False
2397,72,1,,6-A - Box Animal|Animal parts|Accessories,False,False
4491b,72,1,,6-A - Box Animal|Animal parts|Accessories,False,False
59230,72,2,,6-A - Jewelry Robot|Skeleton,False,False
30377,72,2,,6-A - Jewelry Robot|Skeleton,False,False
98313,72,9,,6-A - Jewelry Robot|Skeleton,False,False
93061,72,1,,6-A - Jewelry Robot|Skeleton,False,False
6190,72,2,,6-A - Jewelry Binocular|Camera|Wand|Brush|Ring|Phone,False,False
90540,72,1,,6-A - Jewelry Recreation|Cleaning|Key,False,False
71100,72,1,,6-A - Bin drawer Projectile|Launcher|Catapult|Canyon|Large sword|Pirate flag,False,False
95344,72,2,,6-A - Jewelry Kitchen Utensils|Medical equipment,False,False
11610,72,1,,6-A - Jewelry Bag Food|Produce,False,False
30162,72,15,,6-A - Jewelry Binocular|Camera|Wand|Brush|Ring|Phone,False,False
52494,72,4,,6-A - Jewelry Binocular|Camera|Wand|Brush|Ring|Phone,False,False
62808,72,1,,6-A - Jewelry Recreation|Cleaning|Key,False,False
3962b,72,2,,6-A - Jewelry Tap|Loudspeaker|Radio|Signal,False,False
30154,72,1,,6-A - Jewelry Construction tools|Repair|Handcuffs,False,False
3837,72,8,,6-A - Jewelry Construction tools|Repair|Handcuffs,False,False
30304,72,1,,6-A - Jewelry Headwear functional,False,False
4349,72,2,,6-A - Jewelry Tap|Loudspeaker|Radio|Signal,False,False
63586,72,4,,6-A - Jewelry Headwear functional,False,False
61190c,72,3,,6-A - Jewelry Headwear functional,False,False
15400,72,14,,6-A - Bin drawer Projectile|Launcher|Catapult|Canyon|Large sword|Pirate flag,False,False
69755,72,13,,6-A - Bin drawer Projectile|Launcher|Catapult|Canyon|Large sword|Pirate flag,False,False
15392,72,49,,6-A - Bin drawer Projectile|Launcher|Catapult|Canyon|Large sword|Pirate flag,False,False
18588,72,3,,6-A - Bin drawer Projectile|Launcher|Catapult|Canyon|Large sword|Pirate flag,False,False
30376,72,1,,6-A - Jewelry Robot|Skeleton,False,False
18277,72,1,,6-A - Jewelry Hipwear,False,False
72326pr0004,72,1,,6 - Jewelry Neckwear,False,False
42446,72,6,,6 - Jewelry Neckwear,False,False
6158,72,1,,6 - Box Minifig partly completed,False,False
27261,72,5,,6-A - Box Bag Plate Tooth,False,False
30294,72,1,,6-A - Jewelry Rock|Diamond,False,False
75902pr0004,72,1,,6-A - Jewelry Shield|Minecraft,False,False
59231pr0001,72,3,,6-A - Jewelry Shield|Minecraft,False,False
99774,72,3,,6-A - Jewelry Footwear,False,False
6117,72,1,,6-A - Jewelry Construction tools|Repair|Handcuffs,False,False
30192,72,3,,6-A - Jewelry Construction tools|Repair|Handcuffs,False,False
30228,72,2,,6-A - Jewelry Construction tools|Repair|Handcuffs,False,False
30375,72,3,,6-A - Jewelry Robot|Skeleton,False,False
15445,72,5,,6-A - Jewelry Weapon|Firearm,False,False
95199,72,3,,6-A - Jewelry Weapon|Firearm,False,False
86208,72,1,,6-A - Jewelry Tap|Loudspeaker|Radio|Signal,False,False
3959,72,1,,6-A - Jewelry Tap|Loudspeaker|Radio|Signal,False,False
6123,72,1,,6-A - Jewelry Spear|Crossbow|Blades,False,False
66909,72,2,,6-A - Jewelry Lightsaber,False,False
43899,72,1,,6-A - Jewelry Spear|Crossbow|Blades,False,False
24482,72,5,,6-A - Jewelry Weapon Spike|Star|Mixed small,False,False
2530,72,8,,6-A - Jewelry Swords,False,False
59229,72,1,,,,
40378,308,1,,6-A - Jewelry Tooth|Horn|Member|Fin,False,False
43892,308,1,,6-A - Jewelry Tooth|Horn|Member|Fin,False,False
30377,308,4,,6-A - Jewelry Robot|Skeleton,False,False
90826,308,1,,6-A - Jewelry Recreation|Cleaning|Key,False,False
64644,308,5,,6-A - Jewelry Binocular|Camera|Wand|Brush|Ring|Phone,False,False
36752a,308,4,,6-A - Jewelry Binocular|Camera|Wand|Brush|Ring|Phone,False,False
1613,308,1,,6 - Box Minifig partly completed,False,False
15064,308,2,,6-A - Jewelry Tooth|Horn|Member|Fin,False,False
88289,308,3,,6-A - Bin drawer Projectile|Launcher|Catapult|Canyon|Large sword|Pirate flag,False,False
88290,308,1,,6 - Jewelry Neckwear,False,False
64567,308,1,,6-A - Jewelry Lightsaber,False,False
2546,8,1,,6-A - Box Animal|Animal parts|Accessories,False,False
40385,8,1,,6-A - Box Animal|Animal parts|Accessories,False,False
40384,8,1,,6-A - Box Animal|Animal parts|Accessories,False,False
2547,8,1,,6-A - Box Animal|Animal parts|Accessories,False,False
2548,8,1,,6-A - Box Animal|Animal parts|Accessories,False,False
3962b,8,1,,6-A - Jewelry Tap|Loudspeaker|Radio|Signal,False,False
3837,8,1,,6-A - Jewelry Construction tools|Repair|Handcuffs,False,False
30135,8,1,,6 - Box Minifig parts|Headwear|Minidoll parts|Textile,False,False
84943,8,1,,6-A - Bin drawer Projectile|Launcher|Catapult|Canyon|Large sword|Pirate flag,False,False
30228,8,1,,6-A - Jewelry Construction tools|Repair|Handcuffs,False,False
3841,8,1,,6-A - Jewelry Construction tools|Repair|Handcuffs,False,False
6123,8,1,,6-A - Jewelry Spear|Crossbow|Blades,False,False
3849,8,1,,6-A - Jewelry Spear|Crossbow|Blades,False,False
43899,8,1,,6-A - Jewelry Spear|Crossbow|Blades,False,False
41535,288,1,,6-A - Box Animal|Animal parts|Accessories,False,False
2543,288,1,,6 - Box Minifig parts|Headwear|Minidoll parts|Textile,False,False
18927,288,2,,6 - Box Minifig parts|Headwear|Minidoll parts|Textile,False,False
6131pr0003,288,1,,6 - Box Minifig partly completed,False,False
15619,288,1,,6 - Jewelry Neckwear,False,False
2526,288,2,,6 - Jewelry Neckwear,False,False
55236,288,4,,6-A - Box Plant|Tree,False,False
19119,288,1,,6-A - Box Plant|Tree,False,False
2417,288,2,,6-A - Box Plant|Tree,False,False
19857pat0007,288,1,,6 - Box Minifig parts|Headwear|Minidoll parts|Textile,False,False
13786pr0002,484,1,,6-A - Box Animal|Animal parts|Accessories,False,False
1413pr0001,484,1,,6-A - Box Animal|Animal parts|Accessories,False,False
37829pr0125,484,1,,6-A - Box Animal|Animal parts|Accessories,False,False
37829pr0002,484,1,,6-A - Box Animal|Animal parts|Accessories,False,False
67338,484,3,,6-A - Jewelry Bag Food|Produce,False,False
33125,484,2,,6-A - Jewelry Bag Food|Produce,False,False
33048,484,2,,6-A - Jewelry Bag Food|Produce,False,False
33057,484,4,,6-A - Jewelry Bag Food|Produce,False,False
49656pat0002,484,1,,6-A - Jewelry Rock|Diamond,False,False
19119,484,4,,6-A - Box Plant|Tree,False,False
94718,5,1,,6-A - Jewelry Grooming,False,False
94722,5,1,,6-A - Jewelry Grooming,False,False
94720,5,2,,6-A - Jewelry Grooming,False,False
94721,5,1,,6-A - Jewelry Grooming,False,False
94723,5,1,,6-A - Jewelry Grooming,False,False
94724,5,1,,6-A - Jewelry Grooming,False,False
3899,5,5,,6-A - Jewelry Kitchen Utensils|Medical equipment,False,False
6256,5,1,,6-A - Jewelry Kitchen Utensils|Medical equipment,False,False
35473,5,1,,6-A - Box Plant|Tree,False,False
94717,5,2,,6-A - Jewelry Headwear small|decoration,False,False
94725,5,2,,6-A - Jewelry Headwear small|decoration,False,False
4523,5,1,,6 - Jewelry Neckwear,False,False
32606,5,8,,6-A - Box Plant|Tree,False,False
4367,5,1,,6-A - Box Plant|Tree,False,False
33291,5,20,,6-A - Bin drawer Flower,False,False
24866,5,39,,6-A - Bin drawer Flower,False,False
62698,85,1,,6-A - Jewelry Trophy|Book|Laptop|Lantern|Umbrella|Scisors,False,False
6254,85,1,,6-A - Jewelry Bag Food|Produce,False,False
93059,85,4,,6 - Box Minifig parts|Headwear|Minidoll parts|Textile,False,False
11618,85,6,,6-A - Jewelry Headwear small|decoration,False,False
96481,85,1,,6-A - Box Animal|Animal parts|Accessories,False,False
96483,85,1,,6-A - Jewelry Headwear small|decoration,False,False
96486,85,2,,6-A - Jewelry Headwear small|decoration,False,False
96490,85,1,,6-A - Jewelry Headwear small|decoration,False,False
96485,85,1,,6-A - Jewelry Headwear small|decoration,False,False
96489,85,1,,6-A - Jewelry Headwear small|decoration,False,False
50231pr0001,85,1,,6 - Box Minifig partly completed,False,False
2417,85,3,,6-A - Box Plant|Tree,False,False
55297,85,1,,6-A - Jewelry Construction tools|Repair|Handcuffs,False,False
55298,85,1,,6-A - Jewelry Construction tools|Repair|Handcuffs,False,False
55300,85,1,,6-A - Jewelry Construction tools|Repair|Handcuffs,False,False
55299,85,1,,6-A - Jewelry Construction tools|Repair|Handcuffs,False,False
87747,320,3,,6-A - Jewelry Tooth|Horn|Member|Fin,False,False
48492,320,1,,6-A - Box Animal|Animal parts|Accessories,False,False
19532pr0001,320,2,,6-A - Box Animal|Animal parts|Accessories,False,False
98313,320,1,,6-A - Jewelry Robot|Skeleton,False,False
30367bpr0008,320,1,,6-A - Jewelry Robot|Skeleton,False,False
3624,320,1,,6 - Box Minifig parts|Headwear|Minidoll parts|Textile,False,False
61747,320,1,,6-A - Bin drawer Projectile|Launcher|Catapult|Canyon|Large sword|Pirate flag,False,False
2526,320,1,,6 - Jewelry Neckwear,False,False
37046,320,1,,6 - Box Minifig partly completed,False,False
30166,320,1,,6-A - Jewelry Shield|Minecraft,False,False
53451,28,5,,6-A - Jewelry Tooth|Horn|Member|Fin,False,False
15082,28,2,,6-A - Box Animal|Animal parts|Accessories,False,False
36756pr0001,28,3,,6-A - Box Animal|Animal parts|Accessories,False,False
95344,28,5,,6-A - Jewelry Kitchen Utensils|Medical equipment,False,False
36752a,28,1,,6-A - Jewelry Binocular|Camera|Wand|Brush|Ring|Phone,False,False
11303,28,1,,6 - Box Minifig parts|Headwear|Minidoll parts|Textile,False,False
37822,28,1,,6 - Jewelry Neckwear,False,False
92590,28,2,,6 - Jewelry Neckwear,False,False
66913,28,2,,6 - Jewelry Neckwear,False,False
11253,28,1,,6-A - Jewelry Footwear,False,False
60752,28,4,,6-A - Jewelry Swords,False,False
49577,3,3,,6-A - Box Animal|Animal parts|Accessories,False,False
10190,3,2,,6-A - Jewelry Footwear,False,False
15070,3,1,,6-A - Box Bag Plate Tooth,False,False
87747,179,1,,6-A - Jewelry Tooth|Horn|Member|Fin,False,False
53451,179,10,,6-A - Jewelry Tooth|Horn|Member|Fin,False,False
64648,179,2,,6-A - Box Animal|Animal parts|Accessories,False,False
2550c02,179,1,,6-A - Box Animal|Animal parts|Accessories,False,False
30377,179,5,,6-A - Jewelry Robot|Skeleton,False,False
98313,179,11,,6-A - Jewelry Robot|Skeleton,False,False
30367cpr0023,179,1,,6-A - Jewelry Robot|Skeleton,False,False
11610,179,1,,6-A - Jewelry Bag Food|Produce,False,False
89522,179,2,,6-A - Jewelry Tooth|Horn|Member|Fin,False,False
3899,179,1,,6-A - Jewelry Kitchen Utensils|Medical equipment,False,False
79741,179,2,,6-A - Jewelry Kitchen Utensils|Medical equipment,False,False
80179,179,2,,6-A - Jewelry Kitchen Utensils|Medical equipment,False,False
34173,179,5,,6-A - Jewelry Kitchen Utensils|Medical equipment,False,False
4528,179,2,,6-A - Jewelry Kitchen Utensils|Medical equipment,False,False
2343,179,2,,6-A - Jewelry Kitchen Utensils|Medical equipment,False,False
18920,179,5,,6-A - Jewelry Trophy|Book|Laptop|Lantern|Umbrella|Scisors,False,False
10172pr0001,179,1,,6-A - Jewelry Trophy|Book|Laptop|Lantern|Umbrella|Scisors,False,False
11092,179,1,,6-A - Box Animal|Animal parts|Accessories,False,False
22394,179,1,,6-A - Jewelry Headwear functional,False,False
22400,179,1,,6-A - Jewelry Headwear functional,False,False
22395,179,1,,6-A - Jewelry Headwear functional,False,False
87610pr0002,179,1,,6 - Box Minifig parts|Headwear|Minidoll parts|Textile,False,False
2446,179,1,,6 - Box Minifig parts|Headwear|Minidoll parts|Textile,False,False
35039,179,2,,6-A - Box Animal|Animal parts|Accessories,False,False
22487,179,1,,6-A - Bin drawer Projectile|Launcher|Catapult|Canyon|Large sword|Pirate flag,False,False
69767,179,1,,6-A - Bin drawer Projectile|Launcher|Catapult|Canyon|Large sword|Pirate flag,False,False
18987,179,1,,6 - Box Minifig partly completed,False,False
24097pat0001,179,1,,6 - Jewelry Neckwear,False,False
64802,179,2,,6 - Jewelry Neckwear,False,False
98132,179,1,,6 - Jewelry Neckwear,False,False
49668,179,24,,6-A - Box Bag Plate Tooth,False,False
22408,179,1,,6-A - Jewelry Shield|Minecraft,False,False
93555,179,21,,6-A - Jewelry Footwear,False,False
11253,179,4,,6-A - Jewelry Footwear,False,False
99563,179,2,,6 - Bin drawer Hair|Gold bar|Tassel,False,False
4006,179,4,,6-A - Jewelry Construction tools|Repair|Handcuffs,False,False
53454,179,1,,6-A - Jewelry Spear|Crossbow|Blades,False,False
39802pr0001,179,3,,6-A - Jewelry Construction tools|Repair|Handcuffs,False,False
10187,179,6,,6-A - Jewelry Paw|Tentacle,False,False
35485,179,1,,,,
2570,179,3,,6-A - Jewelry Spear|Crossbow|Blades,False,False
66964,179,2,,6-A - Jewelry Swords,False,False
17010,179,1,,6-A - Jewelry Weapon|Firearm,False,False
87993,179,1,,6-A - Jewelry Weapon|Firearm,False,False
13608,179,3,,6-A - Jewelry Weapon|Firearm,False,False
18041,179,7,,6-A - Jewelry Spear|Crossbow|Blades,False,False
3849,179,3,,6-A - Jewelry Spear|Crossbow|Blades,False,False
93789,179,2,,6-A - Jewelry Spear|Crossbow|Blades,False,False
98139,179,1,,6-A - Jewelry Spear|Crossbow|Blades,False,False
98141,179,1,,6-A - Jewelry Spear|Crossbow|Blades,False,False
93550,179,1,,6-A - Jewelry Swords,False,False
18031,179,2,,6-A - Jewelry Swords,False,False
21459,179,5,,6-A - Jewelry Swords,False,False
29109,179,2,,6-A - Jewelry Swords,False,False
25111,179,2,,6-A - Jewelry Swords,False,False
60752,179,1,,6-A - Jewelry Swords,False,False
93058b,179,6,,6-A - Jewelry Weapon Spike|Star|Mixed small,False,False
30106,117,1,,0 - Color Table,False,False
25516,1000,1,,0 - Color Table,False,False
78532pr0001,2,1,,6-A - Box Animal|Animal parts|Accessories,False,False
33320,2,2,,6-A - Box Animal|Animal parts|Accessories,False,False
30115,2,1,,6-A - Box Animal|Animal parts|Accessories,False,False
10169,2,1,,6-A - Jewelry Trophy|Book|Laptop|Lantern|Umbrella|Scisors,False,False
2566,2,1,,6-A - Box Plant|Tree,False,False
30340,2,1,,6-A - Jewelry Trophy|Book|Laptop|Lantern|Umbrella|Scisors,False,False
2488,2,1,,6-A - Box Plant|Tree,False,False
22380,2,2,,6 - Box Minifig parts|Headwear|Minidoll parts|Textile,False,False
6255,2,1,,6-A - Box Plant|Tree,False,False
6064,2,2,,6-A - Box Plant|Tree,False,False
55236,2,7,,6-A - Box Plant|Tree,False,False
4727,2,2,,6-A - Box Plant|Tree,False,False
33291,2,1,,6-A - Bin drawer Flower,False,False
24866,2,14,,6-A - Bin drawer Flower,False,False
19119,2,1,,6-A - Box Plant|Tree,False,False
24855,2,21,,6-A - Box Plant|Tree,False,False
2423,2,33,,6-A - Box Plant|Tree,False,False
2417,2,5,,6-A - Box Plant|Tree,False,False
30239,2,3,,6-A - Box Plant|Tree,False,False
10884,2,5,,6-A - Box Plant|Tree,False,False
6148,2,1,,6-A - Box Plant|Tree,False,False
32607,2,9,,6-A - Box Plant|Tree,False,False
30176,2,19,,6-A - Box Plant|Tree,False,False
30093,2,1,,6-A - Box Plant|Tree,False,False
61406pat0002,2,1,,6-A - Box Animal|Animal parts|Accessories,False,False
10187,2,1,,6-A - Jewelry Paw|Tentacle,False,False
64727,2,1,,6-A - Jewelry Weapon Spike|Star|Mixed small,False,False
98133pr0011,2,1,,6 - Box Minifig parts|Headwear|Minidoll parts|Textile,False,False
11618,31,3,,6-A - Jewelry Headwear small|decoration,False,False
33291,31,12,,6-A - Bin drawer Flower,False,False
24866,31,1,,6-A - Bin drawer Flower,False,False
2423,31,6,,6-A - Box Plant|Tree,False,False
18855,323,8,,6-A - Jewelry Kitchen Utensils|Medical equipment,False,False
96482,323,1,,6-A - Jewelry Grooming,False,False
96480,323,1,,6-A - Jewelry Grooming,False,False
96488,323,2,,6-A - Jewelry Grooming,False,False
98393j,323,2,,6-A - Jewelry Kitchen Utensils|Medical equipment,False,False
98393e,323,1,,6-A - Jewelry Kitchen Utensils|Medical equipment,False,False
79743,323,1,,6-A - Jewelry Bag Food|Produce,False,False
96479,323,2,,6-A - Jewelry Headwear small|decoration,False,False
96481,323,2,,6-A - Box Animal|Animal parts|Accessories,False,False
96483,323,1,,6-A - Jewelry Headwear small|decoration,False,False
96487,323,1,,6-A - Jewelry Headwear small|decoration,False,False
98393h,323,1,,6-A - Jewelry Kitchen Utensils|Medical equipment,False,False
24866,323,9,,6-A - Bin drawer Flower,False,False
11089,71,1,,6-A - Jewelry Tooth|Horn|Member|Fin,False,False
87747,71,2,,6-A - Jewelry Tooth|Horn|Member|Fin,False,False
30377,71,11,,6-A - Jewelry Robot|Skeleton,False,False
93061,71,2,,6-A - Jewelry Robot|Skeleton,False,False
4449,71,1,,6-A - Jewelry Trophy|Book|Laptop|Lantern|Umbrella|Scisors,False,False
4735,71,2,,6-A - Jewelry Robot|Skeleton,False,False
95343,71,2,,6-A - Jewelry Kitchen Utensils|Medical equipment,False,False
11610,71,4,,6-A - Jewelry Bag Food|Produce,False,False
30162,71,4,,6-A - Jewelry Binocular|Camera|Wand|Brush|Ring|Phone,False,False
30106,71,1,,6-A - Jewelry Trophy|Book|Laptop|Lantern|Umbrella|Scisors,False,False
2343,71,1,,6-A - Jewelry Kitchen Utensils|Medical equipment,False,False
61482,71,17,,6-A - Jewelry Construction tools|Repair|Handcuffs,False,False
60849,71,21,,6-A - Jewelry Weapon|Firearm,False,False
4210,71,3,,6-A - Jewelry Tap|Loudspeaker|Radio|Signal,False,False
53020,71,2,,6-A - Jewelry Kitchen Utensils|Medical equipment,False,False
12885,71,1,,6-A - Jewelry Construction tools|Repair|Handcuffs,False,False
3900,71,6,,6-A - Jewelry Tap|Loudspeaker|Radio|Signal,False,False
64644,71,2,,6-A - Jewelry Binocular|Camera|Wand|Brush|Ring|Phone,False,False
89801,71,1,,6-A - Jewelry Trophy|Book|Laptop|Lantern|Umbrella|Scisors,False,False
79808,71,2,,6-A - Jewelry Kitchen Utensils|Medical equipment,False,False
29636,71,3,,6-A - Jewelry Kitchen Utensils|Medical equipment,False,False
11538pr0001,71,1,,6 - Box Minifig parts|Headwear|Minidoll parts|Textile,False,False
16968,71,6,,6-A - Bin drawer Projectile|Launcher|Catapult|Canyon|Large sword|Pirate flag,False,False
69754,71,2,,6-A - Bin drawer Projectile|Launcher|Catapult|Canyon|Large sword|Pirate flag,False,False
18587,71,6,,6-A - Bin drawer Projectile|Launcher|Catapult|Canyon|Large sword|Pirate flag,False,False
15391,71,4,,6-A - Bin drawer Projectile|Launcher|Catapult|Canyon|Large sword|Pirate flag,False,False
6266,71,4,,6-A - Jewelry Robot|Skeleton,False,False
25113pr0001,71,1,,6 - Box Minifig partly completed,False,False
42446,71,6,,6 - Jewelry Neckwear,False,False
90370,71,1,,6-A - Jewelry Recreation|Cleaning|Key,False,False
24866,71,1,,6-A - Bin drawer Flower,False,False
15070,71,1,,6-A - Box Bag Plate Tooth,False,False
75902pr0030,71,1,,6-A - Jewelry Shield|Minecraft,False,False
3846pr0016,71,1,,6-A - Jewelry Shield|Minecraft,False,False
11253,71,5,,6-A - Jewelry Footwear,False,False
4599a,71,3,,6-A - Jewelry Tap|Loudspeaker|Radio|Signal,False,False
4599b,71,48,,6-A - Jewelry Tap|Loudspeaker|Radio|Signal,False,False
99563,71,6,,6 - Bin drawer Hair|Gold bar|Tassel,False,False
18738,71,1,,6-A - Jewelry Construction tools|Repair|Handcuffs,False,False
24078,71,1,,6-A - Jewelry Robot|Skeleton,False,False
86208,71,2,,6-A - Jewelry Tap|Loudspeaker|Radio|Signal,False,False
64567,71,19,,6-A - Jewelry Lightsaber,False,False
23306,71,4,,6-A - Jewelry Lightsaber,False,False
43899,71,1,,6-A - Jewelry Spear|Crossbow|Blades,False,False
64727,71,3,,6-A - Jewelry Weapon Spike|Star|Mixed small,False,False
6228b,7,1,,6-A - Box Animal|Animal parts|Accessories,False,False
3900,7,1,,6-A - Jewelry Tap|Loudspeaker|Radio|Signal,False,False
4349,7,2,,6-A - Jewelry Tap|Loudspeaker|Radio|Signal,False,False
3629,7,1,,6 - Box Minifig parts|Headwear|Minidoll parts|Textile,False,False
4599a,7,1,,6-A - Jewelry Tap|Loudspeaker|Radio|Signal,False,False
3835,7,2,,6-A - Jewelry Construction tools|Repair|Handcuffs,False,False
3959,7,1,,6-A - Jewelry Tap|Loudspeaker|Radio|Signal,False,False
11603pr0001,27,1,,6-A - Box Animal|Animal parts|Accessories,False,False
30089b,27,2,,6-A - Jewelry Binocular|Camera|Wand|Brush|Ring|Phone,False,False
98369,27,1,,6-A - Jewelry Binocular|Camera|Wand|Brush|Ring|Phone,False,False
19118,27,2,,6-A - Jewelry Recreation|Cleaning|Key,False,False
53020,27,2,,6-A - Jewelry Kitchen Utensils|Medical equipment,False,False
4094b,27,1,,6-A - Jewelry Surfboard|Snowboard|Umbrella,False,False
86035,27,1,,6 - Box Minifig parts|Headwear|Minidoll parts|Textile,False,False
12897,27,1,,6 - Jewelry Neckwear,False,False
4523,27,1,,6 - Jewelry Neckwear,False,False
25376,27,3,,6 - Jewelry Neckwear,False,False
22667,27,5,,6-A - Jewelry Bag Food|Produce,False,False
24866,27,5,,6-A - Bin drawer Flower,False,False
2423,27,3,,6-A - Box Plant|Tree,False,False
2417,27,2,,6-A - Box Plant|Tree,False,False
10884,27,4,,6-A - Box Plant|Tree,False,False
32607,27,12,,6-A - Box Plant|Tree,False,False
30176,27,7,,6-A - Box Plant|Tree,False,False
49668,27,2,,6-A - Box Bag Plate Tooth,False,False
15070,27,1,,6-A - Box Bag Plate Tooth,False,False
13608,27,1,,6-A - Jewelry Weapon|Firearm,False,False
21459,27,1,,6-A - Jewelry Swords,False,False
64847,26,2,,6-A - Jewelry Tooth|Horn|Member|Fin,False,False
33009,26,2,,6-A - Jewelry Trophy|Book|Laptop|Lantern|Umbrella|Scisors,False,False
30171,26,1,,6 - Box Minifig parts|Headwear|Minidoll parts|Textile,False,False
11618,26,14,,6-A - Jewelry Headwear small|decoration,False,False
21008pr0001,26,3,,6 - Box Minifig parts|Headwear|Minidoll parts|Textile,False,False
22667,26,5,,6-A - Jewelry Bag Food|Produce,False,False
33291,26,17,,6-A - Bin drawer Flower,False,False
24866,26,12,,6-A - Bin drawer Flower,False,False
90540,322,1,,6-A - Jewelry Recreation|Cleaning|Key,False,False
94720,322,4,,6-A - Jewelry Grooming,False,False
94721,322,2,,6-A - Jewelry Grooming,False,False
94719,322,2,,6-A - Jewelry Grooming,False,False
94723,322,2,,6-A - Jewelry Grooming,False,False
94724,322,1,,6-A - Jewelry Grooming,False,False
94717,322,6,,6-A - Jewelry Headwear small|decoration,False,False
94725,322,4,,6-A - Jewelry Headwear small|decoration,False,False
96479,322,2,,6-A - Jewelry Headwear small|decoration,False,False
96481,322,1,,6-A - Box Animal|Animal parts|Accessories,False,False
96489,322,1,,6-A - Jewelry Headwear small|decoration,False,False
88289,322,1,,6-A - Bin drawer Projectile|Launcher|Catapult|Canyon|Large sword|Pirate flag,False,False
15469,322,1,,6-A - Box Plant|Tree,False,False
90509,322,2,,6-A - Jewelry Footwear,False,False
90397,322,1,,6-A - Jewelry Surfboard|Snowboard|Umbrella,False,False
18787,322,1,,6-A - Jewelry Shield|Minecraft,False,False
21459,322,1,,6-A - Jewelry Swords,False,False
24131,30,1,,6-A - Jewelry Headwear small|decoration,False,False
24866,30,35,,6-A - Bin drawer Flower,False,False
22385,30,4,,6-A - Jewelry Shield|Minecraft,False,False
33286,115,1,,0 - Color Table,False,False
4094b,115,1,,6-A - Jewelry Surfboard|Snowboard|Umbrella,False,False
98382pr0001,84,1,,6-A - Box Animal|Animal parts|Accessories,False,False
92586pr0001,84,2,,6-A - Box Animal|Animal parts|Accessories,False,False
92586pr0006,84,1,,6-A - Box Animal|Animal parts|Accessories,False,False
18852pr0001,84,1,,6-A - Box Animal|Animal parts|Accessories,False,False
10169,84,3,,6-A - Jewelry Trophy|Book|Laptop|Lantern|Umbrella|Scisors,False,False
29111,84,3,,6-A - Box Animal|Animal parts|Accessories,False,False
69944pr0001,84,1,,6-A - Jewelry Spear|Crossbow|Blades,False,False
33122,462,1,,0 - Color Table,False,False
3834,82,1,,6 - Box Minifig parts|Headwear|Minidoll parts|Textile,False,False
99563,82,4,,6 - Bin drawer Hair|Gold bar|Tassel,False,False
3844,80,1,,6 - Box Minifig parts|Headwear|Minidoll parts|Textile,False,False
30273,80,1,,6 - Box Minifig parts|Headwear|Minidoll parts|Textile,False,False
64567,80,7,,6-A - Jewelry Lightsaber,False,False
98313,326,2,,6-A - Jewelry Robot|Skeleton,False,False
15279,326,1,,6-A - Box Plant|Tree,False,False
2423,326,2,,6-A - Box Plant|Tree,False,False
37695,326,1,,6-A - Box Plant|Tree,False,False
69858,1056,7,,6-A - Jewelry Paw|Tentacle,False,False
53451,25,1,,6-A - Jewelry Tooth|Horn|Member|Fin,False,False
24008pr0003,25,1,,6-A - Box Animal|Animal parts|Accessories,False,False
13786pr0024,25,1,,6-A - Box Animal|Animal parts|Accessories,False,False
11100,25,1,,6-A - Box Animal|Animal parts|Accessories,False,False
64648,25,3,,6-A - Box Animal|Animal parts|Accessories,False,False
84867,25,1,,,,
61189pr0008,25,1,,6 - Box Minifig parts|Headwear|Minidoll parts|Textile,False,False
30381,25,1,,6 - Box Minifig parts|Headwear|Minidoll parts|Textile,False,False
10190,25,4,,6-A - Jewelry Footwear,False,False
24184,25,1,,6 - Jewelry Neckwear,False,False
38781,25,1,,6 - Box Minifig partly completed,False,False
98374pr0003,25,1,,6-A - Jewelry Kitchen Utensils|Medical equipment,False,False
33172,25,9,,6-A - Jewelry Bag Food|Produce,False,False
24866,25,14,,6-A - Bin drawer Flower,False,False
32607,25,4,,6-A - Box Plant|Tree,False,False
51270,25,2,,6-A - Jewelry Bag Food|Produce,False,False
33066,25,1,,6 - Box Minifig parts|Headwear|Minidoll parts|Textile,False,False
11253,25,1,,6-A - Jewelry Footwear,False,False
72824,25,1,,6-A - Jewelry Recreation|Cleaning|Key,False,False
99563,25,4,,6 - Bin drawer Hair|Gold bar|Tassel,False,False
92547pr0004,25,1,,6-A - Jewelry Base|Spinner|Ring,False,False
21459,25,1,,6-A - Jewelry Swords,False,False
87747,297,1,,6-A - Jewelry Tooth|Horn|Member|Fin,False,False
53451,297,12,,6-A - Jewelry Tooth|Horn|Member|Fin,False,False
40379,297,3,,6-A - Jewelry Tooth|Horn|Member|Fin,False,False
95342,297,1,,6-A - Box Animal|Animal parts|Accessories,False,False
11100,297,2,,6-A - Box Animal|Animal parts|Accessories,False,False
33320,297,6,,6-A - Box Animal|Animal parts|Accessories,False,False
90540,297,3,,6-A - Jewelry Recreation|Cleaning|Key,False,False
95344,297,10,,6-A - Jewelry Kitchen Utensils|Medical equipment,False,False
73117,297,1,,6-A - Jewelry Flame|Wave|Candle,False,False
89522,297,5,,6-A - Jewelry Tooth|Horn|Member|Fin,False,False
39262,297,5,,6 - Box Minifig parts|Headwear|Minidoll parts|Textile,False,False
30162,297,2,,6-A - Jewelry Binocular|Camera|Wand|Brush|Ring|Phone,False,False
37762,297,6,,6-A - Jewelry Flame|Wave|Candle,False,False
4528,297,1,,6-A - Jewelry Kitchen Utensils|Medical equipment,False,False
2343,297,7,,6-A - Jewelry Kitchen Utensils|Medical equipment,False,False
37776,297,1,,6-A - Jewelry Trophy|Book|Laptop|Lantern|Umbrella|Scisors,False,False
64644,297,6,,6-A - Jewelry Binocular|Camera|Wand|Brush|Ring|Phone,False,False
10172,297,2,,6-A - Jewelry Trophy|Book|Laptop|Lantern|Umbrella|Scisors,False,False
36752a,297,1,,6-A - Jewelry Binocular|Camera|Wand|Brush|Ring|Phone,False,False
93059,297,1,,6 - Box Minifig parts|Headwear|Minidoll parts|Textile,False,False
33322,297,1,,6-A - Jewelry Headwear small|decoration,False,False
24131,297,1,,6-A - Jewelry Headwear small|decoration,False,False
11437,297,2,,6-A - Jewelry Headwear functional,False,False
48493,297,1,,6 - Box Minifig parts|Headwear|Minidoll parts|Textile,False,False
23983,297,3,,6 - Jewelry Neckwear,False,False
11438,297,1,,6 - Jewelry Neckwear,False,False
11097,297,1,,6 - Jewelry Neckwear,False,False
2526,297,1,,6 - Jewelry Neckwear,False,False
33291,297,4,,6-A - Bin drawer Flower,False,False
24866,297,5,,6-A - Bin drawer Flower,False,False
15279,297,1,,6-A - Box Plant|Tree,False,False
15070,297,11,,6-A - Box Bag Plate Tooth,False,False
15208,297,3,,6-A - Box Bag Plate Tooth,False,False
98341,297,2,,6-A - Jewelry Base|Spinner|Ring,False,False
30385,297,1,,6-A - Jewelry Rock|Diamond,False,False
22408,297,2,,6-A - Jewelry Shield|Minecraft,False,False
75902pr9999,297,1,,6-A - Jewelry Shield|Minecraft,False,False
11253,297,4,,6-A - Jewelry Footwear,False,False
4599b,297,8,,6-A - Jewelry Tap|Loudspeaker|Radio|Signal,False,False
25375,297,2,,6 - Bin drawer Hair|Gold bar|Tassel,False,False
99563,297,9,,6 - Bin drawer Hair|Gold bar|Tassel,False,False
92585,297,1,,6-A - Jewelry Construction tools|Repair|Handcuffs,False,False
18041,297,5,,6-A - Jewelry Spear|Crossbow|Blades,False,False
64567,297,12,,6-A - Jewelry Lightsaber,False,False
41159pat0002,297,1,,6-A - Jewelry Swords,False,False
98139,297,6,,6-A - Jewelry Spear|Crossbow|Blades,False,False
98141,297,7,,6-A - Jewelry Spear|Crossbow|Blades,False,False
24482,297,2,,6-A - Jewelry Weapon Spike|Star|Mixed small,False,False
98134,297,1,,6-A - Jewelry Weapon Spike|Star|Mixed small,False,False
98137,297,3,,6-A - Bin drawer Projectile|Launcher|Catapult|Canyon|Large sword|Pirate flag,False,False
18787,297,2,,6-A - Jewelry Shield|Minecraft,False,False
36017,297,1,,6-A - Jewelry Swords,False,False
21459,297,29,,6-A - Jewelry Swords,False,False
30173b,297,1,,6-A - Jewelry Swords,False,False
93055,297,1,,6-A - Jewelry Swords,False,False
29109,297,1,,6-A - Jewelry Swords,False,False
25111,297,1,,6-A - Jewelry Swords,False,False
93058b,297,8,,6-A - Jewelry Weapon Spike|Star|Mixed small,False,False
92290,297,1,,6-A - Jewelry Spear|Crossbow|Blades,False,False
98133,297,1,,6 - Box Minifig parts|Headwear|Minidoll parts|Textile,False,False
53989,135,6,,6-A - Jewelry Robot|Skeleton,False,False
2570,135,1,,6-A - Jewelry Spear|Crossbow|Blades,False,False
59232,135,1,,6-A - Jewelry Weapon Spike|Star|Mixed small,False,False
4497,135,1,,6-A - Jewelry Spear|Crossbow|Blades,False,False
60752,135,1,,6-A - Jewelry Swords,False,False
98313,1103,18,,6-A - Jewelry Robot|Skeleton,False,False
37776,1103,5,,6-A - Jewelry Trophy|Book|Laptop|Lantern|Umbrella|Scisors,False,False
69754,1103,1,,6-A - Bin drawer Projectile|Launcher|Catapult|Canyon|Large sword|Pirate flag,False,False
84943,1103,2,,6-A - Bin drawer Projectile|Launcher|Catapult|Canyon|Large sword|Pirate flag,False,False
20566pat0002,1103,1,,6 - Jewelry Neckwear,False,False
24588,1103,1,,6 - Jewelry Neckwear,False,False
28716pr0002,1103,1,,6 - Box Minifig partly completed,False,False
98374,1103,1,,6-A - Jewelry Kitchen Utensils|Medical equipment,False,False
99563,1103,2,,6 - Bin drawer Hair|Gold bar|Tassel,False,False
53454,1103,7,,6-A - Jewelry Spear|Crossbow|Blades,False,False
23861,1103,1,,6-A - Jewelry Spear|Crossbow|Blades,False,False
2570,1103,1,,6-A - Jewelry Spear|Crossbow|Blades,False,False
17010,1103,1,,6-A - Jewelry Weapon|Firearm,False,False
2562,1103,1,,6-A - Jewelry Weapon|Firearm,False,False
3848,1103,1,,6-A - Jewelry Spear|Crossbow|Blades,False,False
93789,1103,1,,6-A - Jewelry Spear|Crossbow|Blades,False,False
98139,1103,5,,6-A - Jewelry Spear|Crossbow|Blades,False,False
98141,1103,1,,6-A - Jewelry Spear|Crossbow|Blades,False,False
23984,1103,1,,6-A - Jewelry Swords,False,False
98347,1103,1,,6-A - Box Animal|Animal parts|Accessories,False,False
3899,13,2,0 - Color Table,6-A - Jewelry Kitchen Utensils|Medical equipment,False,False
2546pr0001,4,2,,6-A - Box Animal|Animal parts|Accessories,False,False
53451,4,11,,6-A - Jewelry Tooth|Horn|Member|Fin,False,False
64847,4,1,,6-A - Box Animal|Animal parts|Accessories,False,False
40379,4,2,,6-A - Jewelry Tooth|Horn|Member|Fin,False,False
51274,4,2,,6-A - Jewelry Tooth|Horn|Member|Fin,False,False
33121,4,4,,6-A - Box Animal|Animal parts|Accessories,False,False
4491b,4,1,,6-A - Box Animal|Animal parts|Accessories,False,False
28588,4,1,,6-A - Box Animal|Animal parts|Accessories,False,False
30115,4,1,,6-A - Box Animal|Animal parts|Accessories,False,False
30377,4,1,,6-A - Jewelry Robot|Skeleton,False,False
6190,4,3,,6-A - Jewelry Binocular|Camera|Wand|Brush|Ring|Phone,False,False
95343,4,2,,6-A - Jewelry Kitchen Utensils|Medical equipment,False,False
3624,4,2,,6 - Box Minifig parts|Headwear|Minidoll parts|Textile,False,False
35694pr0001,4,1,,6 - Box Minifig parts|Headwear|Minidoll parts|Textile,False,False
3899,4,8,,6-A - Jewelry Kitchen Utensils|Medical equipment,False,False
64728,4,7,,6-A - Jewelry Construction tools|Repair|Handcuffs,False,False
90395,4,1,,6-A - Jewelry Trophy|Book|Laptop|Lantern|Umbrella|Scisors,False,False
4349,4,5,,6-A - Jewelry Tap|Loudspeaker|Radio|Signal,False,False
64647,4,1,,6-A - Jewelry Headwear small|decoration,False,False
33078,4,8,,6-A - Jewelry Bag Food|Produce,False,False
11303,4,2,,6 - Box Minifig parts|Headwear|Minidoll parts|Textile,False,False
86035,4,1,,6 - Box Minifig parts|Headwear|Minidoll parts|Textile,False,False
87694,4,1,,6-A - Jewelry Headwear small|decoration,False,False
87693,4,1,,6-A - Jewelry Headwear small|decoration,False,False
98129,4,1,,6-A - Jewelry Headwear functional,False,False
3833,4,1,,6 - Box Minifig parts|Headwear|Minidoll parts|Textile,False,False
2446,4,2,,6 - Box Minifig parts|Headwear|Minidoll parts|Textile,False,False
30381,4,1,,6 - Box Minifig parts|Headwear|Minidoll parts|Textile,False,False
2527,4,2,,6-A - Bin drawer Projectile|Launcher|Catapult|Canyon|Large sword|Pirate flag,False,False
30275,4,1,,6-A - Bin drawer Projectile|Launcher|Catapult|Canyon|Large sword|Pirate flag,False,False
27145,4,2,,6-A - Jewelry Hipwear,False,False
3838,4,1,,6 - Jewelry Neckwear,False,False
15619,4,1,,6 - Jewelry Neckwear,False,False
30133,4,2,,6 - Jewelry Neckwear,False,False
2526,4,2,,6 - Box Minifig partly completed,False,False
25376,4,2,,6 - Jewelry Neckwear,False,False
20608,4,1,,6 - Jewelry Neckwear,False,False
17356pr0001,4,1,,6-A - Jewelry Recreation|Cleaning|Key,False,False
33051,4,3,,6-A - Jewelry Bag Food|Produce,False,False
22667,4,11,,6-A - Jewelry Bag Food|Produce,False,False
4728,4,1,,6-A - Box Plant|Tree,False,False
98262,4,2,,6-A - Box Plant|Tree,False,False
32606,4,1,,6-A - Box Plant|Tree,False,False
33291,4,22,,6-A - Bin drawer Flower,False,False
24866,4,35,,6-A - Bin drawer Flower,False,False
49668,4,4,,6-A - Box Bag Plate Tooth,False,False
11253,4,5,,6-A - Jewelry Footwear,False,False
4599b,4,5,,6-A - Jewelry Tap|Loudspeaker|Radio|Signal,False,False
92585,4,1,,6-A - Jewelry Construction tools|Repair|Handcuffs,False,False
64727,4,3,,6-A - Jewelry Weapon Spike|Star|Mixed small,False,False
21459,4,2,,6-A - Jewelry Swords,False,False
77151pat0001,4,1,,6 - Box Minifig parts|Headwear|Minidoll parts|Textile,False,False
98133,4,1,,6 - Box Minifig parts|Headwear|Minidoll parts|Textile,False,False
13564,70,4,,6-A - Jewelry Tooth|Horn|Member|Fin,False,False
98313,70,8,,6-A - Jewelry Robot|Skeleton,False,False
61976,70,1,,6 - Jewelry Neckwear,False,False
24324,70,1,,6-A - Jewelry Trophy|Book|Laptop|Lantern|Umbrella|Scisors,False,False
24093,70,1,,6-A - Jewelry Trophy|Book|Laptop|Lantern|Umbrella|Scisors,False,False
4332,70,1,,6-A - Jewelry Recreation|Cleaning|Key,False,False
3836,70,3,,6-A - Jewelry Recreation|Cleaning|Key,False,False
87585,70,8,,6-A - Jewelry Recreation|Cleaning|Key,False,False
93552,70,4,,6-A - Jewelry Binocular|Camera|Wand|Brush|Ring|Phone,False,False
93552pat0003,70,1,,6-A - Jewelry Binocular|Camera|Wand|Brush|Ring|Phone,False,False
93552pat0001,70,2,,6-A - Jewelry Binocular|Camera|Wand|Brush|Ring|Phone,False,False
93552pat0002,70,4,,6-A - Jewelry Binocular|Camera|Wand|Brush|Ring|Phone,False,False
93552pr0003,70,1,,6-A - Jewelry Binocular|Camera|Wand|Brush|Ring|Phone,False,False
93552pr0001,70,1,,6-A - Jewelry Binocular|Camera|Wand|Brush|Ring|Phone,False,False
19141,70,1,,6 - Jewelry Neckwear,False,False
36752a,70,3,,6-A - Jewelry Binocular|Camera|Wand|Brush|Ring|Phone,False,False
88704,70,1,,6-A - Jewelry Trophy|Book|Laptop|Lantern|Umbrella|Scisors,False,False
30171,70,1,,6 - Box Minifig parts|Headwear|Minidoll parts|Textile,False,False
59276,70,1,,6 - Box Minifig parts|Headwear|Minidoll parts|Textile,False,False
2527,70,1,,6-A - Bin drawer Projectile|Launcher|Catapult|Canyon|Large sword|Pirate flag,False,False
15392,70,2,,6-A - Bin drawer Projectile|Launcher|Catapult|Canyon|Large sword|Pirate flag,False,False
15391,70,1,,6-A - Bin drawer Projectile|Launcher|Catapult|Canyon|Large sword|Pirate flag,False,False
30275,70,1,,6-A - Bin drawer Projectile|Launcher|Catapult|Canyon|Large sword|Pirate flag,False,False
88295,70,1,,6 - Jewelry Neckwear,False,False
42446,70,4,,6 - Jewelry Neckwear,False,False
60373,70,1,,6-A - Box Plant|Tree,False,False
33172,70,1,,6-A - Jewelry Bag Food|Produce,False,False
33183,70,17,,6-A - Jewelry Bag Food|Produce,False,False
33291,70,5,,6-A - Bin drawer Flower,False,False
24855,70,2,,6-A - Box Plant|Tree,False,False
95330pr0001,70,1,,6-A - Jewelry Construction tools|Repair|Handcuffs,False,False
18792,70,2,,6-A - Jewelry Shield|Minecraft,False,False
2570,70,1,,6-A - Jewelry Spear|Crossbow|Blades,False,False
2562,70,6,,6-A - Jewelry Weapon|Firearm,False,False
21459,70,1,,6-A - Jewelry Swords,False,False
40384,379,2,,6-A - Box Animal|Animal parts|Accessories,False,False
40379,379,1,,6-A - Jewelry Tooth|Horn|Member|Fin,False,False
40378,379,1,,6-A - Jewelry Tooth|Horn|Member|Fin,False,False
11602pr0003,379,1,,6-A - Box Animal|Animal parts|Accessories,False,False
6128,379,2,,6-A - Box Animal|Animal parts|Accessories,False,False
6127,379,2,,6-A - Box Animal|Animal parts|Accessories,False,False
40396,379,2,,6-A - Box Animal|Animal parts|Accessories,False,False
90540,378,4,,6-A - Jewelry Recreation|Cleaning|Key,False,False
89522,378,1,,6-A - Jewelry Tooth|Horn|Member|Fin,False,False
64644,378,1,,6-A - Jewelry Binocular|Camera|Wand|Brush|Ring|Phone,False,False
90397,378,1,,6-A - Jewelry Surfboard|Snowboard|Umbrella,False,False
53451,19,15,,6-A - Jewelry Tooth|Horn|Member|Fin,False,False
37674pr0002,19,1,,6-A - Box Animal|Animal parts|Accessories,False,False
68445pr0001,19,1,,6-A - Box Animal|Animal parts|Accessories,False,False
68444pr0001,19,1,,6-A - Box Animal|Animal parts|Accessories,False,False
37675pr0002,19,1,,6-A - Box Animal|Animal parts|Accessories,False,False
43892,19,2,,6-A - Jewelry Tooth|Horn|Member|Fin,False,False
30377,19,9,,6-A - Jewelry Robot|Skeleton,False,False
68211,19,1,,6-A - Box Plant|Tree,False,False
11610,19,4,,6-A - Jewelry Bag Food|Produce,False,False
73662pr0001,19,1,,6 - Box Minifig parts|Headwear|Minidoll parts|Textile,False,False
25386,19,3,,6-A - Jewelry Bag Food|Produce,False,False
18962,19,1,,6 - Box Minifig parts|Headwear|Minidoll parts|Textile,False,False
30376,19,3,,6-A - Jewelry Robot|Skeleton,False,False
15084pr0005,19,1,,6 - Box Minifig parts|Headwear|Minidoll parts|Textile,False,False
30378,19,3,,6-A - Jewelry Robot|Skeleton,False,False
49668,19,1,,6-A - Box Bag Plate Tooth,False,False
15208,19,2,,6-A - Box Bag Plate Tooth,False,False
99563,19,1,,6 - Bin drawer Hair|Gold bar|Tassel,False,False
30375,19,2,,6-A - Jewelry Robot|Skeleton,False,False
24482,19,1,,6-A - Jewelry Weapon Spike|Star|Mixed small,False,False
18957pat0002,19,3,,6-A - Jewelry Spear|Crossbow|Blades,False,False
37680pat0001,19,1,,6-A - Jewelry Swords,False,False
15303,35,1,,6-A - Bin drawer Projectile|Launcher|Catapult|Canyon|Large sword|Pirate flag,False,False
30385,35,3,,6-A - Jewelry Rock|Diamond,False,False
30153,35,4,,6-A - Jewelry Rock|Diamond,False,False
22385pr0056,35,1,,6-A - Jewelry Shield|Minecraft,False,False
11439pat0003,35,1,,6-A - Jewelry Spear|Crossbow|Blades,False,False
2447,40,18,6 - Box Minifig partly completed,6-A - Jewelry Headwear functional,False,False
3899,47,5,,6-A - Jewelry Kitchen Utensils|Medical equipment,False,False
2343,47,1,,6-A - Jewelry Kitchen Utensils|Medical equipment,False,False
2447,47,9,,6-A - Jewelry Headwear functional,False,False
18986,47,2,,6 - Jewelry Neckwear,False,False
18663,47,1,,6-A - Jewelry Base|Spinner|Ring,False,False
30153,47,13,,6-A - Jewelry Rock|Diamond,False,False
22385pr0024,47,1,,6-A - Jewelry Shield|Minecraft,False,False
22385pr0008,47,1,,6-A - Jewelry Shield|Minecraft,False,False
22385pr0065,47,1,,6-A - Jewelry Shield|Minecraft,False,False
22385pr0028,47,2,,6-A - Jewelry Shield|Minecraft,False,False
30222,33,2,,6-A - Jewelry Bag Food|Produce,False,False
2447,33,2,,6-A - Jewelry Headwear functional,False,False
22402,33,1,,6 - Jewelry Neckwear,False,False
15303,33,1,,6-A - Bin drawer Projectile|Launcher|Catapult|Canyon|Large sword|Pirate flag,False,False
30153,33,12,,6-A - Jewelry Rock|Diamond,False,False
23860,33,1,,6-A - Jewelry Swords,False,False
3899,45,2,,6-A - Jewelry Kitchen Utensils|Medical equipment,False,False
18854,45,2,,6-A - Jewelry Headwear small|decoration,False,False
30385,45,4,,6-A - Jewelry Rock|Diamond,False,False
30153,45,19,,6-A - Jewelry Rock|Diamond,False,False
15745,45,1,,6-A - Jewelry Recreation|Cleaning|Key,False,False
95228,34,7,,6-A - Jewelry Kitchen Utensils|Medical equipment,False,False
30153,34,6,,6-A - Jewelry Rock|Diamond,False,False
41669,34,2,,6-A - Box Animal|Animal parts|Accessories,False,False
18950,34,1,,6-A - Jewelry Spear|Crossbow|Blades,False,False
11439pat0003,34,1,,6-A - Jewelry Spear|Crossbow|Blades,False,False
24093pr9999,41,1,,6-A - Jewelry Trophy|Book|Laptop|Lantern|Umbrella|Scisors,False,False
16770,41,1,,6-A - Box Animal|Animal parts|Accessories,False,False
64647,41,4,,6-A - Jewelry Headwear small|decoration,False,False
18868c00,41,3,,6-A - Jewelry Base|Spinner|Ring,False,False
41805,41,1,,6 - Box Minifig partly completed,False,False
30090,41,3,,6-A - Jewelry Headwear functional,False,False
49668,41,1,,6-A - Box Bag Plate Tooth,False,False
11127,41,2,,6-A - Jewelry Rock|Diamond,False,False
30153,41,1,,6-A - Jewelry Rock|Diamond,False,False
30294,41,1,,6-A - Jewelry Rock|Diamond,False,False
30293,41,1,,6-A - Jewelry Rock|Diamond,False,False
15745,41,2,,6-A - Jewelry Recreation|Cleaning|Key,False,False
3069bpr9982,41,1,,6-A - Jewelry Trophy|Book|Laptop|Lantern|Umbrella|Scisors,False,False
11601,41,1,,6-A - Jewelry Construction tools|Repair|Handcuffs,False,False
6126b,41,6,,6-A - Jewelry Flame|Wave|Candle,False,False
27256,41,1,,6-A - Jewelry Flame|Wave|Candle,False,False
53454,41,1,,6-A - Jewelry Spear|Crossbow|Blades,False,False
98856,41,1,,6-A - Bin drawer Projectile|Launcher|Catapult|Canyon|Large sword|Pirate flag,False,False
36083b,41,1,,6-A - Jewelry Spider Webs,False,False
36083e,41,1,,6-A - Jewelry Spider Webs,False,False
36083a,41,2,,6-A - Jewelry Spider Webs,False,False
36083c,41,1,,6-A - Jewelry Spider Webs,False,False
36083d,41,1,,6-A - Jewelry Spider Webs,False,False
36083f,41,2,,6-A - Jewelry Spider Webs,False,False
30385,143,2,,6-A - Jewelry Rock|Diamond,False,False
6124,42,2,,6-A - Jewelry Binocular|Camera|Wand|Brush|Ring|Phone,False,False
30222,42,2,,6-A - Jewelry Bag Food|Produce,False,False
30238,42,1,,6-A - Box Animal|Animal parts|Accessories,False,False
30153,42,3,,6-A - Jewelry Rock|Diamond,False,False
41669,42,2,,6-A - Box Animal|Animal parts|Accessories,False,False
19858pat0002,42,3,,6-A - Jewelry Spear|Crossbow|Blades,False,False
11439,42,2,,6-A - Jewelry Spear|Crossbow|Blades,False,False
64647,57,2,,6-A - Jewelry Headwear small|decoration,False,False
15303,57,2,,6-A - Bin drawer Projectile|Launcher|Catapult|Canyon|Large sword|Pirate flag,False,False
41669,57,2,,6-A - Box Animal|Animal parts|Accessories,False,False
6126a,57,1,,6-A - Jewelry Flame|Wave|Candle,False,False
22407,57,1,,6-A - Jewelry Spear|Crossbow|Blades,False,False
27257,57,1,,6-A - Jewelry Weapon Spike|Star|Mixed small,False,False
16770,182,2,,6-A - Box Animal|Animal parts|Accessories,False,False
64647,182,27,,6-A - Jewelry Headwear small|decoration,False,False
49668,182,1,,6-A - Box Bag Plate Tooth,False,False
19020,182,1,,6-A - Bin drawer Projectile|Launcher|Catapult|Canyon|Large sword|Pirate flag,False,False
15303,182,1,,6-A - Bin drawer Projectile|Launcher|Catapult|Canyon|Large sword|Pirate flag,False,False
30294,182,1,,6-A - Jewelry Rock|Diamond,False,False
23447,182,1,,6-A - Jewelry Rock|Diamond,False,False
6126b,182,8,,6-A - Jewelry Flame|Wave|Candle,False,False
37775,182,25,,6-A - Jewelry Flame|Wave|Candle,False,False
18854,52,6,,6-A - Jewelry Headwear small|decoration,False,False
36451a,52,4,,6-A - Jewelry Rock|Diamond,False,False
30153,52,4,,6-A - Jewelry Rock|Diamond,False,False
76764,52,1,,6-A - Jewelry Swords,False,False
16768pat0001,36,2,,6-A - Jewelry Flame|Wave|Candle,False,False
29223,36,1,,6-A - Jewelry Headwear small|decoration,False,False
2447,36,1,,6-A - Jewelry Headwear functional,False,False
15303,36,4,,6-A - Bin drawer Projectile|Launcher|Catapult|Canyon|Large sword|Pirate flag,False,False
30385,36,1,,6-A - Jewelry Rock|Diamond,False,False
30153,36,13,,6-A - Jewelry Rock|Diamond,False,False
22385pr0009,36,1,,6-A - Jewelry Shield|Minecraft,False,False
22385pr0064,36,1,,6-A - Jewelry Shield|Minecraft,False,False
85959pat0003,36,2,,6-A - Jewelry Flame|Wave|Candle,False,False
18394pat0001,36,3,,6-A - Jewelry Flame|Wave|Candle,False,False
27393,36,1,,6-A - Jewelry Headwear small|decoration,False,False
53454,36,1,,6-A - Jewelry Spear|Crossbow|Blades,False,False
33122,46,1,,6-A - Box Animal|Animal parts|Accessories,False,False
30153,46,8,,6-A - Jewelry Rock|Diamond,False,False
22385pr0059,46,1,,6-A - Jewelry Shield|Minecraft,False,False
27256,46,2,,6-A - Jewelry Flame|Wave|Candle,False,False
11439pat0001,46,2,,6-A - Jewelry Spear|Crossbow|Blades,False,False
92084pr0003,15,1,,6-A - Box Animal|Animal parts|Accessories,False,False
41835pr0001,15,1,,6-A - Box Animal|Animal parts|Accessories,False,False
11089,15,2,,6-A - Jewelry Tooth|Horn|Member|Fin,False,False
87747,15,14,,6-A - Jewelry Tooth|Horn|Member|Fin,False,False
53451,15,38,,6-A - Jewelry Tooth|Horn|Member|Fin,False,False
92691,15,6,,6-A - Jewelry Bag Food|Produce,False,False
93160,15,15,,6-A - Jewelry Bag Food|Produce,False,False
64847,15,1,,6-A - Jewelry Tooth|Horn|Member|Fin,False,False
13564,15,4,,6-A - Jewelry Tooth|Horn|Member|Fin,False,False
40379,15,13,,6-A - Jewelry Tooth|Horn|Member|Fin,False,False
95342pr0001,15,1,,6-A - Box Animal|Animal parts|Accessories,False,False
18866,15,1,,6-A - Box Animal|Animal parts|Accessories,False,False
11100,15,1,,6-A - Box Animal|Animal parts|Accessories,False,False
92586,15,1,,6-A - Box Animal|Animal parts|Accessories,False,False
92586pr0003,15,1,,6-A - Box Animal|Animal parts|Accessories,False,False
16606pat0003,15,2,,6-A - Box Animal|Animal parts|Accessories,False,False
69901pr0001,15,1,,6-A - Box Animal|Animal parts|Accessories,False,False
93088pr0003,15,1,,6-A - Box Animal|Animal parts|Accessories,False,False
6228b,15,1,,6-A - Box Animal|Animal parts|Accessories,False,False
82445pr0002,15,1,,6-A - Box Animal|Animal parts|Accessories,False,False
59230,15,10,,6-A - Jewelry Robot|Skeleton,False,False
30377,15,5,,6-A - Jewelry Robot|Skeleton,False,False
98313,15,1,,6-A - Jewelry Robot|Skeleton,False,False
53989,15,4,,6-A - Jewelry Robot|Skeleton,False,False
93609,15,1,,6-A - Jewelry Robot|Skeleton,False,False
93061,15,1,,6-A - Jewelry Robot|Skeleton,False,False
10169,15,1,,6-A - Jewelry Trophy|Book|Laptop|Lantern|Umbrella|Scisors,False,False
24324,15,1,,6-A - Jewelry Trophy|Book|Laptop|Lantern|Umbrella|Scisors,False,False
30367apr0001,15,1,,6-A - Jewelry Robot|Skeleton,False,False
30361cpr0020,15,1,,6-A - Jewelry Robot|Skeleton,False,False
3557pr0001,15,1,,6 - Box Minifig parts|Headwear|Minidoll parts|Textile,False,False
89522,15,1,,6-A - Jewelry Tooth|Horn|Member|Fin,False,False
59228,15,3,,6-A - Box Animal|Animal parts|Accessories,False,False
39262,15,4,,6 - Box Minifig parts|Headwear|Minidoll parts|Textile,False,False
25892,15,1,,6-A - Jewelry Recreation|Cleaning|Key,False,False
37762,15,1,,6-A - Jewelry Flame|Wave|Candle,False,False
3899,15,6,,6-A - Jewelry Kitchen Utensils|Medical equipment,False,False
38014,15,8,,6-A - Jewelry Kitchen Utensils|Medical equipment,False,False
38799,15,2,,6-A - Jewelry Kitchen Utensils|Medical equipment,False,False
15496,15,2,,6-A - Jewelry Kitchen Utensils|Medical equipment,False,False
79741,15,1,,6-A - Jewelry Kitchen Utensils|Medical equipment,False,False
34172,15,2,,6-A - Jewelry Kitchen Utensils|Medical equipment,False,False
30340,15,1,,6-A - Jewelry Trophy|Book|Laptop|Lantern|Umbrella|Scisors,False,False
30924,15,2,,6-A - Jewelry Kitchen Utensils|Medical equipment,False,False
3900,15,9,,6-A - Jewelry Tap|Loudspeaker|Radio|Signal,False,False
4714,15,1,,6-A - Jewelry Base|Spinner|Ring,False,False
23986,15,4,,6-A - Jewelry Kitchen Utensils|Medical equipment,False,False
64644,15,6,,6-A - Jewelry Binocular|Camera|Wand|Brush|Ring|Phone,False,False
36752a,15,1,,6-A - Jewelry Binocular|Camera|Wand|Brush|Ring|Phone,False,False
4349,15,1,,6-A - Jewelry Tap|Loudspeaker|Radio|Signal,False,False
64647,15,4,,6-A - Jewelry Headwear small|decoration,False,False
33125,15,1,,6-A - Jewelry Bag Food|Produce,False,False
24946,15,5,,6-A - Jewelry Bag Food|Produce,False,False
6254,15,2,,6-A - Jewelry Bag Food|Produce,False,False
4485,15,1,,6 - Box Minifig parts|Headwear|Minidoll parts|Textile,False,False
86035,15,2,,6 - Box Minifig parts|Headwear|Minidoll parts|Textile,False,False
3898,15,2,,6 - Box Minifig parts|Headwear|Minidoll parts|Textile,False,False
30171,15,1,,6 - Box Minifig parts|Headwear|Minidoll parts|Textile,False,False
2528pr0014,15,1,,6 - Box Minifig parts|Headwear|Minidoll parts|Textile,False,False
30172,15,1,,6 - Box Minifig partly completed,False,False
87693,15,2,,6-A - Jewelry Headwear small|decoration,False,False
98129,15,1,,6-A - Jewelry Headwear functional,False,False
46304,15,1,,6-A - Jewelry Headwear functional,False,False
24496pat0004pr0001,15,1,,6 - Box Minifig parts|Headwear|Minidoll parts|Textile,False,False
15308pr0001,15,2,6 - Box Minifig partly completed,6 - Box Minifig parts|Headwear|Minidoll parts|Textile,False,False
61189pr0007,15,1,,6 - Box Minifig parts|Headwear|Minidoll parts|Textile,False,False
61189pr0003,15,1,,6 - Box Minifig parts|Headwear|Minidoll parts|Textile,False,False
50995pr0004,15,1,,6 - Box Minifig parts|Headwear|Minidoll parts|Textile,False,False
3833,15,3,6 - Box Minifig partly completed,6 - Box Minifig parts|Headwear|Minidoll parts|Textile,False,False
3834,15,2,,6 - Box Minifig parts|Headwear|Minidoll parts|Textile,False,False
57900,15,1,,6 - Box Minifig parts|Headwear|Minidoll parts|Textile,False,False
61182,15,2,,6 - Box Minifig parts|Headwear|Minidoll parts|Textile,False,False
2446,15,1,,6 - Box Minifig parts|Headwear|Minidoll parts|Textile,False,False
30408pr0011,15,1,,6 - Box Minifig partly completed,False,False
30408pr0002,15,1,,6 - Box Minifig parts|Headwear|Minidoll parts|Textile,False,False
90981,15,1,,6-A - Jewelry Spider Webs,False,False
15391,15,3,,6-A - Bin drawer Projectile|Launcher|Catapult|Canyon|Large sword|Pirate flag,False,False
30362,15,2,,6-A - Jewelry Robot|Skeleton,False,False
6266,15,9,,6-A - Jewelry Robot|Skeleton,False,False
93062c01,15,1,,6-A - Jewelry Robot|Skeleton,False,False
16659pr0002,15,1,,6 - Box Minifig parts|Headwear|Minidoll parts|Textile,False,False
24217,15,1,,6 - Box Minifig partly completed,False,False
6023,15,1,,6 - Jewelry Neckwear,False,False
24866,15,11,,6-A - Bin drawer Flower,False,False
18853,15,1,,6-A - Jewelry Headwear small|decoration,False,False
2423,15,1,,6-A - Box Plant|Tree,False,False
49668,15,9,,6-A - Box Bag Plate Tooth,False,False
15070,15,15,,6-A - Box Bag Plate Tooth,False,False
15208,15,11,,6-A - Box Bag Plate Tooth,False,False
64000,15,3,,6-A - Jewelry Recreation|Cleaning|Key,False,False
6120,15,4,,6-A - Jewelry Footwear,False,False
4599b,15,7,,6-A - Jewelry Tap|Loudspeaker|Radio|Signal,False,False
69c01,15,1,,6-A - Jewelry Grooming,False,False
3070bpr0165,15,1,,6 - Box Minifig partly completed,False,False
99563,15,1,,6 - Bin drawer Hair|Gold bar|Tassel,False,False
15209,15,4,,6-A - Box Bag Plate Tooth,False,False
30375,15,3,,6-A - Jewelry Robot|Skeleton,False,False
64567,15,1,,6-A - Jewelry Lightsaber,False,False
24482,15,2,,6-A - Jewelry Weapon Spike|Star|Mixed small,False,False
23984,15,5,,6-A - Jewelry Swords,False,False
23985,15,1,,6-A - Jewelry Weapon Spike|Star|Mixed small,False,False
65272pat0001,15,2,,6-A - Jewelry Swords,False,False
25895,15,1,,6-A - Jewelry Spider Webs,False,False
36083b,15,1,,6-A - Jewelry Spider Webs,False,False
36083e,15,1,,6-A - Jewelry Spider Webs,False,False
36083a,15,2,,6-A - Jewelry Spider Webs,False,False
36083c,15,1,,6-A - Jewelry Spider Webs,False,False
36083d,15,1,,6-A - Jewelry Spider Webs,False,False
36083f,15,1,,6-A - Jewelry Spider Webs,False,False
30177,15,1,,6 - Box Minifig parts|Headwear|Minidoll parts|Textile,False,False
49661pr0001,14,1,,6-A - Box Animal|Animal parts|Accessories,False,False
27062pat0002,14,2,,6-A - Box Animal|Animal parts|Accessories,False,False
2397,14,1,,6-A - Box Animal|Animal parts|Accessories,False,False
27266,14,1,,6-A - Box Plant|Tree,False,False
3899,14,11,,6-A - Jewelry Kitchen Utensils|Medical equipment,False,False
6256,14,1,,6-A - Jewelry Kitchen Utensils|Medical equipment,False,False
31990,14,2,,6-A - Jewelry Recreation|Cleaning|Key,False,False
50665,14,1,,6 - Box Minifig parts|Headwear|Minidoll parts|Textile,False,False
3842a,14,1,,6 - Box Minifig partly completed,False,False
2446,14,1,,6 - Box Minifig parts|Headwear|Minidoll parts|Textile,False,False
18587,14,2,,6-A - Bin drawer Projectile|Launcher|Catapult|Canyon|Large sword|Pirate flag,False,False
27145,14,1,,6 - Box Minifig partly completed,False,False
3838,14,2,,6 - Box Minifig partly completed,False,False
97895,14,3,6 - Box Minifig partly completed,6 - Jewelry Neckwear,False,False
2610,14,1,,6 - Jewelry Neckwear,False,False
upn0243pr0002,14,1,,6 - Box Minifig parts|Headwear|Minidoll parts|Textile,False,False
33085,14,5,,6-A - Jewelry Bag Food|Produce,False,False
98262,14,3,,6-A - Box Plant|Tree,False,False
24866,14,21,,6-A - Bin drawer Flower,False,False
32607,14,3,,6-A - Box Plant|Tree,False,False
39611,14,1,,6-A - Box Plant|Tree,False,False
54568,14,1,,6-A - Jewelry Headwear small|decoration,False,False
30385,14,1,,6-A - Jewelry Rock|Diamond,False,False
90397pr0005,14,1,,6-A - Jewelry Surfboard|Snowboard|Umbrella,False,False
4599b,14,21,,6-A - Jewelry Tap|Loudspeaker|Radio|Signal,False,False
3959,14,1,,6-A - Jewelry Tap|Loudspeaker|Radio|Signal,False,False
53451,158,13,,6-A - Jewelry Tooth|Horn|Member|Fin,False,False
49576pr0001,158,3,,6-A - Box Animal|Animal parts|Accessories,False,False
15064,158,3,,6-A - Jewelry Tooth|Horn|Member|Fin,False,False
15208,158,1,,6-A - Box Bag Plate Tooth,False,False
98141,158,1,,6-A - Jewelry Spear|Crossbow|Blades,False,False
21459,158,7,,6-A - Jewelry Swords,False,False
