Part,Color,Quantity,Notes,Location,IsUsed,IsStickered
13731,0,2,,3-1 - Box Bricks Curved large,False,False
49307,0,3,,3-1 - Bin drawer Curved top small|half-circle|curved inverted 1x4,False,False
6091,0,73,,3-1 - Bin drawer Curved 1x2|Arch inverted,False,False
78666,0,7,,3-1 - Bin drawer Curved 1x2|Arch inverted,False,False
30165,0,1,,3-1 - Bin drawer Top studs,False,False
47457,0,1,,3-1 - Bin drawer Lip|Curved end,False,False
6215,0,4,,3-1 - Box Bricks Curved large,False,False
42022,0,3,,3-1 - Box Bricks Curved large,False,False
42023,0,1,,3-1 - Box Bricks Curved large,False,False
3062b,0,42,,3-1 - Bin drawer Round 1x1|Fins,False,False
3062a,0,1,,3-1 - Bin drawer Round 1x1|Fins,False,False
30367b,0,1,,3-1 - Bin drawer Domes|Sphere,False,False
30367c,0,1,,3-1 - Bin drawer Domes|Sphere,False,False
92947,0,6,,3-1 - Box Brick Round|Corner,False,False
98100,0,2,,3-1 - Bin drawer Cones,False,False
3941,0,9,,3-1 - Box Brick Round|Corner,False,False
87081,0,2,,3-1 - Box Brick Round|Corner,False,False
85080,0,4,,3-1 - Box Brick Round|Corner,False,False
88293,0,1,,3-1 - Box Dishes|Cones|Corner large,False,False
2577,0,1,,3-1 - Box Brick Round|Corner,False,False
4589,0,6,,3-1 - Bin drawer Cones,False,False
59900,0,20,,3-1 - Bin drawer Cones,False,False
3942c,0,3,,3-1 - Box Dishes|Cones|Corner large,False,False
6233,0,2,,3-1 - Box Dishes|Cones|Corner large,False,False
3943b,0,1,,3-1 - Box Dishes|Cones|Corner large,False,False
4740,0,9,,3-1 - Bin drawer Dish,False,False
43898,0,2,,3-1 - Box Dishes|Cones|Corner large,False,False
3960,0,1,,3-1 - Box Dishes|Cones|Corner large,False,False
65138,0,1,,3-1 - Box Dishes|Cones|Corner large,False,False
44375b,0,1,,3-1 - Box Dishes|Cones|Corner large,False,False
85861,0,39,,3-1 - Bin drawer Hole|Swirled|Star|Poo|Heart,False,False
6141,0,111,,3-1 - Bin drawer Plate round 1x1 & 2x2,False,False
4032a,0,31,,3-1 - Bin drawer Plate round 1x1 & 2x2,False,False
4032b,0,5,,3-1 - Bin drawer Plate round 1x1 & 2x2,False,False
2654,0,36,,3-1 - Bin drawer Round inverted 2x2,False,False
11833,0,3,,3-1 - Box Plates round 3x3|4x4,False,False
60474,0,4,,3-1 - Box Plates round 3x3|4x4,False,False
11213,0,1,,3-1 - Box Plates round 6x6|8x8,False,False
30357,0,5,,3-1 - Box Plates round 3x3|4x4,False,False
30565,0,2,,3-1 - Box Plates round 3x3|4x4,False,False
18980,0,3,,3-1 - Box Plates round 6x6|8x8,False,False
22888,0,1,,3-1 - Box Plates round 6x6|8x8,False,False
35480,0,25,,3-1 - Bin drawer Wedges|Round ends,False,False
3176,0,9,,3-1 - Bin drawer Rounded end 3x2,False,False
35044,0,2,,3-1 - Box Plates round 3x3|4x4,False,False
6177b,0,1,,3-1 - Box Plates round 6x6|8x8,False,False
88930,0,2,,3-1 - Bin drawer Curved 3x2|4x2|2x4,False,False
24201,0,4,,3-1 - Bin drawer Curved Inverted 2x1|2x2,False,False
11477,0,38,,3-1 - Box Curved 2x1|2x2,False,False
29120,0,4,,3-1 - Bin drawer Wedges|Round ends,False,False
29119,0,4,,3-1 - Bin drawer Wedges|Round ends,False,False
30602,0,4,,3-1 - Bin drawer Lip|Curved end,False,False
66956,0,3,,3-1 - Bin drawer Wedges|Round ends,False,False
15068,0,9,,3-1 - Box Curved 2x1|2x2,False,False
32803,0,9,,3-1 - Bin drawer Curved Inverted 2x1|2x2,False,False
15068pr0055,0,1,,3-1 - Box Curved 2x1|2x2,False,False
50950,0,19,,3-1 - Bin drawer Curved 3x1|4x1,False,False
24309,0,1,,3-1 - Bin drawer Curved 3x2|4x2|2x4,False,False
93273,0,17,,3-1 - Bin drawer Curved double 4x1,False,False
13547,0,4,,3-1 - Bin drawer Curved top small|half-circle|curved inverted 1x4,False,False
11153,0,5,,3-1 - Bin drawer Curved 3x1|4x1,False,False
93606,0,5,,3-1 - Bin drawer Curved 3x2|4x2|2x4,False,False
24246pr0034,0,1,,3-1 - Bin drawer Tiles Rounded|Circle,False,False
27925,0,6,,3-1 - Bin drawer Tiles corner,False,False
98138,0,19,,3-1 - Bin drawer Tiles 1x1 & 2x2,False,False
24246,0,26,,3-1 - Bin drawer Tiles Rounded|Circle,False,False
25269,0,46,,3-1 - Bin drawer Tiles Rounded|Circle,False,False
98138pr0060,0,4,,3-1 - Bin drawer Tiles printed,False,False
98138pr0045,0,1,,3-1 - Bin drawer Tiles printed,False,False
98138pr0107,0,8,,3-1 - Bin drawer Tiles printed,False,False
1748,0,1,,3-1 - Bin drawer Tiles Rounded|Circle,False,False
4150,0,2,,3-1 - Bin drawer Tiles 1x1 & 2x2,False,False
14769,0,5,,3-1 - Bin drawer Tiles 1x1 & 2x2,False,False
15535,0,1,,3-1 - Bin drawer Tiles 1x1 & 2x2,False,False
41748,0,1,,3-1 - Box bag Wedges large,False,False
41747,0,2,,3-1 - Box bag Wedges large,False,False
41765,0,1,,3-1 - Box bag Wedges large,False,False
41764,0,1,,3-1 - Box bag Wedges large,False,False
43713,0,1,,3-1 - Bin drawer Curved wedge 4x|inverted,False,False
6091,1,1,,3-1 - Bin drawer Curved 1x2|Arch inverted,False,False
6191,1,1,,3-1 - Bin drawer Brick curved 1x2|1x4|2x4,False,False
30165,1,4,,3-1 - Bin drawer Top studs,False,False
47457,1,2,,3-1 - Bin drawer Lip|Curved end,False,False
6215,1,4,,3-1 - Box Bricks Curved large,False,False
3062b,1,8,,3-1 - Bin drawer Round 1x1|Fins,False,False
85080,1,8,,3-1 - Box Brick Round|Corner,False,False
59900,1,5,,3-1 - Bin drawer Cones,False,False
3942c,1,1,,3-1 - Box Dishes|Cones|Corner large,False,False
4740,1,1,,3-1 - Bin drawer Dish,False,False
43898,1,1,,3-1 - Box Dishes|Cones|Corner large,False,False
6141,1,52,,3-1 - Bin drawer Plate round 1x1 & 2x2,False,False
4032a,1,13,,3-1 - Bin drawer Plate round 1x1 & 2x2,False,False
2654,1,8,,3-1 - Bin drawer Round inverted 2x2,False,False
66789,1,1,,3-1 - Box Plates round 6x6|8x8,False,False
3176,1,2,,3-1 - Bin drawer Rounded end 3x2,False,False
88930,1,2,,3-1 - Bin drawer Curved 3x2|4x2|2x4,False,False
11477,1,8,,3-1 - Box Curved 2x1|2x2,False,False
29119,1,1,,3-1 - Bin drawer Wedges|Round ends,False,False
30602pr0004,1,1,,3-1 - Bin drawer Lip|Curved end,False,False
15068,1,4,,3-1 - Box Curved 2x1|2x2,False,False
50950,1,1,,3-1 - Bin drawer Curved 3x1|4x1,False,False
93273,1,5,,3-1 - Bin drawer Curved double 4x1,False,False
98138,1,9,,3-1 - Bin drawer Tiles 1x1 & 2x2,False,False
24246,1,1,,3-1 - Bin drawer Tiles Rounded|Circle,False,False
25269,1,7,,3-1 - Bin drawer Tiles Rounded|Circle,False,False
41948,10,2,,3-1 - Box Plates round 6x6|8x8,False,False
6141,10,8,,3-1 - Bin drawer Plate round 1x1 & 2x2,False,False
4032a,10,1,,3-1 - Bin drawer Plate round 1x1 & 2x2,False,False
66792,10,1,,3-1 - Box Plates round 3x3|4x4,False,False
98138,10,3,,3-1 - Bin drawer Tiles 1x1 & 2x2,False,False
25269,10,3,,3-1 - Bin drawer Tiles Rounded|Circle,False,False
25269,212,5,,3-1 - Bin drawer Tiles Rounded|Circle,False,False
13731,191,1,,3-1 - Box Bricks Curved large,False,False
6091,191,7,,3-1 - Bin drawer Curved 1x2|Arch inverted,False,False
37352,191,6,,3-1 - Bin drawer Brick curved 1x2|1x4|2x4,False,False
3960,191,1,,3-1 - Box Dishes|Cones|Corner large,False,False
3961pr0003,191,2,,3-1 - Box Dishes|Cones|Corner large,False,False
6141,191,1,,3-1 - Bin drawer Plate round 1x1 & 2x2,False,False
60474,191,8,,3-1 - Box Plates round 3x3|4x4,False,False
30357,191,4,,3-1 - Box Plates round 3x3|4x4,False,False
3176,191,2,,3-1 - Bin drawer Rounded end 3x2,False,False
24201,191,4,,3-1 - Bin drawer Curved Inverted 2x1|2x2,False,False
11477,191,1,,3-1 - Box Curved 2x1|2x2,False,False
66956,191,8,,3-1 - Bin drawer Wedges|Round ends,False,False
15068,191,6,,3-1 - Box Curved 2x1|2x2,False,False
50950,191,6,,3-1 - Bin drawer Curved 3x1|4x1,False,False
93273,191,4,,3-1 - Bin drawer Curved double 4x1,False,False
11153,191,6,,3-1 - Bin drawer Curved 3x1|4x1,False,False
27507,191,3,,3-1 - Bin drawer Tiles corner,False,False
98138,191,8,,3-1 - Bin drawer Tiles 1x1 & 2x2,False,False
24246,191,5,,3-1 - Bin drawer Tiles Rounded|Circle,False,False
25269,191,29,,3-1 - Bin drawer Tiles Rounded|Circle,False,False
98138pr0271,191,1,,3-1 - Bin drawer Tiles printed,False,False
14769,191,1,,3-1 - Bin drawer Tiles 1x1 & 2x2,False,False
11609,191,10,,3-1 - Bin drawer Hole|Swirled|Star|Poo|Heart,False,False
6091,226,4,,3-1 - Bin drawer Curved 1x2|Arch inverted,False,False
6141,226,3,,3-1 - Bin drawer Plate round 1x1 & 2x2,False,False
15068,226,6,,3-1 - Box Curved 2x1|2x2,False,False
93273,226,2,,3-1 - Bin drawer Curved double 4x1,False,False
98138,226,1,,3-1 - Bin drawer Tiles 1x1 & 2x2,False,False
24246,226,5,,3-1 - Bin drawer Tiles Rounded|Circle,False,False
25269,226,10,,3-1 - Bin drawer Tiles Rounded|Circle,False,False
10314,29,2,,3-1 - Bin drawer Brick curved 1x2|1x4|2x4,False,False
6191,29,2,,3-1 - Bin drawer Brick curved 1x2|1x4|2x4,False,False
3062b,29,1,,3-1 - Bin drawer Round 1x1|Fins,False,False
59900,29,2,,3-1 - Bin drawer Cones,False,False
15470,29,19,,3-1 - Bin drawer Hole|Swirled|Star|Poo|Heart,False,False
6141,29,41,,3-1 - Bin drawer Plate round 1x1 & 2x2,False,False
30357,29,8,,3-1 - Box Plates round 3x3|4x4,False,False
24201,29,2,,3-1 - Bin drawer Curved Inverted 2x1|2x2,False,False
15068,29,1,,3-1 - Box Curved 2x1|2x2,False,False
50950,29,2,,3-1 - Bin drawer Curved 3x1|4x1,False,False
39739,29,7,,3-1 - Bin drawer Hole|Swirled|Star|Poo|Heart,False,False
27925,29,4,,3-1 - Bin drawer Tiles corner,False,False
98138,29,14,,3-1 - Bin drawer Tiles 1x1 & 2x2,False,False
25269,29,2,,3-1 - Bin drawer Tiles Rounded|Circle,False,False
98138pr0017,29,9,,3-1 - Bin drawer Tiles printed,False,False
4150,29,1,,3-1 - Bin drawer Tiles 1x1 & 2x2,False,False
14769,29,1,,3-1 - Bin drawer Tiles 1x1 & 2x2,False,False
4740,383,1,,0 - Color Table,False,False
30367b,134,1,,0 - Color Table,False,False
37352,1050,6,,3-1 - Bin drawer Brick curved 1x2|1x4|2x4,False,False
85080,1050,2,,3-1 - Box Brick Round|Corner,False,False
11477,1050,4,,3-1 - Box Curved 2x1|2x2,False,False
27925,1050,4,,3-1 - Bin drawer Tiles corner,False,False
25269,1050,42,,3-1 - Bin drawer Tiles Rounded|Circle,False,False
6091,321,4,,3-1 - Bin drawer Curved 1x2|Arch inverted,False,False
30357,321,1,,3-1 - Box Plates round 3x3|4x4,False,False
11477,321,8,,3-1 - Box Curved 2x1|2x2,False,False
15068,321,4,,3-1 - Box Curved 2x1|2x2,False,False
24246,321,1,,3-1 - Bin drawer Tiles Rounded|Circle,False,False
25269,321,5,,3-1 - Bin drawer Tiles Rounded|Circle,False,False
33243,272,1,,3-1 - Bin drawer Top studs,False,False
3062b,272,6,,3-1 - Bin drawer Round 1x1|Fins,False,False
3941,272,2,,3-1 - Box Brick Round|Corner,False,False
6233,272,1,,3-1 - Box Dishes|Cones|Corner large,False,False
3960,272,1,,3-1 - Box Dishes|Cones|Corner large,False,False
6141,272,6,,3-1 - Bin drawer Plate round 1x1 & 2x2,False,False
11833,272,2,,3-1 - Box Plates round 3x3|4x4,False,False
30357,272,8,,3-1 - Box Plates round 3x3|4x4,False,False
30565,272,1,,3-1 - Box Plates round 3x3|4x4,False,False
35480,272,8,,3-1 - Bin drawer Wedges|Round ends,False,False
11477,272,19,,3-1 - Box Curved 2x1|2x2,False,False
11477pr0014,272,2,,3-1 - Box Curved 2x1|2x2,False,False
30602,272,1,,3-1 - Bin drawer Lip|Curved end,False,False
15068,272,8,,3-1 - Box Curved 2x1|2x2,False,False
50950,272,8,,3-1 - Bin drawer Curved 3x1|4x1,False,False
93273,272,3,,3-1 - Bin drawer Curved double 4x1,False,False
11153,272,3,,3-1 - Bin drawer Curved 3x1|4x1,False,False
98138,272,1,,3-1 - Bin drawer Tiles 1x1 & 2x2,False,False
25269,272,11,,3-1 - Bin drawer Tiles Rounded|Circle,False,False
64225,272,1,,3-1 - Bin drawer Curved wedge 4x|inverted,False,False
47753,272,3,,3-1 - Bin drawer Curved wedge 4x|inverted,False,False
43712,272,2,,3-1 - Bin drawer Curved wedge 4x|inverted,False,False
85970,72,1,,3-1 - Box Bricks Curved large,False,False
13731,72,2,,3-1 - Box Bricks Curved large,False,False
6091,72,15,,3-1 - Bin drawer Curved 1x2|Arch inverted,False,False
30165,72,1,,3-1 - Bin drawer Top studs,False,False
47457,72,4,,3-1 - Bin drawer Lip|Curved end,False,False
6192b,72,3,,3-1 - Bin drawer Brick curved 1x2|1x4|2x4,False,False
42022,72,5,,3-1 - Box Bricks Curved large,False,False
42023,72,10,,3-1 - Box Bricks Curved large,False,False
44126,72,1,,3-1 - Box Bricks Curved large,False,False
3062b,72,20,,3-1 - Bin drawer Round 1x1|Fins,False,False
4588,72,10,,3-1 - Bin drawer Round 1x1|Fins,False,False
30367c,72,1,,3-1 - Bin drawer Domes|Sphere,False,False
3941,72,6,,3-1 - Box Brick Round|Corner,False,False
6222,72,3,,3-1 - Box Brick Round|Corner,False,False
95188,72,4,,3-1 - Box Dishes|Cones|Corner large,False,False
59900,72,19,,3-1 - Bin drawer Cones,False,False
3942c,72,1,,3-1 - Box Dishes|Cones|Corner large,False,False
3943b,72,2,,3-1 - Box Dishes|Cones|Corner large,False,False
4742,72,3,,3-1 - Box Dishes|Cones|Corner large,False,False
4740,72,8,,3-1 - Bin drawer Dish,False,False
43898,72,6,,3-1 - Box Dishes|Cones|Corner large,False,False
3960,72,2,,3-1 - Box Dishes|Cones|Corner large,False,False
4285b,72,1,,3-1 - Box Dishes|Cones|Corner large,False,False
85861,72,8,,3-1 - Bin drawer Hole|Swirled|Star|Poo|Heart,False,False
6141,72,78,,3-1 - Bin drawer Plate round 1x1 & 2x2,False,False
4032a,72,32,,3-1 - Bin drawer Plate round 1x1 & 2x2,False,False
4032b,72,2,,3-1 - Bin drawer Plate round 1x1 & 2x2,False,False
2654,72,22,,3-1 - Bin drawer Round inverted 2x2,False,False
60474,72,4,,3-1 - Box Plates round 3x3|4x4,False,False
30357,72,3,,3-1 - Box Plates round 3x3|4x4,False,False
30565,72,10,,3-1 - Box Plates round 3x3|4x4,False,False
6003,72,1,,3-1 - Box Plates round 6x6|8x8,False,False
18980,72,1,,3-1 - Box Plates round 6x6|8x8,False,False
35480,72,8,,3-1 - Bin drawer Wedges|Round ends,False,False
3176,72,5,,3-1 - Bin drawer Rounded end 3x2,False,False
24201,72,7,,3-1 - Bin drawer Curved Inverted 2x1|2x2,False,False
11477,72,16,,3-1 - Box Curved 2x1|2x2,False,False
29120,72,1,,3-1 - Bin drawer Wedges|Round ends,False,False
29119,72,1,,3-1 - Bin drawer Wedges|Round ends,False,False
30602,72,1,,3-1 - Bin drawer Lip|Curved end,False,False
15068,72,7,,3-1 - Box Curved 2x1|2x2,False,False
50950,72,15,,3-1 - Bin drawer Curved 3x1|4x1,False,False
93273,72,9,,3-1 - Bin drawer Curved double 4x1,False,False
93606,72,1,,3-1 - Bin drawer Curved 3x2|4x2|2x4,False,False
15625,72,1,,3-1 - Box Bricks Curved large,False,False
15625pr0002,72,1,,3-1 - Box Bricks Curved large,False,False
98138,72,2,,3-1 - Bin drawer Tiles 1x1 & 2x2,False,False
25269,72,6,,3-1 - Bin drawer Tiles Rounded|Circle,False,False
14769pr9999,72,2,,3-1 - Bin drawer Tiles 1x1 & 2x2,False,False
14769,72,2,,3-1 - Bin drawer Tiles 1x1 & 2x2,False,False
15535,72,26,,3-1 - Bin drawer Tiles 1x1 & 2x2,False,False
15535pr0002,72,1,,3-1 - Bin drawer Tiles 1x1 & 2x2,False,False
50955,72,1,,3-1 - Box bag Wedges large,False,False
50956,72,2,,3-1 - Box bag Wedges large,False,False
47753,72,2,,3-1 - Bin drawer Curved wedge 4x|inverted,False,False
41748,72,1,,3-1 - Box bag Wedges large,False,False
41747,72,1,,3-1 - Box bag Wedges large,False,False
43712,72,1,,3-1 - Bin drawer Curved wedge 4x|inverted,False,False
43713,72,2,,3-1 - Bin drawer Curved wedge 4x|inverted,False,False
47457,308,2,,3-1 - Bin drawer Lip|Curved end,False,False
3062b,308,25,,3-1 - Bin drawer Round 1x1|Fins,False,False
92947,308,1,,3-1 - Box Brick Round|Corner,False,False
6141,308,1,,3-1 - Bin drawer Plate round 1x1 & 2x2,False,False
4032a,308,2,,3-1 - Bin drawer Plate round 1x1 & 2x2,False,False
60474,308,4,,3-1 - Box Plates round 3x3|4x4,False,False
11477,308,6,,3-1 - Box Curved 2x1|2x2,False,False
15068,308,7,,3-1 - Box Curved 2x1|2x2,False,False
50950,308,4,,3-1 - Bin drawer Curved 3x1|4x1,False,False
6091,288,2,,3-1 - Bin drawer Curved 1x2|Arch inverted,False,False
6081,288,2,,3-1 - Box Bricks Curved large,False,False
43898pr1001,288,1,,3-1 - Box Dishes|Cones|Corner large,False,False
3960,288,1,,3-1 - Box Dishes|Cones|Corner large,False,False
44375a,288,1,,3-1 - Box Dishes|Cones|Corner large,False,False
85861,288,2,,3-1 - Bin drawer Hole|Swirled|Star|Poo|Heart,False,False
11477,288,6,,3-1 - Box Curved 2x1|2x2,False,False
15068,288,1,,3-1 - Box Curved 2x1|2x2,False,False
50950,288,3,,3-1 - Bin drawer Curved 3x1|4x1,False,False
93606,288,1,,3-1 - Bin drawer Curved 3x2|4x2|2x4,False,False
98138,288,2,,3-1 - Bin drawer Tiles 1x1 & 2x2,False,False
25269,288,1,,3-1 - Bin drawer Tiles Rounded|Circle,False,False
47753,288,3,,3-1 - Bin drawer Curved wedge 4x|inverted,False,False
3062b,484,11,,3-1 - Bin drawer Round 1x1|Fins,False,False
44375b,484,2,,3-1 - Box Dishes|Cones|Corner large,False,False
6141,484,3,,3-1 - Bin drawer Plate round 1x1 & 2x2,False,False
4032a,484,4,,3-1 - Bin drawer Plate round 1x1 & 2x2,False,False
68568,484,5,,3-1 - Box Plates round 3x3|4x4,False,False
24201,484,2,,3-1 - Bin drawer Curved Inverted 2x1|2x2,False,False
11477,484,8,,3-1 - Box Curved 2x1|2x2,False,False
32803,484,2,,3-1 - Bin drawer Curved Inverted 2x1|2x2,False,False
93606,484,1,,3-1 - Bin drawer Curved 3x2|4x2|2x4,False,False
39739pr0004,484,2,,3-1 - Bin drawer Hole|Swirled|Star|Poo|Heart,False,False
25269,484,10,,3-1 - Bin drawer Tiles Rounded|Circle,False,False
6091,5,14,,3-1 - Bin drawer Curved 1x2|Arch inverted,False,False
33243,5,1,,3-1 - Bin drawer Top studs,False,False
6233,5,1,,3-1 - Box Dishes|Cones|Corner large,False,False
39613,5,4,,3-1 - Bin drawer Odd shapes,False,False
85861,5,3,,3-1 - Bin drawer Hole|Swirled|Star|Poo|Heart,False,False
4032a,5,1,,3-1 - Bin drawer Plate round 1x1 & 2x2,False,False
60474,5,1,,3-1 - Box Plates round 3x3|4x4,False,False
35480,5,3,,3-1 - Bin drawer Wedges|Round ends,False,False
15068,5,3,,3-1 - Box Curved 2x1|2x2,False,False
39739,5,4,,3-1 - Bin drawer Hole|Swirled|Star|Poo|Heart,False,False
98138,5,1,,3-1 - Bin drawer Tiles 1x1 & 2x2,False,False
24246,5,4,,3-1 - Bin drawer Tiles Rounded|Circle,False,False
25269,5,4,,3-1 - Bin drawer Tiles Rounded|Circle,False,False
14769,5,1,,3-1 - Bin drawer Tiles 1x1 & 2x2,False,False
37352,85,6,,3-1 - Bin drawer Brick curved 1x2|1x4|2x4,False,False
3062b,85,5,,3-1 - Bin drawer Round 1x1|Fins,False,False
3941,85,13,,3-1 - Box Brick Round|Corner,False,False
6141,85,33,,3-1 - Bin drawer Plate round 1x1 & 2x2,False,False
4032a,85,10,,3-1 - Bin drawer Plate round 1x1 & 2x2,False,False
66792,85,1,,3-1 - Box Plates round 3x3|4x4,False,False
11477,85,12,,3-1 - Box Curved 2x1|2x2,False,False
15068,85,4,,3-1 - Box Curved 2x1|2x2,False,False
50950,85,6,,3-1 - Bin drawer Curved 3x1|4x1,False,False
27507,85,3,,3-1 - Bin drawer Tiles corner,False,False
24246,85,3,,3-1 - Bin drawer Tiles Rounded|Circle,False,False
25269,85,23,,3-1 - Bin drawer Tiles Rounded|Circle,False,False
14769,85,1,,3-1 - Bin drawer Tiles 1x1 & 2x2,False,False
47753,85,2,,3-1 - Bin drawer Curved wedge 4x|inverted,False,False
13731,320,3,,3-1 - Box Bricks Curved large,False,False
6091,320,14,,3-1 - Bin drawer Curved 1x2|Arch inverted,False,False
37352,320,1,,3-1 - Bin drawer Brick curved 1x2|1x4|2x4,False,False
3062b,320,7,,3-1 - Bin drawer Round 1x1|Fins,False,False
59900,320,2,,3-1 - Bin drawer Cones,False,False
3942c,320,2,,3-1 - Box Dishes|Cones|Corner large,False,False
85861,320,9,,3-1 - Bin drawer Hole|Swirled|Star|Poo|Heart,False,False
6141,320,7,,3-1 - Bin drawer Plate round 1x1 & 2x2,False,False
60474,320,3,,3-1 - Box Plates round 3x3|4x4,False,False
30357,320,1,,3-1 - Box Plates round 3x3|4x4,False,False
3176,320,1,,3-1 - Bin drawer Rounded end 3x2,False,False
35044,320,4,,3-1 - Box Plates round 3x3|4x4,False,False
11477,320,6,,3-1 - Box Curved 2x1|2x2,False,False
29120,320,1,,3-1 - Bin drawer Wedges|Round ends,False,False
29119,320,1,,3-1 - Bin drawer Wedges|Round ends,False,False
30602,320,2,,3-1 - Bin drawer Lip|Curved end,False,False
15068,320,2,,3-1 - Box Curved 2x1|2x2,False,False
32803,320,5,,3-1 - Bin drawer Curved Inverted 2x1|2x2,False,False
50950,320,6,,3-1 - Bin drawer Curved 3x1|4x1,False,False
93273,320,7,,3-1 - Bin drawer Curved double 4x1,False,False
24246pr0035,320,1,,3-1 - Bin drawer Tiles Rounded|Circle,False,False
98138,320,5,,3-1 - Bin drawer Tiles 1x1 & 2x2,False,False
24246,320,1,,3-1 - Bin drawer Tiles Rounded|Circle,False,False
25269,320,1,,3-1 - Bin drawer Tiles Rounded|Circle,False,False
4150,320,2,,3-1 - Bin drawer Tiles 1x1 & 2x2,False,False
45301,320,1,,3-1 - Box bag Wedges large,False,False
41749,320,1,,3-1 - Box bag Wedges large,False,False
4740,28,2,,3-1 - Bin drawer Dish,False,False
86500,28,1,,3-1 - Box Dishes|Cones|Corner large,False,False
85861,28,4,,3-1 - Bin drawer Hole|Swirled|Star|Poo|Heart,False,False
60474,28,2,,3-1 - Box Plates round 3x3|4x4,False,False
18980,28,1,,3-1 - Box Plates round 6x6|8x8,False,False
18646,28,4,,3-1 - Box Plates round 6x6|8x8,False,False
35480,28,6,,3-1 - Bin drawer Wedges|Round ends,False,False
11477,28,4,,3-1 - Box Curved 2x1|2x2,False,False
50950,28,2,,3-1 - Bin drawer Curved 3x1|4x1,False,False
11153,28,4,,3-1 - Bin drawer Curved 3x1|4x1,False,False
98138,28,3,,3-1 - Bin drawer Tiles 1x1 & 2x2,False,False
25269,28,7,,3-1 - Bin drawer Tiles Rounded|Circle,False,False
15535,28,1,,3-1 - Bin drawer Tiles 1x1 & 2x2,False,False
49307,3,9,,3-1 - Bin drawer Curved top small|half-circle|curved inverted 1x4,False,False
37352,3,4,,3-1 - Bin drawer Brick curved 1x2|1x4|2x4,False,False
3062b,3,8,,3-1 - Bin drawer Round 1x1|Fins,False,False
6141,3,1,,3-1 - Bin drawer Plate round 1x1 & 2x2,False,False
4032a,3,5,,3-1 - Bin drawer Plate round 1x1 & 2x2,False,False
68568,3,10,,3-1 - Box Plates round 3x3|4x4,False,False
11477,3,6,,3-1 - Box Curved 2x1|2x2,False,False
15068,3,1,,3-1 - Box Curved 2x1|2x2,False,False
50950,3,2,,3-1 - Bin drawer Curved 3x1|4x1,False,False
27925,3,2,,3-1 - Bin drawer Tiles corner,False,False
98138,3,1,,3-1 - Bin drawer Tiles 1x1 & 2x2,False,False
25269,3,14,,3-1 - Bin drawer Tiles Rounded|Circle,False,False
47753,3,2,,3-1 - Bin drawer Curved wedge 4x|inverted,False,False
15395,179,3,,3-1 - Bin drawer Domes|Sphere,False,False
59900,179,2,,3-1 - Bin drawer Cones,False,False
6141,179,45,0 - Color Table,3-1 - Bin drawer Plate round 1x1 & 2x2,False,False
11477,179,2,,3-1 - Box Curved 2x1|2x2,False,False
15068,179,1,,3-1 - Box Curved 2x1|2x2,False,False
98138,179,6,,3-1 - Bin drawer Tiles 1x1 & 2x2,False,False
24246,179,1,,3-1 - Bin drawer Tiles Rounded|Circle,False,False
98138pr0024,179,5,,3-1 - Bin drawer Tiles printed,False,False
98138pr0035,179,4,,3-1 - Bin drawer Tiles printed,False,False
98138pr0321,179,1,,3-1 - Bin drawer Tiles printed,False,False
59900,1002,1,,0 - Color Table,False,False
59900,129,1,,3-1 - Bin drawer Cones,False,False
4740,129,4,0 - Color Table,3-1 - Bin drawer Dish,False,False
6215,2,3,,3-1 - Box Bricks Curved large,False,False
3062b,2,6,,3-1 - Bin drawer Round 1x1|Fins,False,False
3941,2,1,,3-1 - Box Brick Round|Corner,False,False
59900,2,9,,3-1 - Bin drawer Cones,False,False
3942c,2,1,,3-1 - Box Dishes|Cones|Corner large,False,False
4740,2,1,,3-1 - Bin drawer Dish,False,False
85861,2,6,,3-1 - Bin drawer Hole|Swirled|Star|Poo|Heart,False,False
6141,2,24,,3-1 - Bin drawer Plate round 1x1 & 2x2,False,False
4032a,2,13,,3-1 - Bin drawer Plate round 1x1 & 2x2,False,False
11213,2,2,,3-1 - Box Plates round 6x6|8x8,False,False
30565,2,3,,3-1 - Box Plates round 3x3|4x4,False,False
6003,2,4,,3-1 - Box Plates round 6x6|8x8,False,False
18980,2,2,,3-1 - Box Plates round 6x6|8x8,False,False
35480,2,4,,3-1 - Bin drawer Wedges|Round ends,False,False
6177b,2,1,,3-1 - Box Plates round 6x6|8x8,False,False
11477,2,13,,3-1 - Box Curved 2x1|2x2,False,False
29120,2,1,,3-1 - Bin drawer Wedges|Round ends,False,False
29119,2,1,,3-1 - Bin drawer Wedges|Round ends,False,False
15068,2,3,,3-1 - Box Curved 2x1|2x2,False,False
50950,2,4,,3-1 - Bin drawer Curved 3x1|4x1,False,False
93273,2,4,,3-1 - Bin drawer Curved double 4x1,False,False
24246,2,7,,3-1 - Bin drawer Tiles Rounded|Circle,False,False
25269,2,13,,3-1 - Bin drawer Tiles Rounded|Circle,False,False
25269pr0002,2,1,,3-1 - Bin drawer Tiles Rounded|Circle,False,False
15535,2,1,,3-1 - Bin drawer Tiles 1x1 & 2x2,False,False
43712,2,1,,3-1 - Bin drawer Curved wedge 4x|inverted,False,False
3062b,31,7,,3-1 - Bin drawer Round 1x1|Fins,False,False
41948,31,1,,3-1 - Box Plates round 6x6|8x8,False,False
53119,31,1,,3-1 - Bin drawer Hole|Swirled|Star|Poo|Heart,False,False
18980,31,5,,3-1 - Box Plates round 6x6|8x8,False,False
11477,31,6,,3-1 - Box Curved 2x1|2x2,False,False
11153,31,4,,3-1 - Bin drawer Curved 3x1|4x1,False,False
98138,31,1,,3-1 - Bin drawer Tiles 1x1 & 2x2,False,False
25269,31,22,,3-1 - Bin drawer Tiles Rounded|Circle,False,False
6091,323,2,,3-1 - Bin drawer Curved 1x2|Arch inverted,False,False
37352,323,4,,3-1 - Bin drawer Brick curved 1x2|1x4|2x4,False,False
85080,323,3,,3-1 - Box Brick Round|Corner,False,False
15470,323,5,,3-1 - Bin drawer Hole|Swirled|Star|Poo|Heart,False,False
11477,323,7,,3-1 - Box Curved 2x1|2x2,False,False
15068,323,1,,3-1 - Box Curved 2x1|2x2,False,False
24309,323,2,,3-1 - Bin drawer Curved 3x2|4x2|2x4,False,False
27925,323,10,,3-1 - Bin drawer Tiles corner,False,False
25269,323,6,,3-1 - Bin drawer Tiles Rounded|Circle,False,False
14769,323,1,,3-1 - Bin drawer Tiles 1x1 & 2x2,False,False
85970,71,1,,3-1 - Box Bricks Curved large,False,False
49307,71,6,,3-1 - Bin drawer Curved top small|half-circle|curved inverted 1x4,False,False
6091,71,16,,3-1 - Bin drawer Curved 1x2|Arch inverted,False,False
37352,71,10,,3-1 - Bin drawer Brick curved 1x2|1x4|2x4,False,False
10314,71,1,,3-1 - Bin drawer Brick curved 1x2|1x4|2x4,False,False
30165,71,1,,3-1 - Bin drawer Top studs,False,False
47457,71,8,,3-1 - Bin drawer Lip|Curved end,False,False
6215,71,1,,3-1 - Box Bricks Curved large,False,False
42023,71,4,,3-1 - Box Bricks Curved large,False,False
3062b,71,49,,3-1 - Bin drawer Round 1x1|Fins,False,False
30367b,71,1,,3-1 - Bin drawer Domes|Sphere,False,False
30367c,71,1,,3-1 - Bin drawer Domes|Sphere,False,False
92947,71,5,,3-1 - Box Brick Round|Corner,False,False
98100,71,3,,3-1 - Bin drawer Cones,False,False
98100pr0012,71,1,,3-1 - Bin drawer Cones,False,False
3941,71,7,,3-1 - Box Brick Round|Corner,False,False
3063b,71,1,,3-1 - Box Brick Round|Corner,False,False
48092,71,6,,3-1 - Box Brick Round|Corner,False,False
68013,71,2,,3-1 - Bin drawer Curved top small|half-circle|curved inverted 1x4,False,False
33492,71,3,,3-1 - Bin drawer Cones,False,False
59900,71,16,,3-1 - Bin drawer Cones,False,False
4740,71,25,,3-1 - Bin drawer Dish,False,False
4740pr0019,71,1,,3-1 - Bin drawer Dish,False,False
43898,71,1,,3-1 - Box Dishes|Cones|Corner large,False,False
3960,71,3,,3-1 - Box Dishes|Cones|Corner large,False,False
44375a,71,3,,3-1 - Box Dishes|Cones|Corner large,False,False
44375b,71,3,,3-1 - Box Dishes|Cones|Corner large,False,False
86500pr0007,71,2,,3-1 - Box Dishes|Cones|Corner large,False,False
85861,71,56,,3-1 - Bin drawer Hole|Swirled|Star|Poo|Heart,False,False
6141,71,109,,3-1 - Bin drawer Plate round 1x1 & 2x2,False,False
4032a,71,13,,3-1 - Bin drawer Plate round 1x1 & 2x2,False,False
4032b,71,1,,3-1 - Bin drawer Plate round 1x1 & 2x2,False,False
2654,71,15,,3-1 - Bin drawer Round inverted 2x2,False,False
11833,71,2,,3-1 - Box Plates round 3x3|4x4,False,False
60474,71,9,,3-1 - Box Plates round 3x3|4x4,False,False
11213,71,5,,3-1 - Box Plates round 6x6|8x8,False,False
74611,71,1,,3-1 - Box Plates round 6x6|8x8,False,False
30357,71,2,,3-1 - Box Plates round 3x3|4x4,False,False
30565,71,6,,3-1 - Box Plates round 3x3|4x4,False,False
18980,71,4,,3-1 - Box Plates round 6x6|8x8,False,False
35480,71,5,,3-1 - Bin drawer Wedges|Round ends,False,False
3176,71,9,,3-1 - Bin drawer Rounded end 3x2,False,False
24201,71,4,,3-1 - Bin drawer Curved Inverted 2x1|2x2,False,False
11477,71,20,,3-1 - Box Curved 2x1|2x2,False,False
29120,71,1,,3-1 - Bin drawer Wedges|Round ends,False,False
29119,71,1,,3-1 - Bin drawer Wedges|Round ends,False,False
30602,71,1,,3-1 - Bin drawer Lip|Curved end,False,False
15068,71,13,,3-1 - Box Curved 2x1|2x2,False,False
32803,71,3,,3-1 - Bin drawer Curved Inverted 2x1|2x2,False,False
50950,71,28,,3-1 - Bin drawer Curved 3x1|4x1,False,False
93273,71,14,,3-1 - Bin drawer Curved double 4x1,False,False
11153,71,2,,3-1 - Bin drawer Curved 3x1|4x1,False,False
93606,71,6,,3-1 - Bin drawer Curved 3x2|4x2|2x4,False,False
27925,71,1,,3-1 - Bin drawer Tiles corner,False,False
27507,71,4,,3-1 - Bin drawer Tiles corner,False,False
98138,71,43,,3-1 - Bin drawer Tiles 1x1 & 2x2,False,False
24246,71,15,,3-1 - Bin drawer Tiles Rounded|Circle,False,False
25269,71,7,,3-1 - Bin drawer Tiles Rounded|Circle,False,False
98138pr0186,71,9,,3-1 - Bin drawer Tiles printed,False,False
98138pr0160,71,2,,3-1 - Bin drawer Tiles printed,False,False
98138pr9993,71,1,,3-1 - Bin drawer Tiles printed,False,False
98138pr0020,71,1,,3-1 - Bin drawer Tiles printed,False,False
1748,71,1,,3-1 - Bin drawer Tiles Rounded|Circle,False,False
4150,71,1,,3-1 - Bin drawer Tiles 1x1 & 2x2,False,False
14769,71,10,,3-1 - Bin drawer Tiles 1x1 & 2x2,False,False
14769pr0004,71,1,,3-1 - Bin drawer Tiles 1x1 & 2x2,False,False
14769pr1030,71,1,,3-1 - Bin drawer Tiles 1x1 & 2x2,False,False
14769pr0086,71,1,,3-1 - Bin drawer Tiles 1x1 & 2x2,False,False
4150pr0022,71,2,,3-1 - Bin drawer Tiles 1x1 & 2x2,False,False
15535,71,1,,3-1 - Bin drawer Tiles 1x1 & 2x2,False,False
50955,71,1,,3-1 - Box bag Wedges large,False,False
50956,71,1,,3-1 - Box bag Wedges large,False,False
41748,71,1,,3-1 - Box bag Wedges large,False,False
41747,71,1,,3-1 - Box bag Wedges large,False,False
43712,71,2,,3-1 - Bin drawer Curved wedge 4x|inverted,False,False
43713,71,2,,3-1 - Bin drawer Curved wedge 4x|inverted,False,False
3062b,7,1,,3-1 - Bin drawer Round 1x1|Fins,False,False
4588,7,2,,3-1 - Bin drawer Round 1x1|Fins,False,False
3941,7,2,,3-1 - Box Brick Round|Corner,False,False
4589,7,2,,3-1 - Bin drawer Cones,False,False
3960,7,2,,3-1 - Box Dishes|Cones|Corner large,False,False
6141,7,3,,3-1 - Bin drawer Plate round 1x1 & 2x2,False,False
2654,7,1,,3-1 - Bin drawer Round inverted 2x2,False,False
6177a,17,1,,3-1 - Box Plates round 6x6|8x8,False,False
98138,78,1,,3-1 - Bin drawer Tiles 1x1 & 2x2,False,False
98138pr0322,78,2,,3-1 - Bin drawer Tiles printed,False,False
6091,27,5,,3-1 - Bin drawer Curved 1x2|Arch inverted,False,False
33243,27,4,,3-1 - Bin drawer Top studs,False,False
30165,27,1,,3-1 - Bin drawer Top studs,False,False
3062b,27,31,,3-1 - Bin drawer Round 1x1|Fins,False,False
15395,27,1,,3-1 - Bin drawer Domes|Sphere,False,False
3941,27,6,,3-1 - Box Brick Round|Corner,False,False
48092,27,2,,3-1 - Box Brick Round|Corner,False,False
4740,27,1,,3-1 - Bin drawer Dish,False,False
41948,27,3,,3-1 - Box Plates round 6x6|8x8,False,False
85861,27,6,,3-1 - Bin drawer Hole|Swirled|Star|Poo|Heart,False,False
6141,27,34,,3-1 - Bin drawer Plate round 1x1 & 2x2,False,False
11833,27,2,,3-1 - Box Plates round 3x3|4x4,False,False
11213,27,3,,3-1 - Box Plates round 6x6|8x8,False,False
30565,27,2,,3-1 - Box Plates round 3x3|4x4,False,False
6003,27,1,,3-1 - Box Plates round 6x6|8x8,False,False
18646,27,2,,3-1 - Box Plates round 6x6|8x8,False,False
22888,27,1,,3-1 - Box Plates round 6x6|8x8,False,False
35480,27,1,,3-1 - Bin drawer Wedges|Round ends,False,False
11477,27,18,,3-1 - Box Curved 2x1|2x2,False,False
30602,27,1,,3-1 - Bin drawer Lip|Curved end,False,False
15068,27,12,,3-1 - Box Curved 2x1|2x2,False,False
50950,27,5,,3-1 - Bin drawer Curved 3x1|4x1,False,False
93273,27,2,,3-1 - Bin drawer Curved double 4x1,False,False
61678,27,10,,3-1 - Bin drawer Curved 3x1|4x1,False,False
11153,27,2,,3-1 - Bin drawer Curved 3x1|4x1,False,False
98138,27,13,,3-1 - Bin drawer Tiles 1x1 & 2x2,False,False
24246,27,3,,3-1 - Bin drawer Tiles Rounded|Circle,False,False
25269,27,12,,3-1 - Bin drawer Tiles Rounded|Circle,False,False
14769,27,7,,3-1 - Bin drawer Tiles 1x1 & 2x2,False,False
15535,27,1,,3-1 - Bin drawer Tiles 1x1 & 2x2,False,False
49307,26,7,,3-1 - Bin drawer Curved top small|half-circle|curved inverted 1x4,False,False
6091,26,10,,3-1 - Bin drawer Curved 1x2|Arch inverted,False,False
37352,26,3,,3-1 - Bin drawer Brick curved 1x2|1x4|2x4,False,False
10314,26,2,,3-1 - Bin drawer Brick curved 1x2|1x4|2x4,False,False
6191,26,1,,3-1 - Bin drawer Brick curved 1x2|1x4|2x4,False,False
59900,26,8,,3-1 - Bin drawer Cones,False,False
43898,26,1,,3-1 - Box Dishes|Cones|Corner large,False,False
30565,26,6,,3-1 - Box Plates round 3x3|4x4,False,False
88930,26,3,,3-1 - Bin drawer Curved 3x2|4x2|2x4,False,False
24201,26,6,,3-1 - Bin drawer Curved Inverted 2x1|2x2,False,False
11477,26,7,,3-1 - Box Curved 2x1|2x2,False,False
50950,26,10,,3-1 - Bin drawer Curved 3x1|4x1,False,False
24309,26,2,,3-1 - Bin drawer Curved 3x2|4x2|2x4,False,False
98138,26,3,,3-1 - Bin drawer Tiles 1x1 & 2x2,False,False
6091,322,13,,3-1 - Bin drawer Curved 1x2|Arch inverted,False,False
3062b,322,9,,3-1 - Bin drawer Round 1x1|Fins,False,False
15395,322,2,,3-1 - Bin drawer Domes|Sphere,False,False
30367c,322,1,,3-1 - Bin drawer Domes|Sphere,False,False
85080,322,13,,3-1 - Box Brick Round|Corner,False,False
41948,322,1,,3-1 - Box Plates round 6x6|8x8,False,False
6141,322,11,,3-1 - Bin drawer Plate round 1x1 & 2x2,False,False
4032a,322,2,,3-1 - Bin drawer Plate round 1x1 & 2x2,False,False
60474,322,2,,3-1 - Box Plates round 3x3|4x4,False,False
11213,322,2,,3-1 - Box Plates round 6x6|8x8,False,False
30357,322,4,,3-1 - Box Plates round 3x3|4x4,False,False
30565,322,1,,3-1 - Box Plates round 3x3|4x4,False,False
6003,322,1,,3-1 - Box Plates round 6x6|8x8,False,False
3176,322,3,,3-1 - Bin drawer Rounded end 3x2,False,False
11477,322,12,,3-1 - Box Curved 2x1|2x2,False,False
15068,322,4,,3-1 - Box Curved 2x1|2x2,False,False
50950,322,5,,3-1 - Bin drawer Curved 3x1|4x1,False,False
93273,322,4,,3-1 - Bin drawer Curved double 4x1,False,False
27925,322,4,,3-1 - Bin drawer Tiles corner,False,False
98138,322,4,,3-1 - Bin drawer Tiles 1x1 & 2x2,False,False
24246,322,1,,3-1 - Bin drawer Tiles Rounded|Circle,False,False
25269,322,17,,3-1 - Bin drawer Tiles Rounded|Circle,False,False
14769,322,2,,3-1 - Bin drawer Tiles 1x1 & 2x2,False,False
25269,73,3,,3-1 - Bin drawer Tiles Rounded|Circle,False,False
49307,30,2,,3-1 - Bin drawer Curved top small|half-circle|curved inverted 1x4,False,False
6215,30,4,,3-1 - Box Bricks Curved large,False,False
11477,30,12,,3-1 - Box Curved 2x1|2x2,False,False
15068,30,2,,3-1 - Box Curved 2x1|2x2,False,False
50950,30,2,,3-1 - Bin drawer Curved 3x1|4x1,False,False
93273,30,1,,3-1 - Bin drawer Curved double 4x1,False,False
27925,30,1,,3-1 - Bin drawer Tiles corner,False,False
6177a,115,1,,3-1 - Box Plates round 6x6|8x8,False,False
49307,84,11,,3-1 - Bin drawer Curved top small|half-circle|curved inverted 1x4,False,False
37352,84,1,,3-1 - Bin drawer Brick curved 1x2|1x4|2x4,False,False
3062b,84,1,,3-1 - Bin drawer Round 1x1|Fins,False,False
41948,84,2,,3-1 - Box Plates round 6x6|8x8,False,False
6141,84,18,,3-1 - Bin drawer Plate round 1x1 & 2x2,False,False
4032a,84,7,,3-1 - Bin drawer Plate round 1x1 & 2x2,False,False
60474,84,1,,3-1 - Box Plates round 3x3|4x4,False,False
66792,84,1,,3-1 - Box Plates round 3x3|4x4,False,False
98138,84,4,,3-1 - Bin drawer Tiles 1x1 & 2x2,False,False
25269,84,5,,3-1 - Bin drawer Tiles Rounded|Circle,False,False
98138pr0056,84,2,,3-1 - Bin drawer Tiles printed,False,False
98138pr0100,84,1,,3-1 - Bin drawer Tiles printed,False,False
98138pr0018,84,12,,3-1 - Bin drawer Tiles printed,False,False
98138pr0022,84,4,,3-1 - Bin drawer Tiles printed,False,False
98138pr0090,84,1,,3-1 - Bin drawer Tiles printed,False,False
1748,84,1,,3-1 - Bin drawer Tiles Rounded|Circle,False,False
4740,82,2,,3-1 - Bin drawer Dish,False,False
25269,82,2,,3-1 - Bin drawer Tiles Rounded|Circle,False,False
4740pr0023,80,1,,3-1 - Bin drawer Dish,False,False
6141,80,3,,3-1 - Bin drawer Plate round 1x1 & 2x2,False,False
25269,80,1,,3-1 - Bin drawer Tiles Rounded|Circle,False,False
13731,326,1,,3-1 - Box Bricks Curved large,False,False
47457,326,2,,3-1 - Bin drawer Lip|Curved end,False,False
6141,326,2,,3-1 - Bin drawer Plate round 1x1 & 2x2,False,False
6003,326,1,,3-1 - Box Plates round 6x6|8x8,False,False
22888,326,6,,3-1 - Box Plates round 6x6|8x8,False,False
11477,326,1,,3-1 - Box Curved 2x1|2x2,False,False
98138,326,1,,3-1 - Bin drawer Tiles 1x1 & 2x2,False,False
98138,1055,3,0 - Color Table,3-1 - Bin drawer Tiles 1x1 & 2x2,False,False
30367c,1054,2,0 - Color Table,3-1 - Bin drawer Domes|Sphere,False,False
98138,1053,4,,0 - Color Table,False,False
49307,25,1,,3-1 - Bin drawer Curved top small|half-circle|curved inverted 1x4,False,False
10314pr1004,25,2,,3-1 - Bin drawer Brick curved 1x2|1x4|2x4,False,False
44126pr0001,25,1,,3-1 - Box Bricks Curved large,False,False
30367c,25,1,,3-1 - Bin drawer Domes|Sphere,False,False
3941,25,5,,3-1 - Box Brick Round|Corner,False,False
59900,25,11,,3-1 - Bin drawer Cones,False,False
3942c,25,2,,3-1 - Box Dishes|Cones|Corner large,False,False
6141,25,40,,3-1 - Bin drawer Plate round 1x1 & 2x2,False,False
4032a,25,1,,3-1 - Bin drawer Plate round 1x1 & 2x2,False,False
18980,25,1,,3-1 - Box Plates round 6x6|8x8,False,False
75539,25,2,,3-1 - Box Bricks Curved large,False,False
11477,25,8,,3-1 - Box Curved 2x1|2x2,False,False
29120,25,1,,3-1 - Bin drawer Wedges|Round ends,False,False
29119,25,1,,3-1 - Bin drawer Wedges|Round ends,False,False
30602,25,1,,3-1 - Bin drawer Lip|Curved end,False,False
15068,25,1,,3-1 - Box Curved 2x1|2x2,False,False
15068pr0003,25,1,,3-1 - Box Curved 2x1|2x2,False,False
50950,25,2,,3-1 - Bin drawer Curved 3x1|4x1,False,False
61678,25,2,,3-1 - Bin drawer Curved 3x1|4x1,False,False
11153,25,2,,3-1 - Bin drawer Curved 3x1|4x1,False,False
98138,25,3,,3-1 - Bin drawer Tiles 1x1 & 2x2,False,False
24246,25,2,,3-1 - Bin drawer Tiles Rounded|Circle,False,False
25269,25,4,,3-1 - Bin drawer Tiles Rounded|Circle,False,False
47753,25,2,,3-1 - Bin drawer Curved wedge 4x|inverted,False,False
47457,297,3,,3-1 - Bin drawer Lip|Curved end,False,False
85080,297,4,,3-1 - Box Brick Round|Corner,False,False
85975,297,4,,3-1 - Bin drawer Cones,False,False
59900,297,22,,3-1 - Bin drawer Cones,False,False
3942c,297,2,,3-1 - Box Dishes|Cones|Corner large,False,False
15470,297,6,,3-1 - Bin drawer Hole|Swirled|Star|Poo|Heart,False,False
85861,297,31,,3-1 - Bin drawer Hole|Swirled|Star|Poo|Heart,False,False
6141,297,113,,3-1 - Bin drawer Plate round 1x1 & 2x2,False,False
4032a,297,1,,3-1 - Bin drawer Plate round 1x1 & 2x2,False,False
60474,297,2,,3-1 - Box Plates round 3x3|4x4,False,False
27925,297,2,,3-1 - Bin drawer Tiles corner,False,False
98138,297,20,,3-1 - Bin drawer Tiles 1x1 & 2x2,False,False
98138pr0051,297,4,,3-1 - Bin drawer Tiles printed,False,False
98138pr0029,297,1,,3-1 - Bin drawer Tiles printed,False,False
98138pr0014,297,1,,3-1 - Bin drawer Tiles printed,False,False
14769,297,9,,3-1 - Bin drawer Tiles 1x1 & 2x2,False,False
14769pr1026,297,1,,3-1 - Bin drawer Tiles 1x1 & 2x2,False,False
14769pr1174,297,1,,3-1 - Bin drawer Tiles 1x1 & 2x2,False,False
14769pr0013,297,1,,3-1 - Bin drawer Tiles 1x1 & 2x2,False,False
14769pr9990,297,1,,3-1 - Bin drawer Tiles 1x1 & 2x2,False,False
11609,297,17,,3-1 - Bin drawer Hole|Swirled|Star|Poo|Heart,False,False
47457,135,2,0 - Color Table,3-1 - Bin drawer Lip|Curved end,False,False
4588,135,1,,3-1 - Bin drawer Round 1x1|Fins,False,False
6141,135,2,,3-1 - Bin drawer Plate round 1x1 & 2x2,False,False
6141,1103,6,0 - Color Table,3-1 - Bin drawer Plate round 1x1 & 2x2,False,False
3960,13,1,,3-1 - Box Dishes|Cones|Corner large,False,False
13731,4,2,,3-1 - Box Bricks Curved large,False,False
49307,4,4,,3-1 - Bin drawer Curved top small|half-circle|curved inverted 1x4,False,False
6091,4,6,,3-1 - Bin drawer Curved 1x2|Arch inverted,False,False
37352,4,8,,3-1 - Bin drawer Brick curved 1x2|1x4|2x4,False,False
30165,4,5,,3-1 - Bin drawer Top studs,False,False
47457,4,10,,3-1 - Bin drawer Lip|Curved end,False,False
6215,4,1,,3-1 - Box Bricks Curved large,False,False
4744pr0002,4,1,,3-1 - Box Bricks Curved large,False,False
42022,4,2,,3-1 - Box Bricks Curved large,False,False
42023,4,1,,3-1 - Box Bricks Curved large,False,False
3062b,4,37,,3-1 - Bin drawer Round 1x1|Fins,False,False
30367b,4,1,,3-1 - Bin drawer Domes|Sphere,False,False
30367c,4,3,,3-1 - Bin drawer Domes|Sphere,False,False
92947,4,3,,3-1 - Box Brick Round|Corner,False,False
3941,4,7,,3-1 - Box Brick Round|Corner,False,False
85080,4,6,,3-1 - Box Brick Round|Corner,False,False
4589,4,2,,3-1 - Bin drawer Cones,False,False
59900,4,8,,3-1 - Bin drawer Cones,False,False
4740,4,4,,3-1 - Bin drawer Dish,False,False
4740pr0008,4,1,,3-1 - Bin drawer Dish,False,False
85861,4,3,,3-1 - Bin drawer Hole|Swirled|Star|Poo|Heart,False,False
6141,4,86,,3-1 - Bin drawer Plate round 1x1 & 2x2,False,False
4032a,4,16,,3-1 - Bin drawer Plate round 1x1 & 2x2,False,False
2654,4,8,,3-1 - Bin drawer Round inverted 2x2,False,False
60474,4,4,,3-1 - Box Plates round 3x3|4x4,False,False
30357,4,1,,3-1 - Box Plates round 3x3|4x4,False,False
30565,4,2,,3-1 - Box Plates round 3x3|4x4,False,False
35480,4,3,,3-1 - Bin drawer Wedges|Round ends,False,False
3176,4,2,,3-1 - Bin drawer Rounded end 3x2,False,False
88930,4,3,,3-1 - Bin drawer Curved 3x2|4x2|2x4,False,False
88930pr0002,4,1,,3-1 - Bin drawer Curved 3x2|4x2|2x4,False,False
11477,4,14,,3-1 - Box Curved 2x1|2x2,False,False
29120,4,1,,3-1 - Bin drawer Wedges|Round ends,False,False
29119,4,1,,3-1 - Bin drawer Wedges|Round ends,False,False
15068,4,8,,3-1 - Box Curved 2x1|2x2,False,False
50950,4,16,,3-1 - Bin drawer Curved 3x1|4x1,False,False
93273,4,11,,3-1 - Bin drawer Curved double 4x1,False,False
11153,4,1,,3-1 - Bin drawer Curved 3x1|4x1,False,False
66955,4,1,,3-1 - Bin drawer Odd shapes,False,False
24246pr0030,4,2,,3-1 - Bin drawer Tiles Rounded|Circle,False,False
98138,4,11,,3-1 - Bin drawer Tiles 1x1 & 2x2,False,False
24246,4,2,,3-1 - Bin drawer Tiles Rounded|Circle,False,False
25269,4,25,,3-1 - Bin drawer Tiles Rounded|Circle,False,False
98138pr0374,4,1,,3-1 - Bin drawer Tiles printed,False,False
4150,4,1,,3-1 - Bin drawer Tiles 1x1 & 2x2,False,False
14769,4,4,,3-1 - Bin drawer Tiles 1x1 & 2x2,False,False
14769pr1012,4,1,,3-1 - Bin drawer Tiles 1x1 & 2x2,False,False
14769pr1031,4,1,,3-1 - Bin drawer Tiles 1x1 & 2x2,False,False
14769pr1039,4,1,,3-1 - Bin drawer Tiles 1x1 & 2x2,False,False
15535,4,4,,3-1 - Bin drawer Tiles 1x1 & 2x2,False,False
47753,4,1,,3-1 - Bin drawer Curved wedge 4x|inverted,False,False
41748,4,1,,3-1 - Box bag Wedges large,False,False
41747,4,1,,3-1 - Box bag Wedges large,False,False
41764,4,1,,3-1 - Box bag Wedges large,False,False
6091,70,4,,3-1 - Bin drawer Curved 1x2|Arch inverted,False,False
30165,70,2,,3-1 - Bin drawer Top studs,False,False
41766,70,1,,3-1 - Box Bricks Curved large,False,False
3062b,70,23,,3-1 - Bin drawer Round 1x1|Fins,False,False
30367c,70,1,,3-1 - Bin drawer Domes|Sphere,False,False
92947,70,2,,3-1 - Box Brick Round|Corner,False,False
3941,70,23,,3-1 - Box Brick Round|Corner,False,False
87081,70,1,,3-1 - Box Brick Round|Corner,False,False
6222,70,6,,3-1 - Box Brick Round|Corner,False,False
48092,70,1,,3-1 - Box Brick Round|Corner,False,False
85975,70,4,,3-1 - Bin drawer Cones,False,False
4589,70,4,,3-1 - Bin drawer Cones,False,False
59900,70,21,,3-1 - Bin drawer Cones,False,False
6233,70,2,,3-1 - Box Dishes|Cones|Corner large,False,False
3961,70,2,,3-1 - Box Dishes|Cones|Corner large,False,False
15470,70,8,,3-1 - Bin drawer Hole|Swirled|Star|Poo|Heart,False,False
53119,70,3,,3-1 - Bin drawer Hole|Swirled|Star|Poo|Heart,False,False
85861,70,11,,3-1 - Bin drawer Hole|Swirled|Star|Poo|Heart,False,False
6141,70,70,,3-1 - Bin drawer Plate round 1x1 & 2x2,False,False
4032a,70,26,,3-1 - Bin drawer Plate round 1x1 & 2x2,False,False
30565,70,7,,3-1 - Box Plates round 3x3|4x4,False,False
35480,70,2,,3-1 - Bin drawer Wedges|Round ends,False,False
3176,70,6,,3-1 - Bin drawer Rounded end 3x2,False,False
11477,70,15,,3-1 - Box Curved 2x1|2x2,False,False
93273,70,6,,3-1 - Bin drawer Curved double 4x1,False,False
11153,70,3,,3-1 - Bin drawer Curved 3x1|4x1,False,False
98138,70,6,,3-1 - Bin drawer Tiles 1x1 & 2x2,False,False
24246,70,2,,3-1 - Bin drawer Tiles Rounded|Circle,False,False
25269,70,18,,3-1 - Bin drawer Tiles Rounded|Circle,False,False
98138pr0048,70,2,,3-1 - Bin drawer Tiles printed,False,False
14769,70,1,,3-1 - Bin drawer Tiles 1x1 & 2x2,False,False
14769pr1075,70,2,,3-1 - Bin drawer Tiles 1x1 & 2x2,False,False
42061,70,1,,3-1 - Box bag Wedges large,False,False
42060,70,1,,3-1 - Box bag Wedges large,False,False
47753,70,1,,3-1 - Bin drawer Curved wedge 4x|inverted,False,False
1748,1136,1,,3-1 - Bin drawer Tiles Rounded|Circle,False,False
6141,379,1,,3-1 - Bin drawer Plate round 1x1 & 2x2,False,False
30565,379,2,,3-1 - Box Plates round 3x3|4x4,False,False
30602,379,2,,3-1 - Bin drawer Lip|Curved end,False,False
15068,379,2,,3-1 - Box Curved 2x1|2x2,False,False
59900,378,4,,3-1 - Bin drawer Cones,False,False
6141,378,2,,3-1 - Bin drawer Plate round 1x1 & 2x2,False,False
4032a,378,1,,3-1 - Bin drawer Plate round 1x1 & 2x2,False,False
50950,378,2,,3-1 - Bin drawer Curved 3x1|4x1,False,False
49307,19,8,,3-1 - Bin drawer Curved top small|half-circle|curved inverted 1x4,False,False
6091,19,11,,3-1 - Bin drawer Curved 1x2|Arch inverted,False,False
3062b,19,7,,3-1 - Bin drawer Round 1x1|Fins,False,False
30367c,19,1,,3-1 - Bin drawer Domes|Sphere,False,False
92947,19,7,,3-1 - Box Brick Round|Corner,False,False
3941,19,7,,3-1 - Box Brick Round|Corner,False,False
59900,19,7,,3-1 - Bin drawer Cones,False,False
3960,19,1,,3-1 - Box Dishes|Cones|Corner large,False,False
6141,19,28,,3-1 - Bin drawer Plate round 1x1 & 2x2,False,False
4032a,19,22,,3-1 - Bin drawer Plate round 1x1 & 2x2,False,False
2654,19,2,,3-1 - Bin drawer Round inverted 2x2,False,False
74611,19,1,,3-1 - Box Plates round 6x6|8x8,False,False
30357,19,8,,3-1 - Box Plates round 3x3|4x4,False,False
30565,19,1,,3-1 - Box Plates round 3x3|4x4,False,False
6003,19,3,,3-1 - Box Plates round 6x6|8x8,False,False
18980,19,1,,3-1 - Box Plates round 6x6|8x8,False,False
18646,19,1,,3-1 - Box Plates round 6x6|8x8,False,False
22888,19,1,,3-1 - Box Plates round 6x6|8x8,False,False
35480,19,6,,3-1 - Bin drawer Wedges|Round ends,False,False
24201,19,1,,3-1 - Bin drawer Curved Inverted 2x1|2x2,False,False
11477,19,3,,3-1 - Box Curved 2x1|2x2,False,False
15068,19,19,,3-1 - Box Curved 2x1|2x2,False,False
15068pr0001,19,1,,3-1 - Box Curved 2x1|2x2,False,False
50950,19,10,,3-1 - Bin drawer Curved 3x1|4x1,False,False
24309,19,1,,3-1 - Bin drawer Curved 3x2|4x2|2x4,False,False
93273,19,2,,3-1 - Bin drawer Curved double 4x1,False,False
11153,19,3,,3-1 - Bin drawer Curved 3x1|4x1,False,False
39739pr0003,19,1,,3-1 - Bin drawer Hole|Swirled|Star|Poo|Heart,False,False
98138,19,2,,3-1 - Bin drawer Tiles 1x1 & 2x2,False,False
24246,19,1,,3-1 - Bin drawer Tiles Rounded|Circle,False,False
25269,19,13,,3-1 - Bin drawer Tiles Rounded|Circle,False,False
25269pr0004,19,1,,3-1 - Bin drawer Tiles Rounded|Circle,False,False
98138pr0255,19,6,,3-1 - Bin drawer Tiles printed,False,False
98138pr0050,19,1,,3-1 - Bin drawer Tiles printed,False,False
14769,19,3,,3-1 - Bin drawer Tiles 1x1 & 2x2,False,False
4150pr0002,19,4,,3-1 - Bin drawer Tiles 1x1 & 2x2,False,False
14769pr1014,19,1,,3-1 - Bin drawer Tiles 1x1 & 2x2,False,False
15535,19,3,,3-1 - Bin drawer Tiles 1x1 & 2x2,False,False
66857,19,1,,3-1 - Bin drawer Tiles Rounded|Circle,False,False
42022,35,1,,3-1 - Box Bricks Curved large,False,False
3941,35,2,,3-1 - Box Brick Round|Corner,False,False
59900,35,1,,3-1 - Bin drawer Cones,False,False
4740,35,3,,3-1 - Bin drawer Dish,False,False
6141,35,11,0 - Color Table,3-1 - Bin drawer Plate round 1x1 & 2x2,False,False
98138,35,1,,3-1 - Bin drawer Tiles 1x1 & 2x2,False,False
59900,40,2,,3-1 - Bin drawer Cones,False,False
3960pr9979,40,1,,3-1 - Box Dishes|Cones|Corner large,False,False
30602,40,3,,3-1 - Bin drawer Lip|Curved end,False,False
98138,40,4,,3-1 - Bin drawer Tiles 1x1 & 2x2,False,False
3062b,47,10,,3-1 - Bin drawer Round 1x1|Fins,False,False
30367c,47,1,,3-1 - Bin drawer Domes|Sphere,False,False
3941,47,7,,3-1 - Box Brick Round|Corner,False,False
30151a,47,1,,3-1 - Bin drawer Domes|Sphere,False,False
30151b,47,2,,3-1 - Bin drawer Domes|Sphere,False,False
30151bpr9999,47,1,,3-1 - Bin drawer Domes|Sphere,False,False
4740,47,5,,3-1 - Bin drawer Dish,False,False
4740pr0009,47,1,,3-1 - Bin drawer Dish,False,False
43898,47,1,,3-1 - Box Dishes|Cones|Corner large,False,False
3960,47,1,,3-1 - Box Dishes|Cones|Corner large,False,False
35394,47,1,,3-1 - Box Dishes|Cones|Corner large,False,False
6141,47,87,,3-1 - Bin drawer Plate round 1x1 & 2x2,False,False
2654,47,5,,3-1 - Bin drawer Round inverted 2x2,False,False
11833,47,2,,3-1 - Box Plates round 3x3|4x4,False,False
30602,47,1,,3-1 - Bin drawer Lip|Curved end,False,False
98138,47,42,,3-1 - Bin drawer Tiles 1x1 & 2x2,False,False
25269,47,4,,3-1 - Bin drawer Tiles Rounded|Circle,False,False
98138pr0006,47,1,,3-1 - Bin drawer Tiles printed,False,False
3062b,33,13,,3-1 - Bin drawer Round 1x1|Fins,False,False
4589,33,1,,3-1 - Bin drawer Cones,False,False
59900,33,2,,3-1 - Bin drawer Cones,False,False
4740,33,4,,3-1 - Bin drawer Dish,False,False
6141,33,67,,3-1 - Bin drawer Plate round 1x1 & 2x2,False,False
2654,33,4,,3-1 - Bin drawer Round inverted 2x2,False,False
98138,33,13,,3-1 - Bin drawer Tiles printed,False,False
98138pr0002,33,2,,3-1 - Bin drawer Tiles printed,False,False
98138pr0032,33,1,,3-1 - Bin drawer Tiles printed,False,False
3941,45,3,,3-1 - Box Brick Round|Corner,False,False
59900,45,4,,3-1 - Bin drawer Cones,False,False
4740,45,1,,3-1 - Bin drawer Dish,False,False
6141,45,23,,3-1 - Bin drawer Plate round 1x1 & 2x2,False,False
98138,45,12,,3-1 - Bin drawer Tiles 1x1 & 2x2,False,False
3062b,34,8,,3-1 - Bin drawer Round 1x1|Fins,False,False
4589,34,1,,3-1 - Bin drawer Cones,False,False
59900,34,2,,3-1 - Bin drawer Cones,False,False
6141,34,48,0 - Color Table,3-1 - Bin drawer Plate round 1x1 & 2x2,False,False
98138,34,22,,3-1 - Bin drawer Tiles 1x1 & 2x2,False,False
98138pr0033,34,5,,3-1 - Bin drawer Tiles printed,False,False
42022,41,2,,3-1 - Box Bricks Curved large,False,False
3062b,41,15,,3-1 - Bin drawer Round 1x1|Fins,False,False
3941,41,11,,3-1 - Box Brick Round|Corner,False,False
4589,41,1,,3-1 - Bin drawer Cones,False,False
59900,41,11,,3-1 - Bin drawer Cones,False,False
85941,41,2,,3-1 - Box Dishes|Cones|Corner large,False,False
4740,41,9,,3-1 - Bin drawer Dish,False,False
43898,41,15,,3-1 - Box Dishes|Cones|Corner large,False,False
85861,41,8,,3-1 - Bin drawer Hole|Swirled|Star|Poo|Heart,False,False
6141,41,67,,3-1 - Bin drawer Plate round 1x1 & 2x2,False,False
30602,41,2,,3-1 - Bin drawer Lip|Curved end,False,False
98138,41,30,,3-1 - Bin drawer Tiles 1x1 & 2x2,False,False
25269,41,1,,3-1 - Bin drawer Tiles Rounded|Circle,False,False
3062b,42,6,,3-1 - Bin drawer Round 1x1|Fins,False,False
3941,42,4,,3-1 - Box Brick Round|Corner,False,False
4589,42,2,,3-1 - Bin drawer Cones,False,False
4740,42,7,,3-1 - Bin drawer Dish,False,False
6141,42,33,,3-1 - Bin drawer Plate round 1x1 & 2x2,False,False
3062b,57,5,,3-1 - Bin drawer Round 1x1|Fins,False,False
4589,57,1,,3-1 - Bin drawer Cones,False,False
59900,57,3,,3-1 - Bin drawer Cones,False,False
6141,57,31,0 - Color Table,3-1 - Bin drawer Plate round 1x1 & 2x2,False,False
3941,182,4,,3-1 - Box Brick Round|Corner,False,False
4589,182,2,,3-1 - Bin drawer Cones,False,False
59900,182,11,,3-1 - Bin drawer Cones,False,False
4740,182,4,,3-1 - Bin drawer Dish,False,False
85861,182,15,,3-1 - Bin drawer Hole|Swirled|Star|Poo|Heart,False,False
6141,182,38,,3-1 - Bin drawer Plate round 1x1 & 2x2,False,False
2654,182,6,,3-1 - Bin drawer Round inverted 2x2,False,False
98138,182,33,,3-1 - Bin drawer Tiles 1x1 & 2x2,False,False
24246,182,5,,3-1 - Bin drawer Tiles Rounded|Circle,False,False
98138pr0023,182,2,,3-1 - Bin drawer Tiles printed,False,False
59900,52,7,,3-1 - Bin drawer Cones,False,False
4740,52,2,,3-1 - Bin drawer Dish,False,False
3960pr9975,52,1,,3-1 - Box Dishes|Cones|Corner large,False,False
6141,52,10,0 - Color Table,3-1 - Bin drawer Plate round 1x1 & 2x2,False,False
98138,52,4,,3-1 - Bin drawer Tiles 1x1 & 2x2,False,False
3062b,36,15,,3-1 - Bin drawer Round 1x1|Fins,False,False
4589,36,4,,3-1 - Bin drawer Cones,False,False
59900,36,4,,3-1 - Bin drawer Cones,False,False
4740,36,3,,3-1 - Bin drawer Dish,False,False
43898,36,1,,3-1 - Box Dishes|Cones|Corner large,False,False
6141,36,165,,3-1 - Bin drawer Plate round 1x1 & 2x2,False,False
98138,36,49,,3-1 - Bin drawer Tiles 1x1 & 2x2,False,False
24246,36,2,,3-1 - Bin drawer Tiles Rounded|Circle,False,False
98138pr0031,36,2,,3-1 - Bin drawer Tiles printed,False,False
3062b,46,15,,3-1 - Bin drawer Round 1x1|Fins,False,False
3941,46,2,,3-1 - Box Brick Round|Corner,False,False
59900,46,13,,3-1 - Bin drawer Cones,False,False
6141,46,118,,3-1 - Bin drawer Plate round 1x1 & 2x2,False,False
2654,46,5,,3-1 - Bin drawer Round inverted 2x2,False,False
98138,46,20,,3-1 - Bin drawer Tiles 1x1 & 2x2,False,False
25269,46,1,,3-1 - Bin drawer Tiles Rounded|Circle,False,False
49307,15,9,,3-1 - Bin drawer Curved top small|half-circle|curved inverted 1x4,False,False
6091,15,28,,3-1 - Bin drawer Curved 1x2|Arch inverted,False,False
37352,15,13,,3-1 - Bin drawer Brick curved 1x2|1x4|2x4,False,False
33243,15,2,,3-1 - Bin drawer Top studs,False,False
10314,15,2,,3-1 - Bin drawer Brick curved 1x2|1x4|2x4,False,False
30165,15,3,,3-1 - Bin drawer Top studs,False,False
47457,15,6,,3-1 - Bin drawer Lip|Curved end,False,False
6215,15,13,,3-1 - Box Bricks Curved large,False,False
6081,15,2,,3-1 - Box Bricks Curved large,False,False
70681,15,2,,3-1 - Bin drawer Curved 1x2|Arch inverted,False,False
42022,15,13,,3-1 - Box Bricks Curved large,False,False
42023,15,3,,3-1 - Box Bricks Curved large,False,False
44126,15,3,,3-1 - Box Bricks Curved large,False,False
3062b,15,81,,3-1 - Bin drawer Round 1x1|Fins,False,False
4588,15,1,,3-1 - Bin drawer Round 1x1|Fins,False,False
15395,15,3,,3-1 - Bin drawer Domes|Sphere,False,False
30367c,15,4,,3-1 - Bin drawer Domes|Sphere,False,False
92947,15,2,,3-1 - Box Brick Round|Corner,False,False
20953,15,2,,3-1 - Bin drawer Domes|Sphere,False,False
98100,15,4,,3-1 - Bin drawer Cones,False,False
3941,15,26,,3-1 - Box Brick Round|Corner,False,False
87081,15,1,,3-1 - Box Brick Round|Corner,False,False
85080,15,20,,3-1 - Box Brick Round|Corner,False,False
88293,15,4,,3-1 - Box Dishes|Cones|Corner large,False,False
48092,15,5,,3-1 - Box Brick Round|Corner,False,False
4589,15,9,,3-1 - Bin drawer Cones,False,False
59900,15,17,,3-1 - Bin drawer Cones,False,False
3942c,15,1,,3-1 - Box Dishes|Cones|Corner large,False,False
3942a,15,3,,3-1 - Box Dishes|Cones|Corner large,False,False
6233,15,1,,3-1 - Box Dishes|Cones|Corner large,False,False
3943a,15,2,,3-1 - Box Dishes|Cones|Corner large,False,False
24593pr0009,15,2,,3-1 - Box Dishes|Cones|Corner large,False,False
6259,15,2,,3-1 - Box Dishes|Cones|Corner large,False,False
87926,15,2,,3-1 - Box Dishes|Cones|Corner large,False,False
4740,15,10,,3-1 - Bin drawer Dish,False,False
43898,15,4,,3-1 - Box Dishes|Cones|Corner large,False,False
43898pr0006,15,2,,3-1 - Box Dishes|Cones|Corner large,False,False
3960,15,3,,3-1 - Box Dishes|Cones|Corner large,False,False
3960pr9987,15,1,,3-1 - Box Dishes|Cones|Corner large,False,False
3960pr0024,15,1,,3-1 - Box Dishes|Cones|Corner large,False,False
4285b,15,1,,3-1 - Box Dishes|Cones|Corner large,False,False
15470,15,12,,3-1 - Bin drawer Hole|Swirled|Star|Poo|Heart,False,False
53119,15,6,,3-1 - Bin drawer Hole|Swirled|Star|Poo|Heart,False,False
85861,15,35,,3-1 - Bin drawer Hole|Swirled|Star|Poo|Heart,False,False
6141,15,87,,3-1 - Bin drawer Plate round 1x1 & 2x2,False,False
4032a,15,22,,3-1 - Bin drawer Plate round 1x1 & 2x2,False,False
4032b,15,4,,3-1 - Bin drawer Plate round 1x1 & 2x2,False,False
2654,15,13,,3-1 - Bin drawer Round inverted 2x2,False,False
60474,15,6,,3-1 - Box Plates round 3x3|4x4,False,False
30357,15,7,,3-1 - Box Plates round 3x3|4x4,False,False
30565,15,2,,3-1 - Box Plates round 3x3|4x4,False,False
22888,15,1,,3-1 - Box Plates round 6x6|8x8,False,False
35480,15,8,,3-1 - Bin drawer Wedges|Round ends,False,False
3176,15,3,,3-1 - Bin drawer Rounded end 3x2,False,False
35470,15,1,,3-1 - Bin drawer Odd shapes,False,False
61068,15,1,,3-1 - Bin drawer Curved 3x2|4x2|2x4,False,False
88930,15,2,,3-1 - Bin drawer Curved 3x2|4x2|2x4,False,False
24201,15,2,,3-1 - Bin drawer Curved Inverted 2x1|2x2,False,False
11477,15,20,,3-1 - Box Curved 2x1|2x2,False,False
29120,15,7,,3-1 - Bin drawer Wedges|Round ends,False,False
29119,15,7,,3-1 - Bin drawer Wedges|Round ends,False,False
30602,15,3,,3-1 - Bin drawer Lip|Curved end,False,False
66956,15,1,,3-1 - Bin drawer Wedges|Round ends,False,False
15068,15,16,,3-1 - Box Curved 2x1|2x2,False,False
32803,15,8,,3-1 - Bin drawer Curved Inverted 2x1|2x2,False,False
15068pr0007,15,1,,3-1 - Box Curved 2x1|2x2,False,False
50950,15,18,,3-1 - Bin drawer Curved 3x1|4x1,False,False
93273,15,13,,3-1 - Bin drawer Curved double 4x1,False,False
61678,15,1,,3-1 - Bin drawer Curved 3x1|4x1,False,False
11153,15,2,,3-1 - Bin drawer Curved 3x1|4x1,False,False
93606,15,1,,3-1 - Bin drawer Curved 3x2|4x2|2x4,False,False
27925,15,8,,3-1 - Bin drawer Tiles corner,False,False
27507,15,2,,3-1 - Bin drawer Tiles corner,False,False
98138,15,21,,3-1 - Bin drawer Tiles 1x1 & 2x2,False,False
24246,15,24,,3-1 - Bin drawer Tiles Rounded|Circle,False,False
25269,15,29,,3-1 - Bin drawer Tiles Rounded|Circle,False,False
98138pr0380,15,1,,3-1 - Bin drawer Tiles printed,False,False
98138pr0026,15,23,,3-1 - Bin drawer Tiles printed,False,False
98138pr0027,15,11,,3-1 - Bin drawer Tiles printed,False,False
98138pr0082,15,14,,3-1 - Bin drawer Tiles printed,False,False
98138pr0081,15,4,,3-1 - Bin drawer Tiles printed,False,False
98138pr0008,15,53,,3-1 - Bin drawer Tiles printed,False,False
98138pr0013,15,2,,3-1 - Bin drawer Tiles printed,False,False
98138pr0083,15,4,,3-1 - Bin drawer Tiles printed,False,False
98138pr0062,15,5,,3-1 - Bin drawer Tiles printed,False,False
1748,15,3,,3-1 - Bin drawer Tiles Rounded|Circle,False,False
4150,15,3,,3-1 - Bin drawer Tiles 1x1 & 2x2,False,False
14769,15,11,,3-1 - Bin drawer Tiles 1x1 & 2x2,False,False
14769pr0059,15,1,,3-1 - Bin drawer Tiles 1x1 & 2x2,False,False
14769pr0001,15,1,,3-1 - Bin drawer Tiles 1x1 & 2x2,False,False
14769pr0009,15,1,,3-1 - Bin drawer Tiles 1x1 & 2x2,False,False
14769pr1003,15,6,,3-1 - Bin drawer Tiles printed,False,False
14769pr1116,15,2,,3-1 - Bin drawer Tiles printed,False,False
15535,15,2,,3-1 - Bin drawer Tiles 1x1 & 2x2,False,False
4150pr0009,15,1,,3-1 - Bin drawer Tiles 1x1 & 2x2,False,False
4150pr0010,15,1,,3-1 - Bin drawer Tiles 1x1 & 2x2,False,False
4150pr0005,15,1,,3-1 - Bin drawer Tiles 1x1 & 2x2,False,False
80677pr0001,15,1,,3-1 - Bin drawer Odd shapes,False,False
50955,15,1,,3-1 - Box bag Wedges large,False,False
64225,15,1,,3-1 - Bin drawer Curved wedge 4x|inverted,False,False
41748,15,1,,3-1 - Box bag Wedges large,False,False
6091,14,2,,3-1 - Bin drawer Curved 1x2|Arch inverted,False,False
47457,14,1,,3-1 - Bin drawer Lip|Curved end,False,False
41855,14,1,,3-1 - Bin drawer Lip|Curved end,False,False
6081,14,4,,3-1 - Box Bricks Curved large,False,False
4744,14,1,,3-1 - Box Bricks Curved large,False,False
4744pr0006,14,1,,3-1 - Box Bricks Curved large,False,False
3062b,14,9,,3-1 - Bin drawer Round 1x1|Fins,False,False
30367b,14,1,,3-1 - Bin drawer Domes|Sphere,False,False
30367c,14,1,,3-1 - Bin drawer Domes|Sphere,False,False
3941,14,19,,3-1 - Box Brick Round|Corner,False,False
24947,14,1,,3-1 - Box Brick Round|Corner,False,False
4589,14,5,,3-1 - Bin drawer Cones,False,False
59900,14,7,,3-1 - Bin drawer Cones,False,False
4740,14,4,,3-1 - Bin drawer Dish,False,False
43898,14,1,,3-1 - Box Dishes|Cones|Corner large,False,False
85861,14,6,,3-1 - Bin drawer Hole|Swirled|Star|Poo|Heart,False,False
6141,14,43,,3-1 - Bin drawer Plate round 1x1 & 2x2,False,False
4032a,14,9,,3-1 - Bin drawer Plate round 1x1 & 2x2,False,False
60474,14,1,,3-1 - Box Plates round 3x3|4x4,False,False
30357,14,1,,3-1 - Box Plates round 3x3|4x4,False,False
3176,14,2,,3-1 - Bin drawer Rounded end 3x2,False,False
88930,14,3,,3-1 - Bin drawer Curved 3x2|4x2|2x4,False,False
11477,14,9,,3-1 - Box Curved 2x1|2x2,False,False
15068,14,5,,3-1 - Box Curved 2x1|2x2,False,False
15068pr0043,14,1,,3-1 - Box Curved 2x1|2x2,False,False
50950,14,1,,3-1 - Bin drawer Curved 3x1|4x1,False,False
93273,14,6,,3-1 - Bin drawer Curved double 4x1,False,False
93606,14,2,,3-1 - Bin drawer Curved 3x2|4x2|2x4,False,False
27925,14,2,,3-1 - Bin drawer Tiles corner,False,False
98138,14,6,,3-1 - Bin drawer Tiles 1x1 & 2x2,False,False
25269,14,13,,3-1 - Bin drawer Tiles Rounded|Circle,False,False
14769,14,4,,3-1 - Bin drawer Tiles 1x1 & 2x2,False,False
14769pr1107,14,1,,3-1 - Bin drawer Tiles 1x1 & 2x2,False,False
85861,158,2,,3-1 - Bin drawer Hole|Swirled|Star|Poo|Heart,False,False
6141,158,9,,3-1 - Bin drawer Plate round 1x1 & 2x2,False,False
50950,158,2,,3-1 - Bin drawer Curved 3x1|4x1,False,False
98138,158,5,,3-1 - Bin drawer Tiles 1x1 & 2x2,False,False
25269,158,4,,3-1 - Bin drawer Tiles Rounded|Circle,False,False
