Part,Color,Quantity,Notes,Location,IsUsed,IsStickered
6187,0,1,,4 - Box Ladders|Fences|Guardrail|Supports,False,False
4083,0,3,,4 - Box Ladders|Fences|Guardrail|Supports,False,False
62113,0,5,,4 - Box Window|Roof|Panel|Rock|Castle,False,False
6140,0,3,,4 - Box Ladders|Fences|Guardrail|Supports,False,False
95229,0,1,,4 - Box Ladders|Fences|Guardrail|Supports,False,False
6020,0,1,,4 - Box Ladders|Fences|Guardrail|Supports,False,False
2489,0,2,,4 - Box Storage|Chair|Barrel|Trash,False,False
6108,0,1,,4 - Box Arch | Bow,False,False
4490,0,1,,4 - Box Arch | Bow,False,False
88292,0,2,,4 - Box Arch | Bow,False,False
6005,0,8,,4 - Box Arch | Bow,False,False
18653,0,3,,4 - Box Arch | Bow,False,False
13965,0,1,,4 - Box Arch | Bow,False,False
14395,0,2,,4 - Box Arch | Bow,False,False
30099,0,1,,4 - Box Arch | Bow,False,False
92950,0,1,,4 - Box Arch | Bow,False,False
30136,0,9,,4 - Box Masonry | Brick | Log | Facet,False,False
2877,0,23,,4 - Box Masonry | Brick | Log | Facet,False,False
4216,0,4,,4 - Box Rail | Groove,False,False
2653,0,5,,4 - Box Rail | Groove,False,False
6066,0,2,,4 - Box Window|Roof|Panel|Rock|Castle,False,False
60596,0,12,,4 - Box Door|Large Window|Arch|Trap,False,False
4341,0,1,,4 - Box Storage|Chair|Barrel|Trash,False,False
30055,0,12,,4 - Box Ladders|Fences|Guardrail|Supports,False,False
15332,0,2,,4 - Box Ladders|Fences|Guardrail|Supports,False,False
23444,0,1,,4 - Box Ladders|Fences|Guardrail|Supports,False,False
6231,0,11,,4 - Bin drawer Panel 1x1|1x2|2x2 Corner|Divider|Sides,False,False
4865b,0,8,,4 - Bin drawer Panel 1x2,False,False
4865a,0,4,,4 - Bin drawer Panel 1x2,False,False
23969,0,8,,4 - Bin drawer Panel 1x1|1x2|2x2 Corner|Divider|Sides,False,False
93095,0,5,,4 - Bin drawer Panel 1x1|1x2|2x2 Corner|Divider|Sides,False,False
4864b,0,2,,4 - Box Panel 1x2x2 to 1x6x5,False,False
87552,0,4,,4 - Box Panel 1x2x2 to 1x6x5,False,False
2362b,0,2,,4 - Box Panel 1x2x2 to 1x6x5,False,False
87544,0,5,,4 - Box Panel 1x2x2 to 1x6x5,False,False
15207,0,1,,4 - Bin drawer Panel 1x3 | 1x4,False,False
14718,0,5,,4 - Box Panel 1x2x2 to 1x6x5,False,False
60581,0,3,,4 - Box Panel 1x2x2 to 1x6x5,False,False
59349,0,1,,4 - Box Panel 1x2x2 to 1x6x5,False,False
4444pr0009,0,1,,4 - Box Window|Roof|Panel|Rock|Castle,False,False
4444,0,1,,4 - Box Window|Roof|Panel|Rock|Castle,False,False
32028,0,14,,4 - Bin drawer Rail 1x2,False,False
4175,0,7,,4 - Box Ladders|Fences|Guardrail|Supports,False,False
6583,0,1,,4 - Box Ladders|Fences|Guardrail|Supports,False,False
4510,0,3,,4 - Box Rail | Groove,False,False
71752,0,2,,4 - Box Masonry | Brick | Log | Facet,False,False
92099,0,1,,4 - Box Door|Large Window|Arch|Trap,False,False
4079,0,1,,4 - Box Storage|Chair|Barrel|Trash,False,False
4079b,0,6,,4 - Box Storage|Chair|Barrel|Trash,False,False
61409,0,8,,4 - Bin drawer Grille | Cheese grater,False,False
4784,0,1,,4 - Box Ladders|Fences|Guardrail|Supports,False,False
30134,0,3,,4 - Box Ladders|Fences|Guardrail|Supports,False,False
40244,0,2,,4 - Box Ladders|Fences|Guardrail|Supports,False,False
58827,0,1,,4 - Box Ladders|Fences|Guardrail|Supports,False,False
95347,0,3,,4 - Box Ladders|Fences|Guardrail|Supports,False,False
4476b,0,1,,4 - Box Ladders|Fences|Guardrail|Supports,False,False
3940a,0,1,,4 - Box Ladders|Fences|Guardrail|Supports,False,False
3940b,0,1,,4 - Box Ladders|Fences|Guardrail|Supports,False,False
19798,0,2,,4 - Box Ladders|Fences|Guardrail|Supports,False,False
2412b,0,60,,4 - Bin drawer Grille | Cheese grater,False,False
2412a,0,6,,4 - Bin drawer Grille | Cheese grater,False,False
4739a,0,1,,4 - Box Storage|Chair|Barrel|Trash,False,False
87620,0,2,,4 - Box Masonry | Brick | Log | Facet,False,False
2462,0,2,,4 - Box Masonry | Brick | Log | Facet,False,False
14413,0,2,,4 - Box Masonry | Brick | Log | Facet,False,False
30046,0,2,,4 - Box Window|Roof|Panel|Rock|Castle,False,False
60592,0,3,,4 - Box Window|Roof|Panel|Rock|Castle,False,False
60032,0,12,,4 - Box Window|Roof|Panel|Rock|Castle,False,False
60593,0,5,,4 - Box Window|Roof|Panel|Rock|Castle,False,False
4035,0,2,,4 - Box Window|Roof|Panel|Rock|Castle,False,False
60594,0,3,,4 - Box Window|Roof|Panel|Rock|Castle,False,False
4345b,1,1,,4 - Box Storage|Chair|Barrel|Trash,False,False
4345a,1,1,,4 - Box Storage|Chair|Barrel|Trash,False,False
6182,1,2,,4 - Box Arch | Bow,False,False
4217,1,1,,4 - Box Rail | Groove,False,False
47899c01,1,1,,4 - Box Door|Large Window|Arch|Trap,False,False
60596,1,4,,4 - Box Door|Large Window|Arch|Trap,False,False
4865b,1,5,,4 - Bin drawer Panel 1x2,False,False
4865a,1,2,,4 - Bin drawer Panel 1x2,False,False
43337,1,8,,4 - Bin drawer Panel 1x3 | 1x4,False,False
15207,1,7,,4 - Bin drawer Panel 1x3 | 1x4,False,False
4079,1,1,,4 - Box Storage|Chair|Barrel|Trash,False,False
4079b,1,11,,4 - Box Storage|Chair|Barrel|Trash,False,False
61409,1,13,,4 - Bin drawer Grille | Cheese grater,False,False
2412b,1,6,,4 - Bin drawer Grille | Cheese grater,False,False
87620,1,1,,4 - Box Masonry | Brick | Log | Facet,False,False
88292,191,1,,4 - Box Arch | Bow,False,False
6005,191,2,,4 - Box Arch | Bow,False,False
35700,191,2,,4 - Box Storage|Chair|Barrel|Trash,False,False
2821,191,1,,4 - Box Storage|Chair|Barrel|Trash,False,False
93095,191,6,,4 - Bin drawer Panel 1x1|1x2|2x2 Corner|Divider|Sides,False,False
18653,226,2,,4 - Box Arch | Bow,False,False
92950,226,1,,4 - Box Arch | Bow,False,False
32028,226,1,,4 - Bin drawer Rail 1x2,False,False
4216,29,1,,4 - Box Rail | Groove,False,False
4536,29,2,,4 - Box Storage|Chair|Barrel|Trash,False,False
4865b,29,3,,4 - Bin drawer Panel 1x2,False,False
93095,29,2,,4 - Bin drawer Panel 1x1|1x2|2x2 Corner|Divider|Sides,False,False
2489,6,1,,4 - Box Storage|Chair|Barrel|Trash,False,False
2412b,6,6,,4 - Bin drawer Grille | Cheese grater,False,False
62113,321,1,,4 - Box Window|Roof|Panel|Rock|Castle,False,False
30099,321,1,,4 - Box Arch | Bow,False,False
15207,321,4,,4 - Bin drawer Panel 1x3 | 1x4,False,False
2412b,321,3,,4 - Bin drawer Grille | Cheese grater,False,False
87544,272,4,,4 - Box Panel 1x2x2 to 1x6x5,False,False
4079b,272,4,,4 - Box Storage|Chair|Barrel|Trash,False,False
2412b,272,4,,4 - Bin drawer Grille | Cheese grater,False,False
35563,272,1,,4 - Box Window|Roof|Panel|Rock|Castle,False,False
30044,272,1,,4 - Box Window|Roof|Panel|Rock|Castle,False,False
62113,72,2,,4 - Box Window|Roof|Panel|Rock|Castle,False,False
30095,72,1,,4 - Box Ladders|Fences|Guardrail|Supports,False,False
2489,72,1,,4 - Box Storage|Chair|Barrel|Trash,False,False
4490,72,3,,4 - Box Arch | Bow,False,False
6005,72,3,,4 - Box Arch | Bow,False,False
3659,72,3,,4 - Box Arch | Bow,False,False
3455,72,1,,4 - Box Arch | Bow,False,False
92950,72,8,,4 - Box Arch | Bow,False,False
15254,72,1,,4 - Box Arch | Bow,False,False
12939,72,1,,4 - Box Arch | Bow,False,False
16577,72,2,,4 - Box Arch | Bow,False,False
30136,72,18,,4 - Box Masonry | Brick | Log | Facet,False,False
2877,72,17,,4 - Box Masonry | Brick | Log | Facet,False,False
98283,72,7,,4 - Box Masonry | Brick | Log | Facet,False,False
90258,72,1,,4 - Box Rail | Groove,False,False
61780,72,5,,4 - Box Storage|Chair|Barrel|Trash,False,False
4533,72,4,,4 - Box Storage|Chair|Barrel|Trash,False,False
60614,72,4,,4 - Box Window|Roof|Panel|Rock|Castle,False,False
60596,72,3,,4 - Box Door|Large Window|Arch|Trap,False,False
6231,72,2,,4 - Bin drawer Panel 1x1|1x2|2x2 Corner|Divider|Sides,False,False
4865b,72,1,,4 - Bin drawer Panel 1x2,False,False
23969,72,2,,4 - Bin drawer Panel 1x1|1x2|2x2 Corner|Divider|Sides,False,False
15207,72,1,,4 - Bin drawer Panel 1x3 | 1x4,False,False
60581,72,3,,4 - Box Panel 1x2x2 to 1x6x5,False,False
59349,72,7,,4 - Box Panel 1x2x2 to 1x6x5,False,False
32028,72,17,,4 - Bin drawer Rail 1x2,False,False
4175,72,5,,4 - Box Ladders|Fences|Guardrail|Supports,False,False
92099,72,1,,4 - Box Door|Large Window|Arch|Trap,False,False
30042,72,2,,4 - Box Door|Large Window|Arch|Trap,False,False
30041,72,2,,4 - Box Door|Large Window|Arch|Trap,False,False
23996,72,1,,4 - Box Window|Roof|Panel|Rock|Castle,False,False
47847,72,2,,4 - Box Window|Roof|Panel|Rock|Castle,False,False
4079b,72,5,,4 - Box Storage|Chair|Barrel|Trash,False,False
61409,72,25,,4 - Bin drawer Grille | Cheese grater,False,False
58827,72,1,,4 - Box Ladders|Fences|Guardrail|Supports,False,False
2412b,72,111,,4 - Bin drawer Grille | Cheese grater,False,False
92926,72,4,,4 - Box Storage|Chair|Barrel|Trash,False,False
87620,72,3,,4 - Box Masonry | Brick | Log | Facet,False,False
2462,72,1,,4 - Box Masonry | Brick | Log | Facet,False,False
60594,72,2,,4 - Box Window|Roof|Panel|Rock|Castle,False,False
3659,308,4,,4 - Box Arch | Bow,False,False
2339,308,1,,4 - Box Arch | Bow,False,False
30099,308,1,,4 - Box Arch | Bow,False,False
30136,308,11,,4 - Box Masonry | Brick | Log | Facet,False,False
30137,308,1,,4 - Box Masonry | Brick | Log | Facet,False,False
30101,8,2,,4 - Box Door|Large Window|Arch|Trap,False,False
6083,8,1,,4 - Box Window|Roof|Panel|Rock|Castle,False,False
61409,288,2,,4 - Bin drawer Grille | Cheese grater,False,False
30136,484,4,,4 - Box Masonry | Brick | Log | Facet,False,False
61409,484,2,,4 - Bin drawer Grille | Cheese grater,False,False
3659,5,2,,4 - Box Arch | Bow,False,False
6183,5,2,,4 - Box Arch | Bow,False,False
48245,5,1,,4 - Box Storage|Chair|Barrel|Trash,False,False
6005,85,3,,4 - Box Arch | Bow,False,False
92950,85,1,,4 - Box Arch | Bow,False,False
23969,85,2,,4 - Bin drawer Panel 1x1|1x2|2x2 Corner|Divider|Sides,False,False
2412b,85,5,,4 - Bin drawer Grille | Cheese grater,False,False
51239,85,32,,4 - Box Window|Roof|Panel|Rock|Castle,False,False
6005,320,1,,4 - Box Arch | Bow,False,False
13965,320,4,,4 - Box Arch | Bow,False,False
98283,320,2,,4 - Box Masonry | Brick | Log | Facet,False,False
2412b,320,10,,4 - Bin drawer Grille | Cheese grater,False,False
60032,320,1,,4 - Box Window|Roof|Panel|Rock|Castle,False,False
30136,28,19,,4 - Box Masonry | Brick | Log | Facet,False,False
98283,28,15,,4 - Box Masonry | Brick | Log | Facet,False,False
60596,28,1,,4 - Box Door|Large Window|Arch|Trap,False,False
4865b,28,2,,4 - Bin drawer Panel 1x2,False,False
32028,28,2,,4 - Bin drawer Rail 1x2,False,False
87620,28,2,,4 - Box Masonry | Brick | Log | Facet,False,False
16577,3,1,,4 - Box Arch | Bow,False,False
30136,3,5,,4 - Box Masonry | Brick | Log | Facet,False,False
2412b,3,1,,4 - Bin drawer Grille | Cheese grater,False,False
2412b,179,24,,4 - Bin drawer Grille | Cheese grater,False,False
4738c,179,1,,4 - Box Storage|Chair|Barrel|Trash,False,False
4865b,2,2,,4 - Bin drawer Panel 1x2,False,False
98280,2,1,,4 - Box Panel 1x2x2 to 1x6x5,False,False
2412b,2,7,,4 - Bin drawer Grille | Cheese grater,False,False
92926,2,5,,4 - Box Storage|Chair|Barrel|Trash,False,False
60608,2,2,,4 - Box Window|Roof|Panel|Rock|Castle,False,False
88393,323,2,,4 - Box Rail | Groove,False,False
90195,323,3,,4 - Box Window|Roof|Panel|Rock|Castle,False,False
6187,71,2,,4 - Box Ladders|Fences|Guardrail|Supports,False,False
6140,71,6,,4 - Box Ladders|Fences|Guardrail|Supports,False,False
6020,71,2,,4 - Box Ladders|Fences|Guardrail|Supports,False,False
4346,71,3,,4 - Box Storage|Chair|Barrel|Trash,False,False
4345b,71,3,,4 - Box Storage|Chair|Barrel|Trash,False,False
30150,71,2,,4 - Box Storage|Chair|Barrel|Trash,False,False
18838,71,1,,4 - Box Arch | Bow,False,False
4490,71,4,,4 - Box Arch | Bow,False,False
6005,71,3,,4 - Box Arch | Bow,False,False
18653,71,3,,4 - Box Arch | Bow,False,False
13965,71,2,,4 - Box Arch | Bow,False,False
6182,71,4,,4 - Box Arch | Bow,False,False
92950,71,12,,4 - Box Arch | Bow,False,False
15254,71,1,,4 - Box Arch | Bow,False,False
12939,71,1,,4 - Box Arch | Bow,False,False
20310,71,1,,4 - Box Masonry | Brick | Log | Facet,False,False
30136,71,18,,4 - Box Masonry | Brick | Log | Facet,False,False
2877,71,7,,4 - Box Masonry | Brick | Log | Facet,False,False
4216,71,5,,4 - Box Rail | Groove,False,False
98283,71,32,,4 - Box Masonry | Brick | Log | Facet,False,False
88393,71,2,,4 - Box Rail | Groove,False,False
30137,71,2,,4 - Box Masonry | Brick | Log | Facet,False,False
2653,71,8,,4 - Box Rail | Groove,False,False
4533,71,1,,4 - Box Storage|Chair|Barrel|Trash,False,False
92410,71,2,,4 - Box Storage|Chair|Barrel|Trash,False,False
4532,71,3,,4 - Box Storage|Chair|Barrel|Trash,False,False
60621,71,4,,4 - Box Door|Large Window|Arch|Trap,False,False
60616b,71,1,,4 - Box Door|Large Window|Arch|Trap,False,False
60596,71,4,,4 - Box Door|Large Window|Arch|Trap,False,False
60599,71,1,,4 - Box Door|Large Window|Arch|Trap,False,False
92589,71,3,,4 - Box Door|Large Window|Arch|Trap,False,False
30055,71,4,,4 - Box Ladders|Fences|Guardrail|Supports,False,False
15332,71,3,,4 - Box Ladders|Fences|Guardrail|Supports,False,False
60602,71,3,,4 - Box Window|Roof|Panel|Rock|Castle,False,False
6231,71,3,,4 - Bin drawer Panel 1x1|1x2|2x2 Corner|Divider|Sides,False,False
4865b,71,10,,4 - Bin drawer Panel 1x2,False,False
4865a,71,3,,4 - Bin drawer Panel 1x2,False,False
87552,71,2,,4 - Box Panel 1x2x2 to 1x6x5,False,False
87544,71,2,,4 - Box Panel 1x2x2 to 1x6x5,False,False
43337,71,5,,4 - Bin drawer Panel 1x3 | 1x4,False,False
15207,71,4,,4 - Bin drawer Panel 1x3 | 1x4,False,False
14718,71,1,,4 - Box Panel 1x2x2 to 1x6x5,False,False
60581,71,2,,4 - Box Panel 1x2x2 to 1x6x5,False,False
59349,71,2,,4 - Box Panel 1x2x2 to 1x6x5,False,False
91501,71,1,,4 - Bin drawer Panel 1x1|1x2|2x2 Corner|Divider|Sides,False,False
15626pr0002,71,1,,4 - Box Door|Large Window|Arch|Trap,False,False
32028,71,22,,4 - Bin drawer Rail 1x2,False,False
4175,71,2,,4 - Box Ladders|Fences|Guardrail|Supports,False,False
4510,71,2,,4 - Box Rail | Groove,False,False
30586,71,3,,4 - Box Rail | Groove,False,False
61409,71,5,,4 - Bin drawer Grille | Cheese grater,False,False
43888,71,1,,4 - Box Ladders|Fences|Guardrail|Supports,False,False
2412b,71,79,,4 - Bin drawer Grille | Cheese grater,False,False
87620,71,5,,4 - Box Masonry | Brick | Log | Facet,False,False
2462,71,2,,4 - Box Masonry | Brick | Log | Facet,False,False
90195,71,2,,4 - Box Window|Roof|Panel|Rock|Castle,False,False
60594,71,1,,4 - Box Window|Roof|Panel|Rock|Castle,False,False
6016,7,1,,4 - Box Window|Roof|Panel|Rock|Castle,False,False
2339,7,3,,4 - Box Arch | Bow,False,False
6072,7,2,,4 - Box Window|Roof|Panel|Rock|Castle,False,False
4219,7,1,,4 - Box Door|Large Window|Arch|Trap,False,False
4444,7,1,,4 - Box Window|Roof|Panel|Rock|Castle,False,False
4444pr0001,7,1,,4 - Box Window|Roof|Panel|Rock|Castle,False,False
4079,7,1,,4 - Box Storage|Chair|Barrel|Trash,False,False
2412a,7,1,,4 - Bin drawer Grille | Cheese grater,False,False
6231,27,2,,4 - Bin drawer Panel 1x1|1x2|2x2 Corner|Divider|Sides,False,False
4865b,27,1,,4 - Bin drawer Panel 1x2,False,False
15207,27,4,,4 - Bin drawer Panel 1x3 | 1x4,False,False
61409,27,5,,4 - Bin drawer Grille | Cheese grater,False,False
4219,26,1,,4 - Box Door|Large Window|Arch|Trap,False,False
23969,26,6,,4 - Bin drawer Panel 1x1|1x2|2x2 Corner|Divider|Sides,False,False
60581,26,3,,4 - Box Panel 1x2x2 to 1x6x5,False,False
35563,26,2,,4 - Box Window|Roof|Panel|Rock|Castle,False,False
35700,322,1,,4 - Box Storage|Chair|Barrel|Trash,False,False
60623,322,1,,4 - Box Door|Large Window|Arch|Trap,False,False
6231,322,4,,4 - Bin drawer Panel 1x1|1x2|2x2 Corner|Divider|Sides,False,False
4865b,322,6,,4 - Bin drawer Panel 1x2,False,False
23969,322,4,,4 - Bin drawer Panel 1x1|1x2|2x2 Corner|Divider|Sides,False,False
93095,322,3,,4 - Bin drawer Panel 1x1|1x2|2x2 Corner|Divider|Sides,False,False
64951,73,1,,4 - Box Storage|Chair|Barrel|Trash,False,False
4079,351,4,0 - Color Table,4 - Box Storage|Chair|Barrel|Trash,False,False
64951,30,2,,4 - Box Storage|Chair|Barrel|Trash,False,False
2339,30,2,,4 - Box Arch | Bow,False,False
93095,30,2,,4 - Bin drawer Panel 1x1|1x2|2x2 Corner|Divider|Sides,False,False
30150,84,2,,4 - Box Storage|Chair|Barrel|Trash,False,False
6182,84,4,,4 - Box Arch | Bow,False,False
30136,84,19,,4 - Box Masonry | Brick | Log | Facet,False,False
98283,84,39,,4 - Box Masonry | Brick | Log | Facet,False,False
30137,84,6,,4 - Box Masonry | Brick | Log | Facet,False,False
15533,84,3,,4 - Box Masonry | Brick | Log | Facet,False,False
4536,84,2,,4 - Box Storage|Chair|Barrel|Trash,False,False
43888,84,2,,4 - Box Ladders|Fences|Guardrail|Supports,False,False
4738c,84,3,,4 - Box Storage|Chair|Barrel|Trash,False,False
4739a,84,3,,4 - Box Storage|Chair|Barrel|Trash,False,False
2412b,80,7,0 - Color Table,4 - Bin drawer Grille | Cheese grater,False,False
60601,1056,3,,4 - Box Window|Roof|Panel|Rock|Castle,False,False
4532,25,2,,4 - Box Storage|Chair|Barrel|Trash,False,False
43337,25,2,,4 - Bin drawer Panel 1x3 | 1x4,False,False
60581,25,1,,4 - Box Panel 1x2x2 to 1x6x5,False,False
98280,25,1,,4 - Box Panel 1x2x2 to 1x6x5,False,False
2412b,25,4,,4 - Bin drawer Grille | Cheese grater,False,False
20310,297,8,,4 - Box Masonry | Brick | Log | Facet,False,False
28870,297,4,,4 - Box Ladders|Fences|Guardrail|Supports,False,False
19121,297,1,,4 - Box Ladders|Fences|Guardrail|Supports,False,False
2412b,297,16,,4 - Bin drawer Grille | Cheese grater,False,False
4738c,297,1,,4 - Box Storage|Chair|Barrel|Trash,False,False
4739a,297,1,,4 - Box Storage|Chair|Barrel|Trash,False,False
30046,297,2,,4 - Box Window|Roof|Panel|Rock|Castle,False,False
60607,297,2,,4 - Box Window|Roof|Panel|Rock|Castle,False,False
60621,1103,1,,4 - Box Door|Large Window|Arch|Trap,False,False
92589,1103,4,,4 - Box Door|Large Window|Arch|Trap,False,False
4083,4,1,,4 - Box Ladders|Fences|Guardrail|Supports,False,False
6140,4,1,,4 - Box Ladders|Fences|Guardrail|Supports,False,False
4346,4,1,,4 - Box Storage|Chair|Barrel|Trash,False,False
4345b,4,1,,4 - Box Storage|Chair|Barrel|Trash,False,False
3659,4,4,,4 - Box Arch | Bow,False,False
4217,4,3,,4 - Box Rail | Groove,False,False
4216,4,24,,4 - Box Rail | Groove,False,False
4536,4,2,,4 - Box Storage|Chair|Barrel|Trash,False,False
4533,4,1,,4 - Box Storage|Chair|Barrel|Trash,False,False
92410,4,2,,4 - Box Storage|Chair|Barrel|Trash,False,False
4532,4,3,,4 - Box Storage|Chair|Barrel|Trash,False,False
60596,4,1,,4 - Box Door|Large Window|Arch|Trap,False,False
60599,4,1,,4 - Box Door|Large Window|Arch|Trap,False,False
80400,4,1,,4 - Box Door|Large Window|Arch|Trap,False,False
6231,4,4,,4 - Bin drawer Panel 1x1|1x2|2x2 Corner|Divider|Sides,False,False
4865b,4,9,,4 - Bin drawer Panel 1x2,False,False
4865a,4,14,,4 - Bin drawer Panel 1x2,False,False
4864a,4,2,,4 - Box Panel 1x2x2 to 1x6x5,False,False
43337,4,4,,4 - Bin drawer Panel 1x3 | 1x4,False,False
15207,4,3,,4 - Bin drawer Panel 1x3 | 1x4,False,False
4215apr0015,4,2,,4 - Box Panel 1x2x2 to 1x6x5,False,False
32028,4,5,,4 - Bin drawer Rail 1x2,False,False
4079,4,1,,4 - Box Storage|Chair|Barrel|Trash,False,False
4079b,4,3,,4 - Box Storage|Chair|Barrel|Trash,False,False
61409,4,12,,4 - Bin drawer Grille | Cheese grater,False,False
95347,4,1,,4 - Box Ladders|Fences|Guardrail|Supports,False,False
43888,4,5,,4 - Box Ladders|Fences|Guardrail|Supports,False,False
2412b,4,15,,4 - Bin drawer Grille | Cheese grater,False,False
2412a,4,2,,4 - Bin drawer Grille | Cheese grater,False,False
14413,4,1,,4 - Box Masonry | Brick | Log | Facet,False,False
60592,4,4,,4 - Box Window|Roof|Panel|Rock|Castle,False,False
4863,4,6,,4 - Box Window|Roof|Panel|Rock|Castle,False,False
6160c01,4,1,,4 - Box Door|Large Window|Arch|Trap,False,False
2489,70,1,,4 - Box Storage|Chair|Barrel|Trash,False,False
30150,70,3,,4 - Box Storage|Chair|Barrel|Trash,False,False
13965,70,10,,4 - Box Arch | Bow,False,False
3659,70,3,,4 - Box Arch | Bow,False,False
14395,70,6,,4 - Box Arch | Bow,False,False
76768,70,3,,4 - Box Arch | Bow,False,False
92950,70,2,,4 - Box Arch | Bow,False,False
20310,70,2,,4 - Box Masonry | Brick | Log | Facet,False,False
30136,70,33,,4 - Box Masonry | Brick | Log | Facet,False,False
2877,70,20,,4 - Box Masonry | Brick | Log | Facet,False,False
4216,70,1,,4 - Box Rail | Groove,False,False
30137,70,2,,4 - Box Masonry | Brick | Log | Facet,False,False
61780,70,6,,4 - Box Storage|Chair|Barrel|Trash,False,False
92410,70,1,,4 - Box Storage|Chair|Barrel|Trash,False,False
64390,70,1,,4 - Box Door|Large Window|Arch|Trap,False,False
60599,70,2,,4 - Box Door|Large Window|Arch|Trap,False,False
15332,70,3,,4 - Box Ladders|Fences|Guardrail|Supports,False,False
6231,70,3,,4 - Bin drawer Panel 1x1|1x2|2x2 Corner|Divider|Sides,False,False
93095,70,1,,4 - Bin drawer Panel 1x1|1x2|2x2 Corner|Divider|Sides,False,False
15207,70,4,,4 - Bin drawer Panel 1x3 | 1x4,False,False
33303,70,1,,4 - Box Ladders|Fences|Guardrail|Supports,False,False
32028,70,4,,4 - Bin drawer Rail 1x2,False,False
4079b,70,2,,4 - Box Storage|Chair|Barrel|Trash,False,False
43888,70,5,,4 - Box Ladders|Fences|Guardrail|Supports,False,False
2412b,70,4,,4 - Bin drawer Grille | Cheese grater,False,False
4738c,70,1,,4 - Box Storage|Chair|Barrel|Trash,False,False
4739a,70,1,,4 - Box Storage|Chair|Barrel|Trash,False,False
30044,70,7,,4 - Box Window|Roof|Panel|Rock|Castle,False,False
60592,70,1,,4 - Box Window|Roof|Panel|Rock|Castle,False,False
60593,70,17,,4 - Box Window|Roof|Panel|Rock|Castle,False,False
60607,70,4,,4 - Box Window|Roof|Panel|Rock|Castle,False,False
60594,70,4,,4 - Box Window|Roof|Panel|Rock|Castle,False,False
2877,379,1,,4 - Box Masonry | Brick | Log | Facet,False,False
98283,378,2,,4 - Box Masonry | Brick | Log | Facet,False,False
4490,19,1,,4 - Box Arch | Bow,False,False
88292,19,1,,4 - Box Arch | Bow,False,False
13965,19,4,,4 - Box Arch | Bow,False,False
3659,19,8,,4 - Box Arch | Bow,False,False
6182,19,2,,4 - Box Arch | Bow,False,False
14395,19,1,,4 - Box Arch | Bow,False,False
92950,19,1,,4 - Box Arch | Bow,False,False
15254,19,7,,4 - Box Arch | Bow,False,False
30136,19,25,,4 - Box Masonry | Brick | Log | Facet,False,False
2877,19,15,,4 - Box Masonry | Brick | Log | Facet,False,False
4216,19,1,,4 - Box Rail | Groove,False,False
98283,19,7,,4 - Box Masonry | Brick | Log | Facet,False,False
60601,19,1,,4 - Box Window|Roof|Panel|Rock|Castle,False,False
6231,19,11,,4 - Bin drawer Panel 1x1|1x2|2x2 Corner|Divider|Sides,False,False
4865b,19,6,,4 - Bin drawer Panel 1x2,False,False
4865a,19,2,,4 - Bin drawer Panel 1x2,False,False
23969,19,3,,4 - Bin drawer Panel 1x1|1x2|2x2 Corner|Divider|Sides,False,False
91501,19,4,,4 - Bin drawer Panel 1x1|1x2|2x2 Corner|Divider|Sides,False,False
4510,19,3,,4 - Box Rail | Groove,False,False
71752,19,2,,4 - Box Masonry | Brick | Log | Facet,False,False
2412b,19,4,,4 - Bin drawer Grille | Cheese grater,False,False
60032,19,1,,4 - Box Window|Roof|Panel|Rock|Castle,False,False
60593,19,2,,4 - Box Window|Roof|Panel|Rock|Castle,False,False
4035,19,1,,4 - Box Window|Roof|Panel|Rock|Castle,False,False
4865b,35,1,,4 - Bin drawer Panel 1x2,False,False
60616a,40,1,,4 - Box Door|Large Window|Arch|Trap,False,False
4218,40,5,,4 - Box Door|Large Window|Arch|Trap,False,False
60602,40,13,,4 - Box Window|Roof|Panel|Rock|Castle,False,False
57895,40,1,,4 - Box Door|Large Window|Arch|Trap,False,False
4865b,40,5,,4 - Bin drawer Panel 1x2,False,False
4865a,40,2,,4 - Bin drawer Panel 1x2,False,False
87552,40,22,,4 - Box Panel 1x2x2 to 1x6x5,False,False
87544,40,2,,4 - Box Panel 1x2x2 to 1x6x5,False,False
43337,40,10,,4 - Bin drawer Panel 1x3 | 1x4,False,False
4215b,40,1,,4 - Box Panel 1x2x2 to 1x6x5,False,False
60581,40,13,,4 - Box Panel 1x2x2 to 1x6x5,False,False
4346,47,6,,4 - Box Storage|Chair|Barrel|Trash,False,False
60616b,47,1,,4 - Box Door|Large Window|Arch|Trap,False,False
30102,47,2,,4 - Box Door|Large Window|Arch|Trap,False,False
4218,47,12,,4 - Box Door|Large Window|Arch|Trap,False,False
51266,47,31,,4 - Box Window|Roof|Panel|Rock|Castle,False,False
4036,47,2,,4 - Box Window|Roof|Panel|Rock|Castle,False,False
60601,47,26,,4 - Box Window|Roof|Panel|Rock|Castle,False,False
60601pr0005,47,2,,4 - Box Window|Roof|Panel|Rock|Castle,False,False
60602,47,3,,4 - Box Window|Roof|Panel|Rock|Castle,False,False
60603,47,4,,4 - Box Window|Roof|Panel|Rock|Castle,False,False
57895,47,4,,4 - Box Door|Large Window|Arch|Trap,False,False
57895pr0001,47,1,,4 - Box Door|Large Window|Arch|Trap,False,False
57895pr0007,47,1,,4 - Box Door|Large Window|Arch|Trap,False,False
4865b,47,7,,4 - Bin drawer Panel 1x2,False,False
23969,47,2,,4 - Bin drawer Panel 1x1|1x2|2x2 Corner|Divider|Sides,False,False
87552,47,4,,4 - Box Panel 1x2x2 to 1x6x5,False,False
87544,47,7,,4 - Box Panel 1x2x2 to 1x6x5,False,False
60581,47,5,,4 - Box Panel 1x2x2 to 1x6x5,False,False
30562,47,1,,4 - Box Window|Roof|Panel|Rock|Castle,False,False
4533,41,4,,4 - Box Storage|Chair|Barrel|Trash,False,False
60616a,41,3,,4 - Box Door|Large Window|Arch|Trap,False,False
4218,41,19,,4 - Box Door|Large Window|Arch|Trap,False,False
60601,41,5,,4 - Box Window|Roof|Panel|Rock|Castle,False,False
4862,41,12,,4 - Box Window|Roof|Panel|Rock|Castle,False,False
60603,41,10,,4 - Box Window|Roof|Panel|Rock|Castle,False,False
60603pr0001,41,1,,4 - Box Window|Roof|Panel|Rock|Castle,False,False
57895,41,11,,4 - Box Door|Large Window|Arch|Trap,False,False
4865b,41,4,,4 - Bin drawer Panel 1x2,False,False
4865a,41,4,,4 - Bin drawer Panel 1x2,False,False
23969,41,4,,4 - Bin drawer Panel 1x1|1x2|2x2 Corner|Divider|Sides,False,False
4864b,41,1,,4 - Box Panel 1x2x2 to 1x6x5,False,False
87552,41,12,,4 - Box Panel 1x2x2 to 1x6x5,False,False
4864a,41,2,,4 - Box Panel 1x2x2 to 1x6x5,False,False
87544,41,1,,4 - Box Panel 1x2x2 to 1x6x5,False,False
4215b,41,2,,4 - Box Panel 1x2x2 to 1x6x5,False,False
59349,41,1,,4 - Box Panel 1x2x2 to 1x6x5,False,False
2571,41,1,,4 - Box Window|Roof|Panel|Rock|Castle,False,False
30562,41,1,,4 - Box Window|Roof|Panel|Rock|Castle,False,False
47847,41,2,,4 - Box Window|Roof|Panel|Rock|Castle,False,False
2412b,143,1,,4 - Bin drawer Grille | Cheese grater,False,False
4865b,57,2,,4 - Bin drawer Panel 1x2,False,False
2412b,57,2,,4 - Bin drawer Grille | Cheese grater,False,False
2412b,36,15,,4 - Bin drawer Grille | Cheese grater,False,False
6187,15,1,,4 - Box Ladders|Fences|Guardrail|Supports,False,False
6140,15,4,,4 - Box Ladders|Fences|Guardrail|Supports,False,False
4873,15,1,,4 - Box Ladders|Fences|Guardrail|Supports,False,False
6020,15,1,,4 - Box Ladders|Fences|Guardrail|Supports,False,False
4346,15,3,,4 - Box Storage|Chair|Barrel|Trash,False,False
4345b,15,4,,4 - Box Storage|Chair|Barrel|Trash,False,False
4490,15,1,,4 - Box Arch | Bow,False,False
88292,15,1,,4 - Box Arch | Bow,False,False
6005,15,5,,4 - Box Arch | Bow,False,False
18653,15,4,,4 - Box Arch | Bow,False,False
3659,15,9,,4 - Box Arch | Bow,False,False
6182,15,7,,4 - Box Arch | Bow,False,False
3455,15,3,,4 - Box Arch | Bow,False,False
92950,15,1,,4 - Box Arch | Bow,False,False
15254,15,1,,4 - Box Arch | Bow,False,False
6060,15,2,,4 - Box Arch | Bow,False,False
30257,15,1,,4 - Box Arch | Bow,False,False
4217,15,8,,4 - Box Rail | Groove,False,False
20310,15,5,,4 - Box Masonry | Brick | Log | Facet,False,False
30136,15,3,,4 - Box Masonry | Brick | Log | Facet,False,False
2877,15,14,,4 - Box Masonry | Brick | Log | Facet,False,False
4216,15,66,,4 - Box Rail | Groove,False,False
88393,15,1,,4 - Box Rail | Groove,False,False
4533,15,3,,4 - Box Storage|Chair|Barrel|Trash,False,False
92410,15,3,,4 - Box Storage|Chair|Barrel|Trash,False,False
58381,15,1,,4 - Box Door|Large Window|Arch|Trap,False,False
58380,15,1,,4 - Box Door|Large Window|Arch|Trap,False,False
3861b,15,2,,4 - Box Door|Large Window|Arch|Trap,False,False
60616b,15,1,,4 - Box Door|Large Window|Arch|Trap,False,False
60596,15,6,,4 - Box Door|Large Window|Arch|Trap,False,False
42205,15,1,,4 - Box Door|Large Window|Arch|Trap,False,False
28327,15,1,,4 - Box Door|Large Window|Arch|Trap,False,False
6079,15,1,,4 - Box Ladders|Fences|Guardrail|Supports,False,False
19121,15,1,,4 - Box Ladders|Fences|Guardrail|Supports,False,False
4219,15,3,,4 - Box Door|Large Window|Arch|Trap,False,False
4218,15,3,,4 - Box Door|Large Window|Arch|Trap,False,False
70646,15,1,,4 - Box Ladders|Fences|Guardrail|Supports,False,False
6231,15,3,,4 - Bin drawer Panel 1x1|1x2|2x2 Corner|Divider|Sides,False,False
4865b,15,10,,4 - Bin drawer Panel 1x2,False,False
4865a,15,3,,4 - Bin drawer Panel 1x2,False,False
23969,15,1,,4 - Bin drawer Panel 1x1|1x2|2x2 Corner|Divider|Sides,False,False
93095,15,5,,4 - Bin drawer Panel 1x1|1x2|2x2 Corner|Divider|Sides,False,False
4865apr0006,15,2,,4 - Bin drawer Panel 1x2,False,False
4864b,15,2,,4 - Box Panel 1x2x2 to 1x6x5,False,False
87552,15,5,,4 - Box Panel 1x2x2 to 1x6x5,False,False
2362b,15,2,,4 - Box Panel 1x2x2 to 1x6x5,False,False
87544,15,6,,4 - Box Panel 1x2x2 to 1x6x5,False,False
87544pr0006,15,1,,4 - Box Panel 1x2x2 to 1x6x5,False,False
23950,15,3,,4 - Bin drawer Panel 1x3 | 1x4,False,False
43337,15,4,,4 - Bin drawer Panel 1x3 | 1x4,False,False
15207,15,9,,4 - Bin drawer Panel 1x3 | 1x4,False,False
14718,15,4,,4 - Box Panel 1x2x2 to 1x6x5,False,False
60581,15,3,,4 - Box Panel 1x2x2 to 1x6x5,False,False
4215a,15,1,,4 - Box Panel 1x2x2 to 1x6x5,False,False
59349,15,4,,4 - Box Panel 1x2x2 to 1x6x5,False,False
91501,15,2,,4 - Bin drawer Panel 1x1|1x2|2x2 Corner|Divider|Sides,False,False
33303,15,1,,4 - Box Ladders|Fences|Guardrail|Supports,False,False
32028,15,6,,4 - Bin drawer Rail 1x2,False,False
4510,15,6,,4 - Box Rail | Groove,False,False
30586,15,4,,4 - Box Rail | Groove,False,False
4079,15,1,,4 - Box Storage|Chair|Barrel|Trash,False,False
61409,15,2,,4 - Bin drawer Grille | Cheese grater,False,False
4476b,15,2,,4 - Box Ladders|Fences|Guardrail|Supports,False,False
43888,15,2,,4 - Box Ladders|Fences|Guardrail|Supports,False,False
3940a,15,1,,4 - Box Ladders|Fences|Guardrail|Supports,False,False
19798,15,1,,4 - Box Ladders|Fences|Guardrail|Supports,False,False
2412b,15,47,,4 - Bin drawer Grille | Cheese grater,False,False
2412a,15,1,,4 - Bin drawer Grille | Cheese grater,False,False
30044,15,1,,4 - Box Window|Roof|Panel|Rock|Castle,False,False
60592,15,14,,4 - Box Window|Roof|Panel|Rock|Castle,False,False
60032,15,3,,4 - Box Window|Roof|Panel|Rock|Castle,False,False
60593,15,4,,4 - Box Window|Roof|Panel|Rock|Castle,False,False
20309,15,1,,4 - Box Window|Roof|Panel|Rock|Castle,False,False
61345,15,3,,4 - Box Window|Roof|Panel|Rock|Castle,False,False
60594,15,18,,4 - Box Window|Roof|Panel|Rock|Castle,False,False
57894,15,2,,4 - Box Door|Large Window|Arch|Trap,False,False
73878,15,8,,4 - Box Window|Roof|Panel|Rock|Castle,False,False
6187,14,8,,4 - Box Ladders|Fences|Guardrail|Supports,False,False
4083,14,6,,4 - Box Ladders|Fences|Guardrail|Supports,False,False
6140,14,1,,4 - Box Ladders|Fences|Guardrail|Supports,False,False
2486,14,2,,4 - Box Ladders|Fences|Guardrail|Supports,False,False
3659,14,4,,4 - Box Arch | Bow,False,False
2877,14,8,,4 - Box Masonry | Brick | Log | Facet,False,False
35700,14,4,,4 - Box Storage|Chair|Barrel|Trash,False,False
4532,14,1,,4 - Box Storage|Chair|Barrel|Trash,False,False
3861b,14,1,,4 - Box Door|Large Window|Arch|Trap,False,False
60596,14,1,,4 - Box Door|Large Window|Arch|Trap,False,False
6231,14,2,,4 - Bin drawer Panel 1x1|1x2|2x2 Corner|Divider|Sides,False,False
4865b,14,1,,4 - Bin drawer Panel 1x2,False,False
4865a,14,4,,4 - Bin drawer Panel 1x2,False,False
43337,14,1,,4 - Bin drawer Panel 1x3 | 1x4,False,False
15207,14,6,,4 - Bin drawer Panel 1x3 | 1x4,False,False
14718pr0008,14,1,,4 - Box Panel 1x2x2 to 1x6x5,False,False
32028,14,9,,4 - Bin drawer Rail 1x2,False,False
6583,14,3,,4 - Box Ladders|Fences|Guardrail|Supports,False,False
4079,14,8,,4 - Box Storage|Chair|Barrel|Trash,False,False
4079b,14,6,,4 - Box Storage|Chair|Barrel|Trash,False,False
61409,14,1,,4 - Bin drawer Grille | Cheese grater,False,False
64448,14,1,,4 - Box Ladders|Fences|Guardrail|Supports,False,False
95347,14,2,,4 - Box Ladders|Fences|Guardrail|Supports,False,False
2412b,14,26,,4 - Bin drawer Grille | Cheese grater,False,False
60608,14,6,,4 - Box Window|Roof|Panel|Rock|Castle,False,False
